season,week,celebrity_name,p_mean,p_lo90,p_hi90,p_map,V_mean,V_map,accept_rate,scheme,eliminated_this_week,ci_width,rel_ci_width,mean_entropy
1,1,John O'Hurley,0.16679051037055562,0.06285846794027075,0.28869432947764834,0.16927079877664802,1667905.1037055561,1692707.9877664803,1.0,Rank,0,0.22583586153737759,1.3540090562445184,1.7083325785188759
1,1,Kelly Monaco,0.16454982699476123,0.0655402433447282,0.2812491038330231,0.1603720972826349,1645498.2699476122,1603720.972826349,1.0,Rank,0,0.2157088604882949,1.3109029916826496,1.7083325785188759
1,1,Evander Holyfield,0.16205011754807094,0.07165512656592307,0.29318173827839394,0.16820019679658665,1620501.1754807094,1682001.9679658664,1.0,Rank,0,0.22152661171247087,1.3670253071353478,1.7083325785188759
1,1,Rachel Hunter,0.16983382935884667,0.07222241038610072,0.28992309324990134,0.18166081964456438,1698338.2935884667,1816608.1964456437,1.0,Rank,0,0.21770068286380062,1.281845222978602,1.7083325785188759
1,1,Joey McIntyre,0.17024893055978046,0.07887741528960303,0.3032464018535933,0.16926988979484028,1702489.3055978047,1692698.897948403,1.0,Rank,0,0.2243689865639903,1.3178877883477003,1.7083325785188759
1,1,Trista Sutter,0.16652678516798491,0.07024703221576667,0.2915252351904373,0.15122619770472587,1665267.8516798492,1512261.9770472588,1.0,Rank,0,0.22127820297467066,1.3287844520114582,1.7083325785188759
1,2,John O'Hurley,0.16408497624751991,0.08558252389374894,0.26978882103234875,0.15967943254793723,1640849.762475199,1596794.3254793724,0.20990764063811923,Rank,0,0.18420629713859982,1.1226274418977102,1.7310332215682296
1,2,Kelly Monaco,0.18549306203778565,0.1120189988669521,0.2724012314439086,0.18328482243404134,1854930.6203778565,1832848.2243404135,0.20990764063811923,Rank,0,0.1603822325769565,0.8646265839543154,1.7310332215682296
1,2,Evander Holyfield,0.19947256119890153,0.13622085239000092,0.28177306454078,0.17349199909334725,1994725.6119890152,1734919.9909334725,0.20990764063811923,Rank,0,0.14555221215077907,0.7296853826709706,1.7310332215682296
1,2,Rachel Hunter,0.17174456107904224,0.0878532070425911,0.27311419315533453,0.18178676258559648,1717445.6107904224,1817867.6258559648,0.20990764063811923,Rank,0,0.18526098611274344,1.0787007457399511,1.7310332215682296
1,2,Joey McIntyre,0.17079273708472742,0.08945803622362027,0.2679830751753738,0.16078343562506747,1707927.370847274,1607834.3562506747,0.20990764063811923,Rank,0,0.17852503895175353,1.0452730133553059,1.7310332215682296
1,2,Trista Sutter,0.1084121023520229,0.05969045110135208,0.15552292863091013,0.1409735477140102,1084121.023520229,1409735.4771401018,0.20990764063811923,Rank,1,0.09583247752955806,0.8839647553220786,1.7310332215682296
1,3,John O'Hurley,0.18706082599054483,0.09055731690259025,0.2942482315889949,0.18468420148623063,1870608.2599054482,1846842.0148623064,0.3436426116838488,Rank,0,0.20369091468640463,1.0889020381889065,1.5604329058067319
1,3,Kelly Monaco,0.24347350084151118,0.16774117777777664,0.34558894599219836,0.2295488639818721,2434735.008415112,2295488.639818721,0.3436426116838488,Rank,0,0.17784776821442172,0.7304604714670428,1.5604329058067319
1,3,Evander Holyfield,0.16405597333436414,0.10405419927260742,0.2178796643730936,0.21339255974791846,1640559.7333436415,2133925.5974791846,0.3436426116838488,Rank,1,0.11382546510048619,0.693820912381516,1.5604329058067319
1,3,Rachel Hunter,0.19374799677495794,0.09812583321086407,0.3080611507117747,0.17252440049910187,1937479.9677495793,1725244.0049910187,0.3436426116838488,Rank,0,0.20993531750091063,1.0835483256363914,1.5604329058067319
1,3,Joey McIntyre,0.21166170305862206,0.12104623410789084,0.305056572510113,0.19984997428487686,2116617.030586221,1998499.7428487686,0.3436426116838488,Rank,0,0.18401033840222214,0.8693605680346361,1.5604329058067319
1,4,John O'Hurley,0.24365437720460337,0.17417534824950115,0.33349355475582465,0.22722763499854842,2436543.7720460338,2272276.349985484,0.23148148148148148,Rank,0,0.1593182065063235,0.6538696670839595,1.3434714565516268
1,4,Kelly Monaco,0.28198017316800883,0.18102542041287276,0.40138870006132943,0.2924301047938017,2819801.731680088,2924301.047938017,0.23148148148148148,Rank,0,0.22036327964845667,0.7814850142572268,1.3434714565516268
1,4,Rachel Hunter,0.17016802883230045,0.11042032893257743,0.23148315310169687,0.2164119689245928,1701680.2883230045,2164119.689245928,0.23148148148148148,Rank,1,0.12106282416911944,0.7114310778579102,1.3434714565516268
1,4,Joey McIntyre,0.3041974207950871,0.23385730806038446,0.39121003563234735,0.26393029128305706,3041974.207950871,2639302.9128305707,0.23148148148148148,Rank,0,0.1573527275719629,0.5172717347855442,1.3434714565516268
1,5,John O'Hurley,0.2987095461731032,0.18518237850387492,0.4257631215388578,0.28842871367828066,2987095.461731032,2884287.1367828064,0.4230118443316413,Rank,0,0.2405807430349829,0.8054002495640549,1.0736773944499036
1,5,Kelly Monaco,0.3947861718347907,0.30767463287769814,0.484707656416597,0.3574947999000366,3947861.718347907,3574947.999000366,0.4230118443316413,Rank,0,0.17703302353889888,0.44842762023838895,1.0736773944499036
1,5,Joey McIntyre,0.30650428199210633,0.22779522118350257,0.37849344733892765,0.3540764864216829,3065042.8199210633,3540764.8642168287,0.4230118443316413,Rank,1,0.15069822615542508,0.4916676046937124,1.0736773944499036
2,1,Tatum O'Neal,0.10118751035582464,0.04106783975881977,0.17702907299197346,0.08269092797636675,1011875.1035582464,826909.2797636675,0.2597402597402597,Rank,0,0.13596123323315368,1.3436562749201721,2.2153268455736552
2,1,Tia Carrere,0.10391209660667547,0.044895077843117796,0.17931192910109084,0.0957269698393027,1039120.9660667547,957269.6983930271,0.2597402597402597,Rank,0,0.13441685125797304,1.2935630754017324,2.2153268455736552
2,1,George Hamilton,0.10807176555091944,0.05098560452426271,0.17717223273495955,0.11658573409892867,1080717.6555091944,1165857.3409892868,0.2597402597402597,Rank,0,0.12618662821069684,1.1676188277986663,2.2153268455736552
2,1,Lisa Rinna,0.10724264018804866,0.052877302488005096,0.17829045321276657,0.13375347328936438,1072426.4018804866,1337534.7328936437,0.2597402597402597,Rank,0,0.12541315072476147,1.1694336367031906,2.2153268455736552
2,1,Stacy Keibler,0.1006099273570917,0.04438447002456037,0.17584316127141308,0.11512967688002207,1006099.2735709171,1151296.7688002207,0.2597402597402597,Rank,0,0.13145869124685272,1.3066174949144973,2.2153268455736552
2,1,Jerry Rice,0.10028642046267258,0.040722520607230965,0.18135819377572546,0.07783304821034015,1002864.2046267259,778330.4821034014,0.2597402597402597,Rank,0,0.14063567316849448,1.40234014256038,2.2153268455736552
2,1,Giselle Fernandez,0.09956797878647436,0.03713660909237786,0.17885572026511493,0.07785066529728502,995679.7878647436,778506.6529728501,0.2597402597402597,Rank,0,0.14171911117273706,1.4233402435200246,2.2153268455736552
2,1,Master P,0.12062675278836474,0.07026525969090505,0.19271760904946644,0.10835850156460677,1206267.5278836475,1083585.0156460677,0.2597402597402597,Rank,0,0.12245234935856139,1.0151342594241892,2.2153268455736552
2,1,Drew Lachey,0.09867876106590197,0.040358669429401986,0.17624555813484605,0.10595612720646194,986787.6106590197,1059561.2720646195,0.2597402597402597,Rank,0,0.13588688870544408,1.3770631819616472,2.2153268455736552
2,1,Kenny Mayne,0.059816146838026184,0.03113511001674134,0.09077195909542794,0.08611487563732145,598161.4683802618,861148.7563732145,0.2597402597402597,Rank,1,0.059636849078686605,0.9970025190718972,2.2153268455736552
2,2,Tatum O'Neal,0.06790530385492134,0.030518725952398296,0.10844283831986161,0.08028937064901359,679053.0385492134,802893.7064901359,0.390625,Rank,1,0.07792411236746331,1.1475408833151974,2.0968806689963495
2,2,Tia Carrere,0.11611178761514404,0.0450762386807309,0.21933668146941795,0.1067197827664054,1161117.8761514404,1067197.827664054,0.390625,Rank,0,0.17426044278868705,1.5007988970618422,2.0968806689963495
2,2,George Hamilton,0.12123093594546755,0.0533780476385457,0.2051644500078697,0.13982959578289458,1212309.3594546756,1398295.957828946,0.390625,Rank,0,0.151786402369324,1.2520434754178669,2.0968806689963495
2,2,Lisa Rinna,0.1231558667395002,0.05937625822366072,0.21461570926010132,0.112416510591828,1231558.667395002,1124165.10591828,0.390625,Rank,0,0.1552394510364406,1.2605120255034519,2.0968806689963495
2,2,Stacy Keibler,0.10881391872851838,0.04196197438979769,0.1986105292531196,0.11469633810155583,1088139.1872851837,1146963.3810155583,0.390625,Rank,0,0.1566485548633219,1.4396003442734835,2.0968806689963495
2,2,Jerry Rice,0.10499967453129981,0.03826815036979799,0.1885276338046072,0.10869148936263406,1049996.745312998,1086914.8936263407,0.390625,Rank,0,0.1502594834348092,1.4310471351986684,2.0968806689963495
2,2,Giselle Fernandez,0.10623247248562952,0.03805391900314173,0.195850592581264,0.1212907309281418,1062324.7248562952,1212907.309281418,0.390625,Rank,0,0.15779667357812227,1.4853902002466153,2.0968806689963495
2,2,Master P,0.14400591540482197,0.07350327364148057,0.2376779829078031,0.12158282763762017,1440059.1540482196,1215828.2763762018,0.390625,Rank,0,0.16417470926632252,1.1400553151223205,2.0968806689963495
2,2,Drew Lachey,0.10754412469469711,0.03824176415557446,0.2014754657306954,0.09448335417990678,1075441.2469469712,944833.5417990678,0.390625,Rank,0,0.16323370157512096,1.5178300259406905,2.0968806689963495
2,3,Tia Carrere,0.12411283381717628,0.05536403075621033,0.21947430819340324,0.14270136663322042,1241128.3381717629,1427013.6663322041,0.20383204239706482,Rank,0,0.16411027743719292,1.3222667824903156,1.9866141316219692
2,3,George Hamilton,0.1386333321118053,0.07273723660974256,0.22706007468143186,0.11682317946010981,1386333.321118053,1168231.7946010982,0.20383204239706482,Rank,0,0.15432283807168928,1.1131726816407375,1.9866141316219692
2,3,Lisa Rinna,0.13053598845919404,0.06141194503312849,0.22161055087174067,0.14238723594455494,1305359.8845919403,1423872.3594455493,0.20383204239706482,Rank,0,0.16019860583861217,1.2272370840374858,1.9866141316219692
2,3,Stacy Keibler,0.11366798845775132,0.04957449689299892,0.20055666754125465,0.08234981981604729,1136679.8845775132,823498.1981604729,0.20383204239706482,Rank,0,0.15098217064825573,1.3282734452925902,1.9866141316219692
2,3,Jerry Rice,0.14179441740417384,0.0822359361241597,0.22698888266589567,0.13318246039420906,1417944.1740417385,1331824.6039420906,0.20383204239706482,Rank,0,0.14475294654173598,1.0208649197318473,1.9866141316219692
2,3,Giselle Fernandez,0.0656874900899595,0.030225070529098858,0.09974019237149576,0.11244050728118271,656874.900899595,1124405.072811827,0.20383204239706482,Rank,1,0.0695151218423969,1.058270330426622,1.9866141316219692
2,3,Master P,0.17137316872837471,0.10746107580005831,0.2542793020702236,0.1527176785123089,1713731.6872837471,1527176.785123089,0.20383204239706482,Rank,0,0.14681822627016528,0.856716528961842,1.9866141316219692
2,3,Drew Lachey,0.11419478093156492,0.04339712587789181,0.21270561462496904,0.11739775195836684,1141947.809315649,1173977.5195836683,0.20383204239706482,Rank,0,0.1693084887470772,1.482628955245696,1.9866141316219692
2,4,Tia Carrere,0.14830800379301962,0.07036029947895456,0.24228223393183468,0.16358606477513193,1483080.0379301962,1635860.6477513195,0.28058361391694725,Rank,0,0.17192193445288012,1.1592222270944754,1.8693340647459014
2,4,George Hamilton,0.17443942030448487,0.09554492578159507,0.2646541441254213,0.18256892457776525,1744394.2030448487,1825689.2457776524,0.28058361391694725,Rank,0,0.16910921834382625,0.9694438220939124,1.8693340647459014
2,4,Lisa Rinna,0.1411314264256702,0.06329671443957559,0.2433701929248096,0.12113074835766553,1411314.264256702,1211307.4835766554,0.28058361391694725,Rank,0,0.18007347848523403,1.2759275736511702,1.8693340647459014
2,4,Stacy Keibler,0.12258300649689126,0.04541346002544149,0.21284737040860321,0.12576401289582995,1225830.0649689126,1257640.1289582995,0.28058361391694725,Rank,0,0.16743391038316172,1.36588190458037,1.8693340647459014
2,4,Jerry Rice,0.16659931402803654,0.09244722132357716,0.25410031644722886,0.14707482876992597,1665993.1402803655,1470748.2876992598,0.28058361391694725,Rank,0,0.1616530951236517,0.9703106886529409,1.8693340647459014
2,4,Master P,0.12444450807119785,0.0723057162751333,0.18169386346087227,0.16115015640068134,1244445.0807119785,1611501.5640068133,0.28058361391694725,Rank,1,0.10938814718573897,0.8790114476016511,1.8693340647459014
2,4,Drew Lachey,0.12249432088069943,0.045827866232629966,0.21821615763912938,0.09872526422300008,1224943.2088069944,987252.6422300008,0.28058361391694725,Rank,0,0.17238829140649942,1.4073166018397953,1.8693340647459014
2,5,Tia Carrere,0.14080277885827316,0.07704759644973923,0.20423683300128412,0.15622764724992705,1408027.7885827317,1562276.4724992705,0.6459948320413437,Rank,1,0.1271892365515449,0.903314817952342,1.721277971143132
2,5,George Hamilton,0.20355372960933307,0.1183800750807504,0.30417864405710504,0.20698952012957603,2035537.2960933307,2069895.2012957602,0.6459948320413437,Rank,0,0.18579856897635466,0.912774083446888,1.721277971143132
2,5,Lisa Rinna,0.1664960805265706,0.08023188552147886,0.2587602110316444,0.1478162745862755,1664960.805265706,1478162.745862755,0.6459948320413437,Rank,0,0.17852832551016556,1.072267436840201,1.721277971143132
2,5,Stacy Keibler,0.1363335506200857,0.05502783366070682,0.23005272705248295,0.16464793352599813,1363335.506200857,1646479.3352599812,0.6459948320413437,Rank,0,0.17502489339177613,1.283799127916134,1.721277971143132
2,5,Jerry Rice,0.21205960733357146,0.13484875069082647,0.3129292527328451,0.20441429206896164,2120596.0733357146,2044142.9206896164,0.6459948320413437,Rank,0,0.17808050204201864,0.8397662538434139,1.721277971143132
2,5,Drew Lachey,0.14075425305216624,0.061828859496419974,0.23726918973464117,0.11990433243926167,1407542.5305216624,1199043.3243926167,0.6459948320413437,Rank,0,0.1754403302382212,1.2464300469357728,1.721277971143132
2,6,George Hamilton,0.18377930715817817,0.12088622430762988,0.2529190511724492,0.2209643102663049,1837793.0715817816,2209643.102663049,0.361794500723589,Rank,1,0.13203282686481935,0.7184314105133675,1.5477916089427934
2,6,Lisa Rinna,0.21555281760894052,0.12760850090085848,0.31374451720485874,0.2164419117791568,2155528.176089405,2164419.117791568,0.361794500723589,Rank,0,0.18613601630400026,0.8635285697897547,1.5477916089427934
2,6,Stacy Keibler,0.16154691538507707,0.07526661508599122,0.26105678612783106,0.1601704923421974,1615469.1538507706,1601704.923421974,0.361794500723589,Rank,0,0.18579017104183984,1.1500694432881895,1.5477916089427934
2,6,Jerry Rice,0.27746643939325805,0.1951947257780519,0.3701792616610377,0.24422010024794305,2774664.3939325805,2442201.0024794303,0.361794500723589,Rank,0,0.17498453588298582,0.6306511744830414,1.5477916089427934
2,6,Drew Lachey,0.16165452045454612,0.07905583629100399,0.26502565832682934,0.15820318536439787,1616545.204545461,1582031.8536439787,0.361794500723589,Rank,0,0.18596982203582535,1.1504152281848263,1.5477916089427934
2,7,Lisa Rinna,0.20126269167373093,0.137528212271718,0.2552901006677882,0.22579558605328812,2012626.9167373092,2257955.860532881,0.37147102526002973,Rank,1,0.11776188839607019,0.5851153406363819,1.3317009844012433
2,7,Stacy Keibler,0.22513460067993812,0.11568190756552009,0.33693639035871004,0.2294716457169126,2251346.006799381,2294716.457169126,0.37147102526002973,Rank,0,0.22125448279318993,0.9827653418220491,1.3317009844012433
2,7,Jerry Rice,0.34956269101260806,0.2512560197436282,0.4655489403082784,0.337230705322155,3495626.9101260807,3372307.05322155,0.37147102526002973,Rank,0,0.2142929205646502,0.6130314420680584,1.3317009844012433
2,7,Drew Lachey,0.22404001663372322,0.1202462137286019,0.32744091174863216,0.20750206290764425,2240400.166337232,2075020.6290764424,0.37147102526002973,Rank,0,0.20719469802003027,0.9248111169299148,1.3317009844012433
3,1,Harry Hamlin,0.09870592342110589,0.04606578266949805,0.1661173038047008,0.07006806861805671,987059.2342110588,700680.6861805671,0.3494060097833683,Percent,0,0.12005152113520276,1.216254475661312,2.311049677646571
3,1,Vivica A. Fox,0.09493177053898891,0.04057142040004192,0.17033218132696093,0.07981417483539113,949317.7053898891,798141.7483539113,0.3494060097833683,Percent,0,0.12976076092691902,1.3668844496440282,2.311049677646571
3,1,Monique Coleman,0.09293742889697672,0.040614485497547065,0.1619624038144671,0.11505711389737214,929374.2889697672,1150571.1389737213,0.3494060097833683,Percent,0,0.12134791831692004,1.3056948073250123,2.311049677646571
3,1,Joey Lawrence,0.09341344235867888,0.037395486023700894,0.17605883885145587,0.07022070294766698,934134.4235867888,702207.0294766698,0.3494060097833683,Percent,0,0.138663352827755,1.4844046994364086,2.311049677646571
3,1,Mario Lopez,0.09522180293589914,0.04090976317903394,0.16182869342346862,0.11696932808678061,952218.0293589914,1169693.2808678062,0.3494060097833683,Percent,0,0.12091893024443467,1.2698660024935065,2.311049677646571
3,1,Emmitt Smith,0.0901636391632469,0.039617245783987745,0.15928328501701536,0.08853009660438386,901636.391632469,885300.9660438386,0.3494060097833683,Percent,0,0.11966603923302761,1.3272095086619649,2.311049677646571
3,1,Shanna Moakler,0.09650785047738861,0.04550606833887766,0.1618191859808408,0.10867821098408315,965078.5047738861,1086782.1098408315,0.3494060097833683,Percent,0,0.11631311764196314,1.2052192341514727,2.311049677646571
3,1,Willa Ford,0.08666191496651485,0.03772000808553263,0.1508000135622385,0.0839429901487486,866619.1496651485,839429.9014874861,0.3494060097833683,Percent,0,0.11308000547670585,1.3048408348742195,2.311049677646571
3,1,Sara Evans,0.09910784079245027,0.048909172945201744,0.16197452403303558,0.08915454748577063,991078.4079245027,891545.4748577063,0.3494060097833683,Percent,0,0.11306535108783383,1.1408315445456338,2.311049677646571
3,1,Jerry Springer,0.09644875522884663,0.04752965998899851,0.15837710118149267,0.08989191095787916,964487.5522884664,898919.1095787915,0.3494060097833683,Percent,0,0.11084744119249416,1.1492884582023206,2.311049677646571
3,1,Tucker Carlson,0.0558996312199029,0.026996329366351574,0.08192107965977422,0.08767285543386706,558996.312199029,876728.5543386706,0.3494060097833683,Percent,1,0.05492475029342264,0.9825601545984233,2.311049677646571
3,2,Harry Hamlin,0.11208041692052345,0.05590672253939854,0.18629536147913844,0.11786594364700638,1120804.1692052346,1178659.4364700639,0.10615711252653928,Percent,0,0.1303886389397399,1.1633489821169996,2.198192742347888
3,2,Vivica A. Fox,0.10495630072127277,0.046152170013104975,0.18421450730890715,0.13633450993561616,1049563.0072127276,1363345.0993561617,0.10615711252653928,Percent,0,0.13806233729580217,1.315426861913202,2.198192742347888
3,2,Monique Coleman,0.09892730635297747,0.04443478133260503,0.17426374663865193,0.09803287470738503,989273.0635297748,980328.7470738504,0.10615711252653928,Percent,0,0.1298289653060469,1.3123673340787305,2.198192742347888
3,2,Joey Lawrence,0.09802087427182768,0.03398518896249882,0.18671775068698906,0.11590650420542872,980208.7427182768,1159065.0420542872,0.10615711252653928,Percent,0,0.15273256172449023,1.5581636346247865,2.198192742347888
3,2,Mario Lopez,0.11043770902860658,0.057136633310863535,0.1917336263348015,0.09844734510909221,1104377.0902860658,984473.4510909221,0.10615711252653928,Percent,0,0.13459699302393796,1.2187593731147883,2.198192742347888
3,2,Emmitt Smith,0.10309262908163375,0.04631692555360164,0.18712951637982483,0.07280603216100356,1030926.2908163375,728060.3216100356,0.10615711252653928,Percent,0,0.1408125908262232,1.3658841769834091,2.198192742347888
3,2,Shanna Moakler,0.041835064035748,0.0200710132044932,0.06416283389736636,0.06941635126797718,418350.64035748,694163.5126797719,0.10615711252653928,Percent,1,0.044091820692873165,1.0539441425306955,2.198192742347888
3,2,Willa Ford,0.0988035268156456,0.0455072753177977,0.17808979995522137,0.06622447979333501,988035.268156456,662244.7979333501,0.10615711252653928,Percent,0,0.13258252463742368,1.341880486562036,2.198192742347888
3,2,Sara Evans,0.11498141899908954,0.05590647987937834,0.20234135377414506,0.11442895629607819,1149814.1899908953,1144289.5629607819,0.10615711252653928,Percent,0,0.14643487389476673,1.2735525023910712,2.198192742347888
3,2,Jerry Springer,0.11686475377267525,0.06284253759720769,0.19087561261778366,0.1105370028770776,1168647.5377267525,1105370.028770776,0.10615711252653928,Percent,0,0.12803307502057598,1.0955662069816645,2.198192742347888
3,3,Harry Hamlin,0.04958809680053351,0.023868587930606703,0.07398259270694531,0.0842290260184955,495880.96800533513,842290.260184955,0.103498240529911,Percent,1,0.05011400477633861,1.0106055285388456,2.100268901130023
3,3,Vivica A. Fox,0.11329918686883327,0.048402530821271494,0.19746922031070713,0.10453669788413678,1132991.8686883326,1045366.9788413678,0.103498240529911,Percent,0,0.14906668948943563,1.3156907265540263,2.100268901130023
3,3,Monique Coleman,0.10669089013171616,0.04549412845615316,0.19305738588849436,0.08002246702390942,1066908.9013171615,800224.6702390942,0.103498240529911,Percent,0,0.1475632574323412,1.383091445297398,2.100268901130023
3,3,Joey Lawrence,0.11227999790443381,0.05659552973659998,0.191135112687726,0.1006666176853766,1122799.9790443382,1006666.1768537661,0.103498240529911,Percent,0,0.13453958295112603,1.1982506720888815,2.100268901130023
3,3,Mario Lopez,0.12414859167604515,0.06228963710150982,0.2090653659529754,0.13374332471442182,1241485.9167604516,1337433.2471442183,0.103498240529911,Percent,0,0.14677572885146556,1.1822585086946773,2.100268901130023
3,3,Emmitt Smith,0.1274809466693459,0.06774110607573547,0.21094730943286227,0.14015478045468885,1274809.4666934588,1401547.8045468885,0.103498240529911,Percent,0,0.1432062033571268,1.1233537802991715,2.100268901130023
3,3,Willa Ford,0.11576328837638193,0.056268882258474706,0.2103329255207776,0.08620837147580407,1157632.8837638192,862083.7147580407,0.103498240529911,Percent,0,0.15406404326230289,1.3308540680132848,2.100268901130023
3,3,Sara Evans,0.12178125282516497,0.05267884722763105,0.2119269091722946,0.12072571822388029,1217812.5282516498,1207257.1822388028,0.103498240529911,Percent,0,0.15924806194466354,1.3076566240724072,2.100268901130023
3,3,Jerry Springer,0.12896774874754516,0.06984334228965014,0.22545762713025044,0.1497129965192866,1289677.4874754515,1497129.965192866,0.103498240529911,Percent,0,0.1556142848406003,1.2066139507887033,2.100268901130023
3,4,Vivica A. Fox,0.05803525382579817,0.028759433806022545,0.08968661375759396,0.09549079468664427,580352.5382579817,954907.9468664427,0.16123831022250887,Percent,1,0.06092717995157142,1.0498305070647889,1.9915933138503032
3,4,Monique Coleman,0.12405548598212948,0.0650095796942631,0.20625911517889747,0.12503468857359332,1240554.859821295,1250346.8857359332,0.16123831022250887,Percent,0,0.14124953548463437,1.1385996706746346,1.9915933138503032
3,4,Joey Lawrence,0.12065790195783456,0.058376530501440586,0.20986971954259592,0.12119823267810542,1206579.0195783456,1211982.3267810543,0.16123831022250887,Percent,0,0.15149318904115533,1.2555596159304723,1.9915933138503032
3,4,Mario Lopez,0.12903441163434623,0.06609143668123986,0.21739212353196935,0.13581742751029646,1290344.1163434624,1358174.2751029646,0.16123831022250887,Percent,0,0.1513006868507295,1.1725607528593285,1.9915933138503032
3,4,Emmitt Smith,0.14611387497267547,0.07370468338794774,0.2382200507263961,0.12879902828295817,1461138.7497267546,1287990.2828295818,0.16123831022250887,Percent,0,0.16451536733844835,1.1259393905555795,1.9915933138503032
3,4,Willa Ford,0.1290939438995925,0.05808900386198858,0.21737809830259847,0.1365558571152261,1290939.438995925,1365558.571152261,0.16123831022250887,Percent,0,0.1592890944406099,1.233900596952114,1.9915933138503032
3,4,Sara Evans,0.1439625112031577,0.0842982727865556,0.23026337097799782,0.12410437960826626,1439625.112031577,1241043.7960826627,0.16123831022250887,Percent,0,0.1459650981914422,1.0139104755227455,1.9915933138503032
3,4,Jerry Springer,0.1490466165244664,0.0814081519501068,0.24112651097882976,0.13299959154490984,1490466.165244664,1329995.9154490985,0.16123831022250887,Percent,0,0.15971835902872294,1.071600031943729,1.9915933138503032
3,5,Monique Coleman,0.15544642086556112,0.0971435772383946,0.23878329365741574,0.14856700028952718,1554464.2086556111,1485670.0028952719,0.04482294935006723,Percent,0,0.14163971641902112,0.911180300133891,1.8754706419287708
3,5,Joey Lawrence,0.1609925785728218,0.10598964455340257,0.23787461394525278,0.13989403254971244,1609925.7857282178,1398940.3254971243,0.04482294935006723,Percent,0,0.1318849693918502,0.8191990622238197,1.8754706419287708
3,5,Mario Lopez,0.15598918362385997,0.09429174543102145,0.23538609327114415,0.152309325966921,1559891.8362385996,1523093.25966921,0.04482294935006723,Percent,0,0.1410943478401227,0.904513662821305,1.8754706419287708
3,5,Emmitt Smith,0.173123031883342,0.1089871474236415,0.26811004075303674,0.16179486565305445,1731230.3188334198,1617948.6565305446,0.04482294935006723,Percent,0,0.15912289332939522,0.919131854371747,1.8754706419287708
3,5,Willa Ford,0.08049186017067653,0.047075205295382956,0.11398279952174487,0.1213643392089576,804918.6017067652,1213643.392089576,0.04482294935006723,Percent,1,0.06690759422636192,0.8312342898336519,1.8754706419287708
3,5,Sara Evans,0.09467691251905569,0.05643818703272629,0.129004675186813,0.12987650540294907,946769.1251905569,1298765.0540294906,0.04482294935006723,Percent,1,0.0725664881540867,0.7664644549903462,1.8754706419287708
3,5,Jerry Springer,0.1792800123646828,0.11940753929209198,0.26990320191044104,0.1461939309288783,1792800.123646828,1461939.309288783,0.04482294935006723,Percent,0,0.15049566261834907,0.8394447358259771,1.8754706419287708
3,6,Monique Coleman,0.19186283068089963,0.09720253270665687,0.30581516445242635,0.1912031436402371,1918628.3068089962,1912031.4364023712,1.0,Percent,0,0.2086126317457695,1.0873009170427994,1.560293607408851
3,6,Joey Lawrence,0.19150936388387885,0.10590088875979754,0.2897694847513741,0.1757455033901137,1915093.6388387885,1757455.0339011368,1.0,Percent,0,0.18386859599157657,0.9601023796573455,1.560293607408851
3,6,Mario Lopez,0.18902893854838962,0.09462226080260909,0.29030243294308056,0.1989577164951303,1890289.3854838961,1989577.164951303,1.0,Percent,0,0.19568017214047145,1.0351863246080661,1.560293607408851
3,6,Emmitt Smith,0.21091470690841546,0.11614947281605366,0.3261708431097275,0.20430855196882214,2109147.0690841544,2043085.5196882214,1.0,Percent,0,0.21002137029367385,0.9957644650397494,1.560293607408851
3,6,Jerry Springer,0.2166841599784164,0.1127972537119884,0.3346314146786631,0.22978508450569685,2166841.5997841638,2297850.8450569683,1.0,Percent,0,0.2218341609666747,1.0237673163962298,1.560293607408851
3,7,Monique Coleman,0.21587272131233431,0.13973146041221826,0.3260605989832795,0.18300593470400525,2158727.213123343,1830059.3470400525,0.2680965147453083,Percent,0,0.18632913857106123,0.8631435108536567,1.5651374407901566
3,7,Joey Lawrence,0.20549261998812884,0.12747371570628385,0.3000198584549059,0.190342290244252,2054926.1998812885,1903422.90244252,0.2680965147453083,Percent,0,0.17254614274862207,0.8396707519646688,1.5651374407901566
3,7,Mario Lopez,0.20354775379934106,0.12410415737940945,0.31289566368187866,0.19597172921646672,2035477.5379934106,1959717.2921646673,0.2680965147453083,Percent,0,0.18879150630246921,0.9275047392003222,1.5651374407901566
3,7,Emmitt Smith,0.22972116992195943,0.14547589289818666,0.33740343587810956,0.22652706393001257,2297211.6992195942,2265270.6393001257,0.2680965147453083,Percent,0,0.1919275429799229,0.8354804350209616,1.5651374407901566
3,7,Jerry Springer,0.14536573497823643,0.09177868534933391,0.18950072738984236,0.2041529819052634,1453657.3497823644,2041529.819052634,0.2680965147453083,Percent,1,0.09772204204050845,0.6722494957641771,1.5651374407901566
3,8,Monique Coleman,0.1792667287785899,0.12429173017173184,0.22489324977437364,0.24167679827488395,1792667.2877858991,2416767.9827488395,0.28935185185185186,Percent,1,0.1006015196026418,0.5611834403856026,1.3507149684949968
3,8,Joey Lawrence,0.2729003491269977,0.18920177193236154,0.3729375980361914,0.24048498878034014,2729003.491269977,2404849.8878034013,0.28935185185185186,Percent,0,0.18373582610382988,0.6732707623555515,1.3507149684949968
3,8,Mario Lopez,0.2599808125097826,0.18352692394171985,0.35666689267319074,0.23706313710922897,2599808.125097826,2370631.3710922897,0.28935185185185186,Percent,0,0.1731399687314709,0.6659721040950126,1.3507149684949968
3,8,Emmitt Smith,0.2878521095846295,0.2018946628817657,0.3970895331349815,0.28077507583554684,2878521.095846295,2807750.7583554685,0.28935185185185186,Percent,0,0.19519487025321583,0.6781081803947241,1.3507149684949968
3,9,Joey Lawrence,0.262125487643674,0.19319106319701912,0.3175061257869154,0.32429246713931337,2621254.87643674,3242924.6713931337,0.3331112591605596,Percent,1,0.12431506258989627,0.474257820967363,1.075280149783196
3,9,Mario Lopez,0.35842060745355747,0.2911553990943004,0.4679236020616397,0.32485522938851824,3584206.0745355748,3248552.2938851826,0.3331112591605596,Percent,0,0.1767682029673393,0.49318649455791724,1.075280149783196
3,9,Emmitt Smith,0.37945390490276854,0.2956842854999979,0.4699753339538954,0.3508523034721684,3794539.0490276855,3508523.0347216837,0.3331112591605596,Percent,0,0.17429104845389748,0.459320740153031,1.075280149783196
4,1,John Ratzenberger,0.09259899967860513,0.0402370044958088,0.16874443353662535,0.08436548785304501,925989.9967860513,843654.8785304502,1.0,Percent,0,0.12850742904081655,1.387784203791005,2.3096458289307433
4,1,Ian Ziering,0.09245354368433431,0.0351655611935138,0.171554293476939,0.10517801018512452,924535.4368433431,1051780.1018512452,1.0,Percent,0,0.1363887322834252,1.4752136786568133,2.3096458289307433
4,1,Clyde Drexler,0.08963906977999304,0.04100734954080582,0.15488719202876192,0.08467531149185005,896390.6977999305,846753.1149185005,1.0,Percent,0,0.1138798424879561,1.2704264197236623,2.3096458289307433
4,1,Laila Ali,0.09080957449069792,0.04045001940824244,0.1629981179066863,0.1019096635397723,908095.7449069791,1019096.635397723,1.0,Percent,0,0.12254809849844386,1.3495063619199876,2.3096458289307433
4,1,Apolo Anton Ohno,0.091355524703136,0.03780448796639,0.16195638543243782,0.09297546382198726,913555.24703136,929754.6382198726,1.0,Percent,0,0.12415189746604782,1.3589971473480684,2.3096458289307433
4,1,Shandi Finnessey,0.0891492702244157,0.036557760397119124,0.1634185904744254,0.10210783614099908,891492.702244157,1021078.3614099908,1.0,Percent,0,0.12686083007730625,1.4230159120535608,2.3096458289307433
4,1,Paulina Porizkova,0.08909704528539986,0.03833121043179577,0.1529841721606004,0.11189564320828163,890970.4528539985,1118956.4320828163,1.0,Percent,0,0.11465296172880463,1.2868323675778792,2.3096458289307433
4,1,Heather Mills,0.09109626623055922,0.03721272855553003,0.16376834372677168,0.058121264392386546,910962.6623055922,581212.6439238655,1.0,Percent,0,0.12655561517124164,1.3892513975373801,2.3096458289307433
4,1,Billy Ray Cyrus,0.09050298506961944,0.037219582055422085,0.16402362176759167,0.09977276739351158,905029.8506961945,997727.6739351158,1.0,Percent,0,0.12680403971216958,1.4011033958120336,2.3096458289307433
4,1,Joey Fatone,0.09240593336559673,0.035970208255250984,0.16744298949211606,0.08194866264207397,924059.3336559673,819486.6264207397,1.0,Percent,0,0.13147278123686507,1.4227742359000202,2.3096458289307433
4,1,Leeza Gibbons,0.09089178748764237,0.038248992864850964,0.15699811928863286,0.07704988933096817,908917.8748764237,770498.8933096817,1.0,Percent,0,0.1187491264237819,1.3064890647015497,2.3096458289307433
4,2,John Ratzenberger,0.09669907633386522,0.04239552614360461,0.17772128422952055,0.07876784763940557,966990.7633386522,787678.4763940558,0.11020498126515318,Percent,0,0.13532575808591593,1.3994524375671122,2.273588494726786
4,2,Ian Ziering,0.0984745360873297,0.039012667664212755,0.18292573172178725,0.08783400721349219,984745.360873297,878340.0721349219,0.11020498126515318,Percent,0,0.14391306405757448,1.46142413841837,2.273588494726786
4,2,Clyde Drexler,0.1038361994338405,0.05320001803710568,0.17776746670398388,0.12157211591978852,1038361.994338405,1215721.159197885,0.11020498126515318,Percent,0,0.1245674486668782,1.1996533901093585,2.273588494726786
4,2,Laila Ali,0.09612996353676916,0.032524775618646716,0.17914926211236876,0.06647215471897686,961299.6353676915,664721.5471897685,0.11020498126515318,Percent,0,0.14662448649372203,1.5252735057747007,2.273588494726786
4,2,Apolo Anton Ohno,0.08927238685850032,0.03300376404402289,0.16815537849266268,0.09136020742259729,892723.8685850032,913602.0742259729,0.11020498126515318,Percent,0,0.1351516144486398,1.5139240610073479,2.273588494726786
4,2,Shandi Finnessey,0.09798503422247107,0.0443188731910069,0.18035113621863152,0.09156309002676756,979850.3422247107,915630.9002676756,0.11020498126515318,Percent,0,0.1360322630276246,1.388296326138631,2.273588494726786
4,2,Paulina Porizkova,0.03311621349104951,0.013912265771839993,0.0527180135187206,0.07522247968010362,331162.13491049514,752224.7968010362,0.11020498126515318,Percent,1,0.03880574774688061,1.1718050965388551,2.273588494726786
4,2,Heather Mills,0.09608827107781916,0.03700942929261233,0.18369218936066128,0.083555324032168,960882.7107781916,835553.2403216801,0.11020498126515318,Percent,0,0.14668276006804895,1.52654177687571,2.273588494726786
4,2,Billy Ray Cyrus,0.09398749790511572,0.03848765227479067,0.17925970098705296,0.10505337199231424,939874.9790511573,1050533.7199231423,0.11020498126515318,Percent,0,0.1407720487122623,1.4977741917800333,2.273588494726786
4,2,Joey Fatone,0.09658715953900959,0.03756529015889784,0.18445117390383436,0.11133016950428495,965871.595390096,1113301.6950428495,0.11020498126515318,Percent,0,0.14688588374493652,1.5207599482787595,2.273588494726786
4,2,Leeza Gibbons,0.09782366151423001,0.04146577319285476,0.18078287838302534,0.08726923185010116,978236.6151423001,872692.3185010116,0.11020498126515318,Percent,0,0.1393171051901706,1.4241657185353331,2.273588494726786
4,3,John Ratzenberger,0.11385675714775281,0.05496098957313602,0.20484175226642973,0.09151395048623061,1138567.5714775282,915139.504862306,0.10850694444444445,Percent,0,0.1498807626932937,1.3163976073795274,2.191557234279644
4,3,Ian Ziering,0.10439152656195277,0.04502127538347176,0.1931561452601387,0.09221019868199705,1043915.2656195278,922101.9868199705,0.10850694444444445,Percent,0,0.14813486987666694,1.4190315512701501,2.191557234279644
4,3,Clyde Drexler,0.12321557831830081,0.06957250321528892,0.20906100619715792,0.10463971139394626,1232155.7831830082,1046397.1139394626,0.10850694444444445,Percent,0,0.139488502981869,1.1320687277182646,2.191557234279644
4,3,Laila Ali,0.10947045238779872,0.050223340966037575,0.1989144401383944,0.10664997132940476,1094704.5238779872,1066499.7132940476,0.10850694444444445,Percent,0,0.14869109917235684,1.3582761003454988,2.191557234279644
4,3,Apolo Anton Ohno,0.09408087685381321,0.03927846965653239,0.16382829822441197,0.10708017163480663,940808.7685381321,1070801.7163480662,0.10850694444444445,Percent,0,0.12454982856787958,1.323859138360395,2.191557234279644
4,3,Shandi Finnessey,0.040703869642069984,0.019165824550527535,0.06335758487692238,0.06685500711492717,407038.6964206998,668550.0711492717,0.10850694444444445,Percent,1,0.04419176032639484,1.085689412701929,2.191557234279644
4,3,Heather Mills,0.10098992576570012,0.042286931418144,0.18681737775213744,0.0915933454203094,1009899.2576570013,915933.454203094,0.10850694444444445,Percent,0,0.14453044633399345,1.4311372667934101,2.191557234279644
4,3,Billy Ray Cyrus,0.10541591033525965,0.04973367015046804,0.1941001296257172,0.11860685413392978,1054159.1033525965,1186068.5413392978,0.10850694444444445,Percent,0,0.14436645947524918,1.36949402624436,2.191557234279644
4,3,Joey Fatone,0.10519018513559489,0.04428482967200428,0.18553838644858558,0.08956887030436214,1051901.851355949,895688.7030436214,0.10850694444444445,Percent,0,0.1412535567765813,1.3428397011993,2.191557234279644
4,3,Leeza Gibbons,0.10268491785175693,0.044863374471918946,0.19152211896280624,0.13128191950008636,1026849.1785175693,1312819.1950008636,0.10850694444444445,Percent,0,0.14665874449088728,1.4282403643991226,2.191557234279644
4,4,John Ratzenberger,0.13189968317684125,0.06800637151349737,0.22104267008136005,0.1374658335119745,1318996.8317684126,1374658.335119745,0.3061849357011635,Percent,0,0.1530362985678627,1.1602476585382169,2.0976664083660026
4,4,Ian Ziering,0.11384678372397228,0.04596967434678475,0.20308937919352302,0.09691686590238349,1138467.8372397227,969168.659023835,0.3061849357011635,Percent,0,0.15711970484673826,1.3800978798635501,2.0976664083660026
4,4,Clyde Drexler,0.14302033886189897,0.07824465465882724,0.23592387732793857,0.13042473245527075,1430203.3886189896,1304247.3245527076,0.3061849357011635,Percent,0,0.15767922266911133,1.1024950991157072,2.0976664083660026
4,4,Laila Ali,0.12030635394648188,0.054003523590152314,0.20631207125214143,0.109998527255196,1203063.5394648188,1099985.27255196,0.3061849357011635,Percent,0,0.15230854766198912,1.2660058481179088,2.0976664083660026
4,4,Apolo Anton Ohno,0.10098539641911146,0.03888996574260076,0.18231835250516842,0.09716987281353637,1009853.9641911146,971698.7281353637,0.3061849357011635,Percent,0,0.14342838676256767,1.4202883966242854,2.0976664083660026
4,4,Heather Mills,0.10594985571965886,0.04880881783744962,0.19432307758832779,0.09214952352291918,1059498.5571965885,921495.2352291917,0.3061849357011635,Percent,0,0.14551425975087817,1.3734257471374565,2.0976664083660026
4,4,Billy Ray Cyrus,0.11315135916526231,0.05498320998498691,0.19045865064626538,0.12360531235076064,1131513.5916526231,1236053.1235076063,0.3061849357011635,Percent,0,0.13547544066127848,1.1972939756155374,2.0976664083660026
4,4,Joey Fatone,0.11071234867211473,0.044640347805400424,0.20338783461770665,0.12999028217802663,1107123.4867211473,1299902.8217802662,0.3061849357011635,Percent,0,0.15874748681230622,1.4338733548364344,2.0976664083660026
4,4,Leeza Gibbons,0.06012788031465843,0.02969243814660361,0.09296102445296467,0.08227905000993241,601278.8031465843,822790.500099324,0.3061849357011635,Percent,1,0.06326858630636106,1.0522337720083734,2.0976664083660026
4,5,John Ratzenberger,0.15348950014776222,0.08241896544796555,0.23916085565558418,0.16406941940549993,1534895.0014776222,1640694.1940549994,0.2615062761506276,Percent,0,0.15674189020761864,1.0211896582940552,2.001132158291517
4,5,Ian Ziering,0.12911356263147172,0.06095027347920744,0.2150961150484649,0.10588404402924097,1291135.6263147173,1058840.4402924096,0.2615062761506276,Percent,0,0.15414584156925748,1.1938779972266376,2.001132158291517
4,5,Clyde Drexler,0.09154697515949672,0.0497280704736796,0.1313215977549661,0.13131861701990744,915469.7515949672,1313186.1701990743,0.2615062761506276,Percent,1,0.0815935272812865,0.8912749671863113,2.001132158291517
4,5,Laila Ali,0.1327875722044672,0.057062428713516536,0.22565767582423776,0.12474187444051331,1327875.7220446721,1247418.7444051332,0.2615062761506276,Percent,0,0.1685952471107212,1.2696613418845937,2.001132158291517
4,5,Apolo Anton Ohno,0.10778811620027698,0.03980290254453562,0.1879145211213179,0.12457577980286681,1077881.1620027698,1245757.7980286682,0.2615062761506276,Percent,0,0.1481116185767823,1.3740997041045022,2.001132158291517
4,5,Heather Mills,0.12261122913094699,0.056387596227900585,0.20142883164205796,0.10278433677210534,1226112.2913094698,1027843.3677210534,0.2615062761506276,Percent,0,0.14504123541415737,1.1829359875289682,2.001132158291517
4,5,Billy Ray Cyrus,0.1407384743153781,0.0770096269331575,0.229664251296198,0.112391674994296,1407384.743153781,1123916.74994296,0.2615062761506276,Percent,0,0.1526546243630405,1.08466874538486,2.001132158291517
4,5,Joey Fatone,0.12192457021019998,0.05258518863956942,0.2121542012995701,0.13423425353557009,1219245.702102,1342342.5353557009,0.2615062761506276,Percent,0,0.15956901266000068,1.3087518978734234,2.001132158291517
4,6,John Ratzenberger,0.18711608455760087,0.11662542042551914,0.30727992053044256,0.18505770070604222,1871160.8455760088,1850577.007060422,0.2178649237472767,Percent,0,0.1906545001049234,1.0189102692891872,1.86300634346842
4,6,Ian Ziering,0.1540095760212379,0.08814714518753802,0.24919691761781873,0.12950327407959786,1540095.760212379,1295032.7407959786,0.2178649237472767,Percent,0,0.1610497724302807,1.0457127185914203,1.86300634346842
4,6,Laila Ali,0.14735704891191437,0.0768482214358371,0.24301959698351003,0.17594170683160412,1473570.4891191437,1759417.0683160413,0.2178649237472767,Percent,0,0.16617137554767292,1.1276784977351522,1.86300634346842
4,6,Apolo Anton Ohno,0.12463355621547288,0.06289637095447081,0.2059683856026829,0.11032277693727542,1246335.562154729,1103227.7693727543,0.2178649237472767,Percent,0,0.1430720146482121,1.1479413650113768,1.86300634346842
4,6,Heather Mills,0.07522104721105724,0.04005858190722747,0.11187618413694632,0.12294535510089859,752210.4721105724,1229453.5510089858,0.2178649237472767,Percent,1,0.07181760222971885,0.9547540866881458,1.86300634346842
4,6,Billy Ray Cyrus,0.16861238038654547,0.09830684246076678,0.2605896505801323,0.14114732994858042,1686123.8038654546,1411473.2994858043,0.2178649237472767,Percent,0,0.16228280811936552,0.9624608095047983,1.86300634346842
4,6,Joey Fatone,0.14305030669617133,0.06955577159418354,0.23860348442273094,0.1350818563960015,1430503.0669617134,1350818.563960015,0.2178649237472767,Percent,0,0.16904771282854741,1.1817361090150804,1.86300634346842
4,7,John Ratzenberger,0.11549379394964093,0.07395334421445023,0.15383001872420915,0.17354556972397714,1154937.9394964094,1735455.6972397715,0.1142334932602239,Percent,1,0.07987667450975892,0.6916101010984864,1.7373287207421406
4,7,Ian Ziering,0.17791978171283446,0.1045298046848035,0.2723356101281506,0.19021280661367385,1779197.8171283447,1902128.0661367385,0.1142334932602239,Percent,0,0.1678058054433471,0.9431542902530564,1.7373287207421406
4,7,Laila Ali,0.16609907962648332,0.09750957773113489,0.27192241568085385,0.13036367732959847,1660990.7962648333,1303636.7732959846,0.1142334932602239,Percent,0,0.17441283794971896,1.05005300656651,1.7373287207421406
4,7,Apolo Anton Ohno,0.1582699598457779,0.09115255311412344,0.24581685084079574,0.14593244001310068,1582699.598457779,1459324.4001310067,0.1142334932602239,Percent,0,0.15466429772667228,0.977218278676389,1.7373287207421406
4,7,Billy Ray Cyrus,0.215382138662934,0.1473328727080009,0.303276045378534,0.19985920729365947,2153821.38662934,1998592.0729365947,0.1142334932602239,Percent,0,0.15594317267053306,0.7240301987834703,1.7373287207421406
4,7,Joey Fatone,0.16683524620232984,0.09868945042050647,0.25114949327684627,0.16008629902599045,1668352.4620232985,1600862.9902599044,0.1142334932602239,Percent,0,0.1524600428563398,0.9138359329145804,1.7373287207421406
4,8,Ian Ziering,0.22216483105359586,0.14243638735639425,0.3293874853897843,0.2016353266805136,2221648.3105359585,2016353.2668051359,0.23507287259050305,Percent,0,0.18695109803339005,0.8414972664520843,1.573702082076705
4,8,Laila Ali,0.20671801683731994,0.1304304861604375,0.30854228633599795,0.21070861821588957,2067180.1683731994,2107086.182158896,0.23507287259050305,Percent,0,0.17811180017556044,0.8616172063789117,1.573702082076705
4,8,Apolo Anton Ohno,0.19655671938614327,0.11593504251080888,0.30377984136126385,0.16848116748730615,1965567.1938614328,1684811.6748730615,0.23507287259050305,Percent,0,0.18784479885045496,0.9556773202010286,1.573702082076705
4,8,Billy Ray Cyrus,0.1688867129066375,0.11321785500738471,0.21346853557207485,0.2374037271340444,1688867.129066375,2374037.2713404438,0.23507287259050305,Percent,1,0.10025068056469014,0.593597203944101,1.573702082076705
4,8,Joey Fatone,0.20567371981630367,0.1288369635414532,0.30172530194164765,0.18177116048224629,2056737.1981630367,1817711.604822463,0.23507287259050305,Percent,0,0.17288833840019446,0.8405951842297048,1.573702082076705
4,9,Ian Ziering,0.1805008793936287,0.12453159491479257,0.2268024072606076,0.23991676471372383,1805008.7939362868,2399167.647137238,0.2012072434607646,Percent,1,0.10227081234581503,0.5665945378736198,1.353760732304676
4,9,Laila Ali,0.27575432977755954,0.19862725535073553,0.37468383603931477,0.26540059189429793,2757543.2977755954,2654005.9189429795,0.2012072434607646,Percent,0,0.17605658068857924,0.6384544562930248,1.353760732304676
4,9,Apolo Anton Ohno,0.26921676844302267,0.1895016966649066,0.3648040884266072,0.2499547025971299,2692167.6844302267,2499547.025971299,0.2012072434607646,Percent,0,0.17530239176170062,0.6511570314714694,1.353760732304676
4,9,Joey Fatone,0.2745280223857896,0.19862209820463325,0.3753059867142837,0.24472794079484844,2745280.223857896,2447279.4079484846,0.2012072434607646,Percent,0,0.17668388850965047,0.643591451882313,1.353760732304676
5,1,Cameron Mathison,0.08657555743778003,0.041791092778787016,0.1526217230826522,0.06554072001255815,865755.5743778003,655407.2001255815,0.2556237218813906,Percent,0,0.1108306303038652,1.2801607472584482,2.3982464103841403
5,1,Jane Seymour,0.08508386846658543,0.03769417655128016,0.14597384835130256,0.10409308738126236,850838.6846658543,1040930.8738126236,0.2556237218813906,Percent,0,0.1082796718000224,1.2726228103103534,2.3982464103841403
5,1,Sabrina Bryan,0.08799734621224575,0.037802141059768056,0.15142315540455858,0.08429720534233504,879973.4621224576,842972.0534233503,0.2556237218813906,Percent,0,0.11362101434479052,1.2911868281884502,2.3982464103841403
5,1,Jennie Garth,0.08900602824630313,0.04024571880391891,0.15162819608084083,0.06944850980621349,890060.2824630314,694485.0980621349,0.2556237218813906,Percent,0,0.11138247727692191,1.2514037472686372,2.3982464103841403
5,1,Floyd Mayweather Jr. ,0.08889814239502666,0.04529937656398899,0.15446770618289352,0.1080088953225228,888981.4239502667,1080088.953225228,0.2556237218813906,Percent,0,0.10916832961890452,1.2280158693733498,2.3982464103841403
5,1,Josie Maran,0.04555951874045895,0.02372212227652772,0.06659813254763552,0.0692828648797745,455595.1874045895,692828.648797745,0.2556237218813906,Percent,1,0.04287601027110781,0.9410988407353815,2.3982464103841403
5,1,Albert Reed,0.08584496909173679,0.03703553146252936,0.1509925685347995,0.060998314068448446,858449.6909173679,609983.1406844845,0.2556237218813906,Percent,0,0.11395703707227015,1.327474845386593,2.3982464103841403
5,1,Helio Castroneves,0.08365916132824072,0.037113546385954224,0.15029497428840732,0.10371396535609369,836591.6132824072,1037139.6535609369,0.2556237218813906,Percent,0,0.1131814279024531,1.3528874316392003,2.3982464103841403
5,1,Mel B,0.08530028956498553,0.03563817188198979,0.15086383320572916,0.08836419059866922,853002.8956498554,883641.9059866922,0.2556237218813906,Percent,0,0.11522566132373938,1.3508238003805997,2.3982464103841403
5,1,Wayne Newton,0.08853104560119616,0.04296847633026195,0.149119762634696,0.06963297326118313,885310.4560119617,696329.7326118313,0.2556237218813906,Percent,0,0.10615128630443406,1.1990289461011383,2.3982464103841403
5,1,Marie Osmond,0.08633330639595414,0.043358488237780275,0.1497538308017724,0.0797281296859525,863333.0639595414,797281.296859525,0.2556237218813906,Percent,0,0.10639534256399213,1.232378869819101,2.3982464103841403
5,1,Mark Cuban,0.08721076651948662,0.039646538721357066,0.15175845082999787,0.09689114428498666,872107.6651948661,968911.4428498666,0.2556237218813906,Percent,0,0.1121119121086408,1.2855283422327242,2.3982464103841403
5,2,Cameron Mathison,0.09469268703935499,0.0447557797711342,0.1689883486086013,0.08668062904111946,946926.8703935499,866806.2904111947,0.09904912836767037,Percent,0,0.12423256883746708,1.311955259922396,2.279280652212161
5,2,Jane Seymour,0.09663404616228276,0.0392340933747309,0.17342980802504804,0.09369523525513254,966340.4616228276,936952.3525513255,0.09904912836767037,Percent,0,0.13419571465031715,1.388700152583439,2.279280652212161
5,2,Sabrina Bryan,0.09547907246615352,0.035606727910224095,0.185467343659003,0.09215263230944834,954790.7246615351,921526.3230944833,0.09904912836767037,Percent,0,0.1498606157487789,1.569565056278727,2.279280652212161
5,2,Jennie Garth,0.09875965290268515,0.045091886255178994,0.18397313779755195,0.05720764675426207,987596.5290268515,572076.4675426207,0.09904912836767037,Percent,0,0.13888125154237296,1.406254957975829,2.279280652212161
5,2,Floyd Mayweather Jr. ,0.09662101288220151,0.045159083705024715,0.18119061397691097,0.09974991114538606,966210.1288220151,997499.1114538606,0.09904912836767037,Percent,0,0.13603153027188625,1.4078876448721696,2.279280652212161
5,2,Albert Reed,0.03315013721537952,0.014055287786785014,0.05389460607175967,0.04987238895502242,331501.3721537952,498723.8895502242,0.09904912836767037,Percent,1,0.03983931828497466,1.2017844157366502,2.279280652212161
5,2,Helio Castroneves,0.08755397615176559,0.031189147498958972,0.17316325668114993,0.09623272400826191,875539.7615176559,962327.2400826191,0.09904912836767037,Percent,0,0.14197410918219094,1.6215609549941374,2.279280652212161
5,2,Mel B,0.09292415284154557,0.040886160777022,0.16457162322022187,0.11416075051259275,929241.5284154556,1141607.5051259275,0.09904912836767037,Percent,0,0.12368546244319986,1.3310367505217782,2.279280652212161
5,2,Wayne Newton,0.10959588058709609,0.05921481143270293,0.1875060004768343,0.10203988219438272,1095958.805870961,1020398.8219438272,0.09904912836767037,Percent,0,0.12829118904413137,1.170584043459353,2.279280652212161
5,2,Marie Osmond,0.09262828337252918,0.03873581622813398,0.17404173502965575,0.0940223442565226,926282.8337252918,940223.442565226,0.09904912836767037,Percent,0,0.13530591880152176,1.4607408652641567,2.279280652212161
5,2,Mark Cuban,0.10196109837900634,0.05133213088053445,0.18173217112205983,0.11418585556786917,1019610.9837900634,1141858.5556786917,0.09904912836767037,Percent,0,0.13040004024152538,1.2789195322004747,2.279280652212161
5,3,Cameron Mathison,0.10592664437957752,0.048708543783031966,0.18656391775654685,0.08538342052886841,1059266.4437957753,853834.2052886841,0.18846588767433095,Percent,0,0.13785537397351488,1.3014230251599772,2.1978400337162975
5,3,Jane Seymour,0.10183906421947783,0.041369667498954515,0.19016587208487568,0.09373109956036348,1018390.6421947783,937310.9956036347,0.18846588767433095,Percent,0,0.14879620458592116,1.4610916324333454,2.1978400337162975
5,3,Sabrina Bryan,0.10017386968074157,0.037968359047416175,0.19061043367222938,0.08065368148043718,1001738.6968074157,806536.8148043718,0.18846588767433095,Percent,0,0.15264207462481322,1.5237713698321735,2.1978400337162975
5,3,Jennie Garth,0.10621493415404899,0.04316018947322834,0.1938236462704938,0.07933436627081286,1062149.3415404898,793343.6627081286,0.18846588767433095,Percent,0,0.15066345679726548,1.4184771472790305,2.1978400337162975
5,3,Floyd Mayweather Jr. ,0.11366222638204251,0.05003755341912186,0.2008864414293275,0.09424080953316501,1136622.2638204251,942408.0953316501,0.18846588767433095,Percent,0,0.15084888801020563,1.327168161418649,2.1978400337162975
5,3,Helio Castroneves,0.0975938722573211,0.038846036113408054,0.18327167609130082,0.11772593021820585,975938.722573211,1177259.3021820586,0.18846588767433095,Percent,0,0.14442563997789276,1.4798638135506355,2.1978400337162975
5,3,Mel B,0.10313886807038536,0.039856842059505404,0.18792812244231039,0.12566553746167194,1031388.6807038536,1256655.3746167195,0.18846588767433095,Percent,0,0.14807128038280498,1.4356496551984288,2.1978400337162975
5,3,Wayne Newton,0.053686614720379375,0.028046146785360212,0.0791423191621779,0.10559846140373408,536866.1472037937,1055984.6140373407,0.18846588767433095,Percent,1,0.05109617237681768,0.9517488231088193,2.1978400337162975
5,3,Marie Osmond,0.09933069475800733,0.040326871726530426,0.18212349164579605,0.10742492783842278,993306.9475800734,1074249.2783842278,0.18846588767433095,Percent,0,0.14179661991926562,1.427520669866602,2.1978400337162975
5,3,Mark Cuban,0.11843321137801838,0.059518994625728114,0.19729972442620688,0.11024176570431855,1184332.1137801837,1102417.6570431856,0.18846588767433095,Percent,0,0.13778072980047879,1.1633622714215395,2.1978400337162975
5,4,Cameron Mathison,0.11975587306494123,0.058517322084922614,0.21050260302331536,0.09976997879940236,1197558.7306494124,997699.7879940236,0.1492982979994028,Percent,0,0.15198528093839275,1.269125906300847,2.104065145592462
5,4,Jane Seymour,0.11708401595104379,0.05603830121235173,0.19995896666515364,0.09969056487173969,1170840.1595104379,996905.6487173969,0.1492982979994028,Percent,0,0.1439206654528019,1.2292084814803355,2.104065145592462
5,4,Sabrina Bryan,0.11186155477108423,0.046671776939038956,0.19864493514169806,0.10501746060423782,1118615.5477108422,1050174.606042378,0.1492982979994028,Percent,0,0.1519731582026591,1.358582566759957,2.104065145592462
5,4,Jennie Garth,0.11657463381572615,0.05265035329018013,0.20501882802509924,0.13660465118764792,1165746.3381572615,1366046.5118764793,0.1492982979994028,Percent,0,0.1523684747349191,1.307046565342625,2.104065145592462
5,4,Floyd Mayweather Jr. ,0.05636431788681407,0.030823946936213285,0.08395130084259783,0.10493402544704904,563643.1788681407,1049340.2544704904,0.1492982979994028,Percent,1,0.053127353906384546,0.9425706883044391,2.104065145592462
5,4,Helio Castroneves,0.11485477082655689,0.051825781423773185,0.20653015913048112,0.09418858519315652,1148547.7082655688,941885.8519315652,0.1492982979994028,Percent,0,0.15470437770670792,1.346956478980993,2.104065145592462
5,4,Mel B,0.11621031237713762,0.0556621662557912,0.20363273521807881,0.12976037888979966,1162103.1237713762,1297603.7888979965,0.1492982979994028,Percent,0,0.1479705689622876,1.2732998125164516,2.104065145592462
5,4,Marie Osmond,0.11272804576746978,0.05394149598031709,0.1898483370339834,0.10972256039984003,1127280.4576746977,1097225.6039984003,0.1492982979994028,Percent,0,0.13590684105366632,1.2056169352390682,2.104065145592462
5,4,Mark Cuban,0.13456647553922624,0.07562920401411087,0.22585105378234446,0.12031179460712713,1345664.7553922625,1203117.9460712713,0.1492982979994028,Percent,0,0.1502218497682336,1.1163393346394348,2.104065145592462
5,5,Cameron Mathison,0.13709021580464786,0.06885928850469196,0.23084215359969334,0.12937683450227808,1370902.1580464786,1293768.3450227808,0.13550135501355012,Percent,0,0.16198286509500137,1.181578598766124,2.002896121651429
5,5,Jane Seymour,0.13298057335115027,0.06437898024215773,0.2174384696784432,0.12968036749333103,1329805.7335115026,1296803.6749333104,0.13550135501355012,Percent,0,0.1530594894362855,1.150991348428876,2.002896121651429
5,5,Sabrina Bryan,0.12277228968330636,0.05730510887334575,0.2137691741919644,0.1343455508354843,1227722.8968330636,1343455.508354843,0.13550135501355012,Percent,0,0.15646406531861864,1.2744249188658199,2.002896121651429
5,5,Jennie Garth,0.1318314508682679,0.06531498233366209,0.2175031727229022,0.1080045370735159,1318314.508682679,1080045.370735159,0.13550135501355012,Percent,0,0.1521881903892401,1.1544148940704113,2.002896121651429
5,5,Helio Castroneves,0.13597491262520972,0.07238512439075939,0.22251403118860655,0.11672609408454913,1359749.1262520973,1167260.9408454914,0.13550135501355012,Percent,0,0.15012890679784716,1.1040926881243922,2.002896121651429
5,5,Mel B,0.1283766665475853,0.06151865815818172,0.21308367137260567,0.13332782941360719,1283766.665475853,1333278.2941360718,0.13550135501355012,Percent,0,0.15156501321442395,1.1806274246748993,2.002896121651429
5,5,Marie Osmond,0.13825375811373727,0.07789939754170558,0.21698560356366892,0.15022142784337253,1382537.5811373726,1502214.2784337252,0.13550135501355012,Percent,0,0.13908620602196334,1.006021159349182,2.002896121651429
5,5,Mark Cuban,0.07272013300609535,0.04023758237632115,0.1042637642789932,0.09831735875386169,727201.3300609535,983173.5875386168,0.13550135501355012,Percent,1,0.06402618190267205,0.8804464356150918,2.002896121651429
5,6,Cameron Mathison,0.1543488121423105,0.09006867848430543,0.2474953218197222,0.13557230954355098,1543488.121423105,1355723.09543551,0.2101723413198823,Percent,0,0.15742664333541678,1.019940750760482,1.8681142911445767
5,6,Jane Seymour,0.16267899061867755,0.09400092067533468,0.25486922890502445,0.16393376365386964,1626789.9061867755,1639337.6365386962,0.2101723413198823,Percent,0,0.16086830822968978,0.9888695990668394,1.8681142911445767
5,6,Sabrina Bryan,0.07332791562461766,0.0393335730992428,0.1108117835986194,0.11476022801636017,733279.1562461766,1147602.2801636017,0.2101723413198823,Percent,1,0.07147821049937661,0.9747748847149821,1.8681142911445767
5,6,Jennie Garth,0.15246938051422387,0.08005350812804934,0.2483544263400338,0.16250120249476785,1524693.8051422387,1625012.0249476784,0.2101723413198823,Percent,0,0.16830091821198445,1.1038342101500416,1.8681142911445767
5,6,Helio Castroneves,0.15181128415429207,0.07840146026527421,0.2514207077881834,0.14038770509519205,1518112.8415429208,1403877.0509519204,0.2101723413198823,Percent,0,0.17301924752290915,1.1396995189571189,1.8681142911445767
5,6,Mel B,0.14298569824490065,0.0686117544563804,0.25060157435430813,0.13203387670003147,1429856.9824490065,1320338.7670003148,0.2101723413198823,Percent,0,0.18198981989792773,1.2727833771614154,1.8681142911445767
5,6,Marie Osmond,0.1623779187009775,0.09146462657196582,0.25079338243838095,0.15081091449622774,1623779.187009775,1508109.1449622775,0.2101723413198823,Percent,0,0.15932875586641515,0.9812218135387148,1.8681142911445767
5,7,Cameron Mathison,0.18395907691414293,0.11542625461394282,0.282463694943606,0.16969465836447736,1839590.7691414293,1696946.5836447736,0.1638806948541462,Percent,0,0.1670374403296632,0.9080141253786712,1.7347890200031648
5,7,Jane Seymour,0.10102806202997497,0.060460139960387856,0.13839254283261337,0.1609438778804724,1010280.6202997497,1609438.778804724,0.1638806948541462,Percent,1,0.07793240287222553,0.7713936237745809,1.7347890200031648
5,7,Jennie Garth,0.17671855918442392,0.1055980673923205,0.27359523809597724,0.18363645788103922,1767185.5918442393,1836364.5788103922,0.1638806948541462,Percent,0,0.16799717070365675,0.9506481462896859,1.7347890200031648
5,7,Helio Castroneves,0.1765585949992986,0.10686820842102672,0.26353295714508157,0.16897966173750473,1765585.949992986,1689796.6173750472,0.1638806948541462,Percent,0,0.15666474872405484,0.8873243963267674,1.7347890200031648
5,7,Mel B,0.1709578599433156,0.10170352661481896,0.26770122649056804,0.1526187543350585,1709578.5994331562,1526187.543350585,0.1638806948541462,Percent,0,0.16599769987574908,0.9709860659860204,1.7347890200031648
5,7,Marie Osmond,0.19077784692884353,0.11321930439112496,0.2968196495392884,0.16412658980144781,1907778.4692884353,1641265.8980144782,0.1638806948541462,Percent,0,0.18360034514816345,0.9623776979548514,1.7347890200031648
5,8,Cameron Mathison,0.12952130629026276,0.07848454300482267,0.1708661192345145,0.18749493277170354,1295213.0629026275,1874949.3277170353,0.21294718909710392,Percent,1,0.09238157622969183,0.7132538952522667,1.5605970505908249
5,8,Jennie Garth,0.21907246372209102,0.14672632435450605,0.3157197442407896,0.20080949266178671,2190724.6372209103,2008094.926617867,0.21294718909710392,Percent,0,0.16899341988628352,0.771404205782173,1.5605970505908249
5,8,Helio Castroneves,0.21062717717427928,0.13911609700055588,0.3176330460613862,0.22360066210154558,2106271.771742793,2236006.621015456,0.21294718909710392,Percent,0,0.17851694906083032,0.8475494542336292,1.5605970505908249
5,8,Mel B,0.21046123463848515,0.12848225029061533,0.31333912372759537,0.18075010973856917,2104612.3463848517,1807501.0973856917,0.21294718909710392,Percent,0,0.18485687343698004,0.8783416753898341,1.5605970505908249
5,8,Marie Osmond,0.23031781817488212,0.14949331375275157,0.33744734053017983,0.2073448027263951,2303178.181748821,2073448.027263951,0.21294718909710392,Percent,0,0.18795402677742826,0.8160637690424511,1.5605970505908249
5,9,Jennie Garth,0.17456491418393089,0.11963503567570768,0.22502165478955477,0.24290337616309615,1745649.141839309,2429033.7616309617,0.2586652871184687,Percent,1,0.10538661911384709,0.6037101991916092,1.3494676123025866
5,9,Helio Castroneves,0.26478939573542154,0.18615114008345957,0.3612305278946701,0.23926904865178122,2647893.9573542154,2392690.486517812,0.2586652871184687,Percent,0,0.17507938781121052,0.6612024145640275,1.3494676123025866
5,9,Mel B,0.26923316599190844,0.18999289901521202,0.3619660235793262,0.25001092865652125,2692331.6599190845,2500109.2865652125,0.2586652871184687,Percent,0,0.1719731245641142,0.6387516334792226,1.3494676123025866
5,9,Marie Osmond,0.2914125240887391,0.2067262191899535,0.3951291888592095,0.26781664652860143,2914125.240887391,2678166.465286014,0.2586652871184687,Percent,0,0.18840296966925602,0.6465163783142167,1.3494676123025866
6,1,Cristian de la Fuente,0.08397588313612207,0.034544300725767633,0.14412690129011982,0.10559727705257409,839758.8313612207,1055972.770525741,1.0,Percent,0,0.10958260056435218,1.3049294210663136,2.3932366489743457
6,1,Steve Guttenberg,0.0863975353937877,0.03481699210570264,0.16192013595854876,0.06959850789900253,863975.353937877,695985.0789900253,1.0,Percent,0,0.12710314385284613,1.4711431671462392,2.3932366489743457
6,1,Priscilla Presley,0.08346951737619676,0.03345775248852084,0.14651269227070782,0.0818463483626143,834695.1737619676,818463.483626143,1.0,Percent,0,0.11305493978218698,1.354445830477836,2.3932366489743457
6,1,Marlee Matlin,0.0821830155494602,0.03643388391814656,0.1435502139323267,0.09034787152577382,821830.1554946019,903478.7152577383,1.0,Percent,0,0.10711633001418014,1.3033876805081985,2.3932366489743457
6,1,Shannon Elizabeth,0.08266120698795898,0.03280889933819706,0.1474416469364666,0.09232608179604455,826612.0698795898,923260.8179604455,1.0,Percent,0,0.11463274759826955,1.3867780519460329,2.3932366489743457
6,1,Marissa Jaret Winokur,0.08000400524355905,0.03578547035444665,0.14086097952498947,0.06714062974739059,800040.0524355905,671406.2974739058,1.0,Percent,0,0.10507550917054281,1.313378109641607,2.3932366489743457
6,1,Jason Taylor,0.08571250358780226,0.03671713308510216,0.15598066354616316,0.07743952354330211,857125.0358780226,774395.2354330211,1.0,Percent,0,0.119263530461061,1.3914367854030738,2.3932366489743457
6,1,Kristi Yamaguchi,0.08593405661985223,0.03450164181539637,0.15242516440687456,0.04495059935499344,859340.5661985223,449505.99354993436,1.0,Percent,0,0.1179235225914782,1.3722559742889626,2.3932366489743457
6,1,Monica Seles,0.08157491189734047,0.03108509899446224,0.1462786629651876,0.10050115346717116,815749.1189734046,1005011.5346717116,1.0,Percent,0,0.11519356397072536,1.412119992427242,2.3932366489743457
6,1,Penn Jillette,0.08491106773789787,0.03132773199214332,0.15670173452006417,0.09006707144157582,849110.6773789787,900670.7144157581,1.0,Percent,0,0.12537400252792086,1.4765331053770672,2.3932366489743457
6,1,Adam Carolla,0.08272413243282113,0.031195491826409332,0.15118840742341036,0.08392377712346079,827241.3243282114,839237.7712346079,1.0,Percent,0,0.11999291559700102,1.4505188760298604,2.3932366489743457
6,1,Mario,0.08045216403720115,0.03168990247840149,0.15144696220204176,0.09626115868609698,804521.6403720115,962611.5868609699,1.0,Percent,0,0.11975705972364027,1.4885498874618774,2.3932366489743457
6,2,Cristian de la Fuente,0.09169871424681057,0.041452489309630365,0.16795315874315395,0.08262953362172311,916987.1424681058,826295.3362172311,0.07860399308284861,Percent,0,0.1265006694335236,1.3795250072213907,2.3537959714149967
6,2,Steve Guttenberg,0.10365038395646146,0.05219401250082043,0.1805661865956074,0.09849666385295802,1036503.8395646147,984966.6385295802,0.07860399308284861,Percent,0,0.12837217409478696,1.2385113223382744,2.3537959714149967
6,2,Priscilla Presley,0.09226109548752871,0.03981447087463705,0.17189895140117017,0.07510097404300295,922610.9548752871,751009.7404300295,0.07860399308284861,Percent,0,0.13208448052653313,1.431637894917338,2.3537959714149967
6,2,Marlee Matlin,0.09127809529336514,0.030363000994013723,0.17474956823535803,0.0796547836417893,912780.9529336514,796547.836417893,0.07860399308284861,Percent,0,0.1443865672413443,1.5818315092716393,2.3537959714149967
6,2,Shannon Elizabeth,0.08901334214244742,0.028707363421169467,0.1707729481422482,0.09340639603269975,890133.4214244742,934063.9603269974,0.07860399308284861,Percent,0,0.14206558472107872,1.5960032653726468,2.3537959714149967
6,2,Marissa Jaret Winokur,0.08811562635065504,0.03826443271932791,0.16668362026115296,0.06973449538463435,881156.2635065503,697344.9538463434,0.07860399308284861,Percent,0,0.12841918754182505,1.4573940271477217,2.3537959714149967
6,2,Jason Taylor,0.08846829565153513,0.030539404025720796,0.16226202155543604,0.07211203186970354,884682.9565153513,721120.3186970354,0.07860399308284861,Percent,0,0.13172261752971523,1.488924552684423,2.3537959714149967
6,2,Kristi Yamaguchi,0.09206080488131368,0.03220061119465294,0.18218631062380602,0.13175344021159693,920608.0488131369,1317534.4021159695,0.07860399308284861,Percent,0,0.14998569942915307,1.6292025647887516,2.3537959714149967
6,2,Monica Seles,0.04343798026277728,0.017631830827112595,0.0696763525215064,0.05611414478865489,434379.8026277728,561141.4478865489,0.07860399308284861,Percent,1,0.05204452169439381,1.1981340149691908,2.3537959714149967
6,2,Penn Jillette,0.04064434576220567,0.01979273848438538,0.06298298305501716,0.08406019954131667,406443.4576220567,840601.9954131667,0.07860399308284861,Percent,1,0.04319024457063178,1.0626384497199481,2.3537959714149967
6,2,Adam Carolla,0.09508417289938854,0.04105172419071331,0.18012875840855705,0.08301005598965716,950841.7289938855,830100.5598965716,0.07860399308284861,Percent,0,0.13907703421784373,1.462672808491539,2.3537959714149967
6,2,Mario,0.0842871430655113,0.028652445857467693,0.1631400303034311,0.07392728102226363,842871.430655113,739272.8102226363,0.07860399308284861,Percent,0,0.13448758444596343,1.5955883608658363,2.3537959714149967
6,3,Cristian de la Fuente,0.10364690421678399,0.03966068335308921,0.18710657954460072,0.09032576248974968,1036469.04216784,903257.6248974968,0.08245382585751979,Percent,0,0.1474458961915115,1.422578873008297,2.2000177685673274
6,3,Steve Guttenberg,0.04464493641528475,0.022562767958562435,0.06761250070223454,0.07592950667306898,446449.3641528475,759295.0667306898,0.08245382585751979,Percent,1,0.045049732743672105,1.0090670154532637,2.2000177685673274
6,3,Priscilla Presley,0.10167836165069628,0.04348938661081716,0.18899865039285874,0.13140418411302235,1016783.6165069628,1314041.8411302236,0.08245382585751979,Percent,0,0.14550926378204157,1.4310740399409763,2.2000177685673274
6,3,Marlee Matlin,0.11243669292607197,0.0546816285310099,0.19394866520612655,0.09919769273010627,1124366.9292607198,991976.9273010627,0.08245382585751979,Percent,0,0.13926703667511664,1.2386262264640409,2.2000177685673274
6,3,Shannon Elizabeth,0.10243661944562206,0.04346352576052407,0.19039084743960508,0.1124948904493454,1024366.1944562206,1124948.904493454,0.08245382585751979,Percent,0,0.146927321679081,1.434324194553068,2.2000177685673274
6,3,Marissa Jaret Winokur,0.11274628964548655,0.05685995590765968,0.18213125160588123,0.09479638229563209,1127462.8964548656,947963.8229563208,0.08245382585751979,Percent,0,0.12527129569822154,1.1110901839175191,2.2000177685673274
6,3,Jason Taylor,0.10514084243931868,0.04938562885966665,0.19015293177008177,0.1044622209316166,1051408.4243931868,1044622.209316166,0.08245382585751979,Percent,0,0.14076730291041512,1.3388451114195514,2.2000177685673274
6,3,Kristi Yamaguchi,0.10314279910300314,0.0410132543764122,0.1811649812335693,0.09168531962191315,1031427.9910300315,916853.1962191315,0.08245382585751979,Percent,0,0.1401517268571571,1.3588125208546564,2.2000177685673274
6,3,Adam Carolla,0.1111665552637099,0.05242122648721846,0.19024271375335572,0.09616467507426758,1111665.552637099,961646.7507426759,0.08245382585751979,Percent,0,0.13782148726613724,1.2397747410558542,2.2000177685673274
6,3,Mario,0.10295999889402259,0.051615411809958656,0.17794810501043298,0.10353936562127798,1029599.9889402259,1035393.6562127798,0.08245382585751979,Percent,0,0.12633269320047433,1.227007522897406,2.2000177685673274
6,4,Cristian de la Fuente,0.1142468514546954,0.05195132559202979,0.19233469221058191,0.10382445090659383,1142468.514546954,1038244.5090659383,0.2589331952356292,Percent,0,0.1403833666185521,1.2287723016526293,2.10645474210571
6,4,Priscilla Presley,0.11623826277155841,0.06160248925955691,0.19253569414981928,0.13123954209942973,1162382.6277155841,1312395.4209942974,0.2589331952356292,Percent,0,0.13093320489026236,1.1264208683812122,2.10645474210571
6,4,Marlee Matlin,0.1250469817829911,0.05666428384121516,0.20802817325179862,0.0990513896410183,1250469.817829911,990513.8964101829,0.2589331952356292,Percent,0,0.15136388941058346,1.2104561601755668,2.10645474210571
6,4,Shannon Elizabeth,0.10988554312037213,0.045976147998385085,0.19091806547020676,0.08719656349920812,1098855.4312037213,871965.6349920812,0.2589331952356292,Percent,0,0.14494191747182167,1.319026264565555,2.10645474210571
6,4,Marissa Jaret Winokur,0.12603182501352678,0.05850269011835473,0.2177194164729124,0.14753805316841956,1260318.2501352679,1475380.5316841956,0.2589331952356292,Percent,0,0.15921672635455766,1.2633057272436483,2.10645474210571
6,4,Jason Taylor,0.1142459759174839,0.05112652357443129,0.20853645605302726,0.09174931905897757,1142459.759174839,917493.1905897757,0.2589331952356292,Percent,0,0.15740993247859597,1.3778159905806047,2.10645474210571
6,4,Kristi Yamaguchi,0.11629332550343581,0.04876293461520684,0.2051102898047839,0.10972532832603087,1162933.255034358,1097253.2832603087,0.2589331952356292,Percent,0,0.15634735518957707,1.3444224293418963,2.10645474210571
6,4,Adam Carolla,0.06245587501707013,0.030484520981812497,0.0934599355145202,0.11006578456938615,624558.7501707013,1100657.8456938616,0.2589331952356292,Percent,1,0.0629754145327077,1.0083185051125387,2.10645474210571
6,4,Mario,0.11555535941886616,0.05385028001058494,0.19728246959271933,0.11960956873093583,1155553.5941886615,1196095.6873093583,0.2589331952356292,Percent,0,0.14343218958213438,1.2412422089590844,2.10645474210571
6,5,Cristian de la Fuente,0.1321210743201686,0.06740792313192881,0.21288353842121147,0.14273621606269343,1321210.7432016858,1427362.1606269344,0.21853146853146854,Percent,0,0.14547561528928266,1.1010780531253632,1.9962257011086895
6,5,Priscilla Presley,0.06677914131970507,0.03368868524863907,0.10183748995841038,0.10585613733091725,667791.4131970507,1058561.3733091725,0.21853146853146854,Percent,1,0.0681488047097713,1.020510347437817,1.9962257011086895
6,5,Marlee Matlin,0.145352361469942,0.07770369542274295,0.2325566595032453,0.13931240649614668,1453523.6146994198,1393124.0649614667,0.21853146853146854,Percent,0,0.15485296408050236,1.0653625611203092,1.9962257011086895
6,5,Shannon Elizabeth,0.13207022483039624,0.07004672920205729,0.218800097595506,0.13865516813812453,1320702.2483039624,1386551.6813812454,0.21853146853146854,Percent,0,0.14875336839344871,1.1263202480686079,1.9962257011086895
6,5,Marissa Jaret Winokur,0.14375966058997972,0.07295257510810536,0.23981662491518055,0.14521699814668756,1437596.605899797,1452169.9814668756,0.21853146853146854,Percent,0,0.1668640498070752,1.160715385124566,1.9962257011086895
6,5,Jason Taylor,0.12383775520143998,0.058812012712217705,0.22053679107777896,0.10283596504546993,1238377.5520143998,1028359.6504546993,0.21853146853146854,Percent,0,0.16172477836556126,1.3059408102358814,1.9962257011086895
6,5,Kristi Yamaguchi,0.1247172584025524,0.055767939933090024,0.21559288255883052,0.11567703939701646,1247172.584025524,1156770.3939701645,0.21853146853146854,Percent,0,0.15982494262574048,1.281498203800073,1.9962257011086895
6,5,Mario,0.13136252386581587,0.06345016379824557,0.21653374531151315,0.10971006938294414,1313625.2386581588,1097100.6938294414,0.21853146853146854,Percent,0,0.15308358151326756,1.1653520121891028,1.9962257011086895
6,6,Cristian de la Fuente,0.15361704095874953,0.08662004714376587,0.24455178873670422,0.13514313956917226,1536170.4095874953,1351431.3956917226,0.21910604732690622,Percent,0,0.15793174159293835,1.0280873828011532,1.8799006651131949
6,6,Marlee Matlin,0.09105158094318097,0.05015208669761904,0.12978845383757612,0.13926059314680542,910515.8094318097,1392605.9314680542,0.21910604732690622,Percent,1,0.07963636713995709,0.8746291532230799,1.8799006651131949
6,6,Shannon Elizabeth,0.15620703644294467,0.08441636237888211,0.25913784448940175,0.14298184205130413,1562070.3644294466,1429818.4205130413,0.21910604732690622,Percent,0,0.17472148211051963,1.1185250427200661,1.8799006651131949
6,6,Marissa Jaret Winokur,0.1631886471423069,0.09063212948768333,0.26678528102126436,0.17380024418518053,1631886.471423069,1738002.4418518052,0.21910604732690622,Percent,0,0.17615315153358102,1.0794448916533304,1.8799006651131949
6,6,Jason Taylor,0.14841890040753145,0.08761399025872944,0.23863250542669412,0.1532546743990147,1484189.0040753144,1532546.7439901468,0.21910604732690622,Percent,0,0.15101851516796466,1.0175153888978772,1.8799006651131949
6,6,Kristi Yamaguchi,0.13977355150075974,0.07086185474277436,0.2342105390477353,0.14049293588089484,1397735.5150075974,1404929.3588089484,0.21910604732690622,Percent,0,0.16334868430496097,1.1686666221976416,1.8799006651131949
6,6,Mario,0.14774324260452637,0.07783257566569925,0.24663227262154835,0.11506657076762815,1477432.4260452637,1150665.7076762815,0.21910604732690622,Percent,0,0.16879969695584912,1.1425205916705503,1.8799006651131949
6,7,Cristian de la Fuente,0.18855973543332488,0.11934197817159688,0.28195330317647394,0.17200283035590103,1885597.354333249,1720028.3035590101,0.1437607820586544,Percent,0,0.16261132500487707,0.8623862598830214,1.7305429165249246
6,7,Shannon Elizabeth,0.0966427304980384,0.05862965155709924,0.13284209347711695,0.14499530459959725,966427.304980384,1449953.0459959726,0.1437607820586544,Percent,1,0.07421244192001772,0.767905061638589,1.7305429165249246
6,7,Marissa Jaret Winokur,0.19440704794778785,0.11595373720018907,0.31004205829565123,0.19420962901763983,1944070.4794778784,1942096.2901763984,0.1437607820586544,Percent,0,0.19408832109546215,0.9983605180177866,1.7305429165249246
6,7,Jason Taylor,0.17329179820422813,0.10546023877219436,0.2760703932899894,0.1483519299200794,1732917.9820422814,1483519.299200794,0.1437607820586544,Percent,0,0.17061015451779504,0.9845252705885554,1.7305429165249246
6,7,Kristi Yamaguchi,0.1678669130683921,0.09688126609528311,0.2511965500962086,0.16353951672719927,1678669.130683921,1635395.1672719927,0.1437607820586544,Percent,0,0.1543152840009255,0.9192715895005146,1.7305429165249246
6,7,Mario,0.17923177484822878,0.1112456958281122,0.28303909335193345,0.17690078937958326,1792317.7484822879,1769007.8937958325,0.1437607820586544,Percent,0,0.17179339752382125,0.9584985567949308,1.7305429165249246
6,8,Cristian de la Fuente,0.21727962988908447,0.13900153447765307,0.3198648329912359,0.2086682092786781,2172796.298890845,2086682.092786781,0.2,Percent,0,0.18086329851358285,0.8323987785044957,1.560091252423926
6,8,Marissa Jaret Winokur,0.23579784492380812,0.15598493979904968,0.33361204697721286,0.2320548851830923,2357978.449238081,2320548.851830923,0.2,Percent,0,0.17762710717816318,0.7533025046753872,1.560091252423926
6,8,Jason Taylor,0.2164344826939485,0.1449720553597155,0.3181461996760486,0.1956277167834887,2164344.826939485,1956277.167834887,0.2,Percent,0,0.17317414431633313,0.800122707624237,1.560091252423926
6,8,Kristi Yamaguchi,0.20430604181791492,0.13140126088848955,0.30293540780753725,0.17951102587869924,2043060.4181791493,1795110.2587869924,0.2,Percent,0,0.1715341469190477,0.8395940981125034,1.560091252423926
6,8,Mario,0.12618200067524452,0.08017242707843564,0.16861971711385415,0.18413816287604162,1261820.0067524451,1841381.6287604163,0.2,Percent,1,0.08844729003541851,0.7009501320481984,1.560091252423926
6,9,Cristian de la Fuente,0.2751012013237067,0.19549313248675365,0.3807439107530236,0.2513942817779599,2751012.013237067,2513942.817779599,0.22291573785109228,Percent,0,0.18525077826626996,0.6733913824254394,1.3550643692497277
6,9,Marissa Jaret Winokur,0.18723587473798586,0.1256947626894619,0.23800143137739432,0.25744650316866613,1872358.7473798587,2574465.0316866613,0.22291573785109228,Percent,1,0.11230666868793243,0.5998138382673306,1.3550643692497277
6,9,Jason Taylor,0.27492698871538424,0.19492285107264182,0.36569713789165975,0.25074826891971314,2749269.8871538425,2507482.6891971314,0.22291573785109228,Percent,0,0.17077428681901793,0.6211623224659494,1.3550643692497277
6,9,Kristi Yamaguchi,0.2627359352229233,0.1873761216764105,0.3586130867519505,0.24041094613366074,2627359.3522292334,2404109.4613366076,0.22291573785109228,Percent,0,0.17123696507554004,0.6517455061114908,1.3550643692497277
7,1,Ted McGinley,0.0364699535647601,0.01874608880048053,0.05334031326573912,0.06019770161097695,364699.535647601,601977.0161097695,0.052504462879344745,Percent,1,0.03459422446525859,0.9485678232035377,2.4786981270764303
7,1,Cloris Leachman,0.09024215749487798,0.053302855662229996,0.14223083510989187,0.07226243501450913,902421.5749487798,722624.3501450913,0.052504462879344745,Percent,0,0.08892797944766187,0.9854372049195445,2.4786981270764303
7,1,Susan Lucci,0.08295330559741174,0.043608780747544984,0.13897061993812168,0.070747917385373,829533.0559741174,707479.1738537301,0.052504462879344745,Percent,0,0.0953618391905767,1.149584558491086,2.4786981270764303
7,1,Cody Linley,0.0831887446629938,0.0404863097027073,0.14245895592358282,0.09097754636216103,831887.446629938,909775.4636216103,0.052504462879344745,Percent,0,0.10197264622087551,1.2257985937157394,2.4786981270764303
7,1,Misty May-Treanor,0.08103638911893789,0.03879597124338135,0.14171323118622095,0.08671170992128784,810363.8911893789,867117.0992128784,0.052504462879344745,Percent,0,0.1029172599428396,1.2700129048418847,2.4786981270764303
7,1,Maurice Greene,0.08358426430041391,0.041271655736587344,0.142566933041858,0.06537446172926108,835842.6430041391,653744.6172926108,0.052504462879344745,Percent,0,0.10129527730527066,1.2118941065414037,2.4786981270764303
7,1,Warren Sapp,0.07999035985966226,0.039568230130177545,0.13516468581736862,0.10733852326453049,799903.5985966226,1073385.2326453049,0.052504462879344745,Percent,0,0.09559645568719108,1.1950997077011365,2.4786981270764303
7,1,Jeffrey Ross,0.05233036425238543,0.02534987369877859,0.07630046174790887,0.07549580879231155,523303.6425238543,754958.0879231155,0.052504462879344745,Percent,1,0.05095058804913029,0.9736333537332058,2.4786981270764303
7,1,Toni Braxton,0.07872087066493925,0.03603454973910247,0.13846854679773973,0.07495642102197393,787208.7066493925,749564.2102197394,0.052504462879344745,Percent,0,0.10243399705863726,1.3012304893657556,2.4786981270764303
7,1,Lance Bass,0.08173693737057905,0.03642958972476036,0.14551896072482493,0.05509359034108115,817369.3737057905,550935.9034108114,0.052504462879344745,Percent,0,0.10908937100006456,1.334639815356367,2.4786981270764303
7,1,Kim Kardashian,0.08344468882199581,0.045374769480531756,0.14494137914176608,0.09144717935564084,834446.888219958,914471.7935564084,0.052504462879344745,Percent,0,0.09956660966123432,1.1932048769889931,2.4786981270764303
7,1,Rocco DiSpirito,0.08772424284872007,0.047680685264964,0.14358816359429058,0.08440666184280694,877242.4284872008,844066.6184280694,0.052504462879344745,Percent,0,0.09590747832932658,1.0932836262231234,2.4786981270764303
7,1,Brooke Burke,0.07857772144232263,0.03411798869276571,0.13673829482510463,0.06499004335808622,785777.2144232263,649900.4335808622,0.052504462879344745,Percent,0,0.10262030613233893,1.3059720267870578,2.4786981270764303
7,2,Cloris Leachman,0.11880153632156346,0.06953611028433569,0.19424997058794802,0.10647993755181664,1188015.3632156346,1064799.3755181665,0.02529596276434281,Percent,0,0.12471386030361233,1.0497663933069503,2.273312761399988
7,2,Susan Lucci,0.10136035794493382,0.04521605579376252,0.18098999056789092,0.07719942586101214,1013603.5794493383,771994.2586101214,0.02529596276434281,Percent,0,0.1357739347741284,1.3395171201732585,2.273312761399988
7,2,Cody Linley,0.1040469284440729,0.04640964869379934,0.1803296398176088,0.09806415779372424,1040469.284440729,980641.5779372423,0.02529596276434281,Percent,0,0.13391999112380945,1.2871114325666408,2.273312761399988
7,2,Misty May-Treanor,0.03541075723542577,0.016198103990351934,0.05516558483820853,0.059792494701977186,354107.5723542577,597924.9470197719,0.02529596276434281,Percent,1,0.03896748084785659,1.1004418964775085,2.273312761399988
7,2,Maurice Greene,0.10483705721923924,0.054586523259745987,0.18569070802614446,0.11896057574124129,1048370.5721923923,1189605.757412413,0.02529596276434281,Percent,0,0.13110418476639846,1.2505519350111898,2.273312761399988
7,2,Warren Sapp,0.09039686180652924,0.036307247546036675,0.17282314111607228,0.090830089167333,903968.6180652924,908300.89167333,0.02529596276434281,Percent,0,0.1365158935700356,1.5101839913670017,2.273312761399988
7,2,Toni Braxton,0.09060772678898349,0.038538896453563676,0.17451374875503875,0.09778610864949151,906077.2678898349,977861.0864949151,0.02529596276434281,Percent,0,0.13597485230147507,1.5006981978275118,2.273312761399988
7,2,Lance Bass,0.09881914393368911,0.0496249991641452,0.17230898899293673,0.0945405031675055,988191.439336891,945405.0316750549,0.02529596276434281,Percent,0,0.12268398982879153,1.2415002290559864,2.273312761399988
7,2,Kim Kardashian,0.0459808846772365,0.020615669518229428,0.070541721833528,0.07002751399387795,459808.84677236504,700275.1399387795,0.02529596276434281,Percent,1,0.04992605231529857,1.0858001681732579,2.273312761399988
7,2,Rocco DiSpirito,0.117661861230706,0.06603209971550678,0.20687955719981574,0.09250571874423089,1176618.61230706,925057.1874423089,0.02529596276434281,Percent,0,0.14084745748430896,1.1970527748846476,2.273312761399988
7,2,Brooke Burke,0.09207688439762064,0.040654319053659,0.16883563716509628,0.09381347462778938,920768.8439762064,938134.7462778939,0.02529596276434281,Percent,0,0.1281813181114373,1.3921118090606204,2.273312761399988
7,3,Cloris Leachman,0.12900763369487048,0.05138407944971677,0.2335727035323422,0.1202153303823832,1290076.3369487047,1202153.303823832,1.0,Percent,0,0.18218862408262543,1.4122313452670476,2.096550974191611
7,3,Susan Lucci,0.10841087715634382,0.04126953192571401,0.19109936124046256,0.12698199069720634,1084108.7715634382,1269819.9069720635,1.0,Percent,0,0.14982982931474856,1.3820553181086503,2.096550974191611
7,3,Cody Linley,0.11235723632947626,0.044126962347950126,0.1975613292272492,0.1252724757067574,1123572.3632947626,1252724.757067574,1.0,Percent,0,0.15343436687929907,1.3655939919113733,2.096550974191611
7,3,Maurice Greene,0.11738107236576957,0.04623544883190033,0.20953113220585495,0.13162349527937858,1173810.7236576958,1316234.9527937858,1.0,Percent,0,0.16329568337395461,1.3911585580434225,2.096550974191611
7,3,Warren Sapp,0.10222834340247662,0.036072471443976455,0.1884384960019852,0.08158472545318665,1022283.4340247662,815847.2545318665,1.0,Percent,0,0.15236602455800874,1.4904479470838952,2.096550974191611
7,3,Toni Braxton,0.09785144944677338,0.03704298388753008,0.17773084934641786,0.09553003482605685,978514.4944677338,955300.3482605685,1.0,Percent,0,0.14068786545888778,1.4377698670208807,2.096550974191611
7,3,Lance Bass,0.10381068897649097,0.04297180719777301,0.18597486010492406,0.06656814244640392,1038106.8897649097,665681.4244640393,1.0,Percent,0,0.14300305290715104,1.3775368829267245,2.096550974191611
7,3,Rocco DiSpirito,0.12905856714811248,0.052831270360162004,0.22208433661117935,0.1374022578528071,1290585.6714811248,1374022.578528071,1.0,Percent,0,0.16925306625101735,1.3114438660765244,2.096550974191611
7,3,Brooke Burke,0.09989413147968654,0.038662284189059606,0.1859540165516757,0.11482154735582008,998941.3147968653,1148215.4735582008,1.0,Percent,0,0.1472917323626161,1.474478332018612,2.096550974191611
7,4,Cloris Leachman,0.13828449959968425,0.06886976360694184,0.23062830119519828,0.14989525740619056,1382844.9959968426,1498952.5740619055,0.14912019087384432,Percent,0,0.16175853758825642,1.1697517657910068,2.101858279593689
7,4,Susan Lucci,0.11634418121048548,0.052722802585689246,0.20084614016460595,0.086034907098079,1163441.8121048547,860349.07098079,0.14912019087384432,Percent,0,0.14812333757891671,1.2731477933643933,2.101858279593689
7,4,Cody Linley,0.12094962714401392,0.06033265093677064,0.21646819498844544,0.13366302750418765,1209496.2714401393,1336630.2750418766,0.14912019087384432,Percent,0,0.1561355440516748,1.2909138104722326,2.101858279593689
7,4,Maurice Greene,0.12924222432495877,0.0632819807801292,0.22334031356804637,0.13998926427174463,1292422.2432495877,1399892.6427174462,0.14912019087384432,Percent,0,0.16005833278791717,1.238436846966331,2.101858279593689
7,4,Warren Sapp,0.11435197751069176,0.052895423492582076,0.20091989591155024,0.0944576346496835,1143519.7751069176,944576.346496835,0.14912019087384432,Percent,0,0.14802447241896816,1.294463599504679,2.101858279593689
7,4,Toni Braxton,0.1072989324800453,0.05028290383989356,0.18905393767954995,0.1330907808948714,1072989.324800453,1330907.8089487138,0.14912019087384432,Percent,0,0.1387710338396564,1.2933123436755911,2.101858279593689
7,4,Lance Bass,0.1068390758208765,0.04404807804197433,0.18892791646548865,0.08079580443294218,1068390.758208765,807958.0443294218,0.14912019087384432,Percent,0,0.14487983842351432,1.3560566422945846,2.101858279593689
7,4,Rocco DiSpirito,0.06308165744885118,0.03370092231417258,0.08984266005588518,0.10183526737886282,630816.5744885118,1018352.6737886282,0.14912019087384432,Percent,1,0.0561417377417126,0.8899851400898001,2.101858279593689
7,4,Brooke Burke,0.10360782446039293,0.041327794596790826,0.19960660983773967,0.08023805636343811,1036078.2446039293,802380.5636343812,0.14912019087384432,Percent,0,0.15827881524094883,1.527672413404023,2.101858279593689
7,5,Cloris Leachman,0.156229861941221,0.08315298593311339,0.2574510499651301,0.18574747871392305,1562298.6194122098,1857474.7871392306,0.2254283137962128,Percent,0,0.1742980640320167,1.1156513989469796,1.9883401127600036
7,5,Susan Lucci,0.13646999501679005,0.06858125560037502,0.22815875967879132,0.10658754407353062,1364699.9501679004,1065875.4407353061,0.2254283137962128,Percent,0,0.1595775040784163,1.1693230006990425,1.9883401127600036
7,5,Cody Linley,0.13384068504602942,0.05897152500703524,0.23139156212943313,0.14432356916939434,1338406.8504602942,1443235.6916939435,0.2254283137962128,Percent,0,0.1724200371223979,1.2882483159967433,1.9883401127600036
7,5,Maurice Greene,0.13890864565658695,0.07000499766213363,0.23090626136105627,0.13680453481682692,1389086.4565658695,1368045.3481682693,0.2254283137962128,Percent,0,0.16090126369892266,1.1583243284705715,1.9883401127600036
7,5,Warren Sapp,0.12873786925522096,0.06521869895460683,0.2169609042329222,0.1313958651334743,1287378.6925522096,1313958.6513347428,0.2254283137962128,Percent,0,0.15174220527831536,1.1786912907303806,1.9883401127600036
7,5,Toni Braxton,0.061753116731161184,0.03305136491288473,0.09274318070081881,0.09493049824787433,617531.1673116118,949304.9824787433,0.2254283137962128,Percent,1,0.05969181578793408,0.9666202929934555,1.9883401127600036
7,5,Lance Bass,0.13334138327099487,0.07392855814730537,0.21932686631070528,0.11135962979370477,1333413.8327099488,1113596.2979370477,0.2254283137962128,Percent,0,0.1453983081633999,1.090421477538607,1.9883401127600036
7,5,Brooke Burke,0.11071844308199524,0.048003534087710915,0.19292918519517302,0.08885088005127167,1107184.4308199524,888508.8005127168,0.2254283137962128,Percent,0,0.1449256511074621,1.3089567290982758,1.9883401127600036
7,6,Cloris Leachman,0.10754814697136894,0.06154672214173682,0.14859080764906146,0.1725259296882132,1075481.4697136893,1725259.296882132,0.3263707571801567,Percent,1,0.08704408550732465,0.8093499326445596,1.8787991937360367
7,6,Susan Lucci,0.15690549018788424,0.08208756044391316,0.25356506712296273,0.12744227230367633,1569054.9018788424,1274422.7230367633,0.3263707571801567,Percent,0,0.17147750667904957,1.092871297707405,1.8787991937360367
7,6,Cody Linley,0.15524510897887953,0.08107921463573774,0.25535736653276303,0.13460806898367042,1552451.0897887952,1346080.6898367042,0.3263707571801567,Percent,0,0.17427815189702528,1.1225999520586192,1.8787991937360367
7,6,Maurice Greene,0.16016869814478235,0.0917903237494622,0.24839446749380664,0.15522866968388788,1601686.9814478236,1552286.6968388788,0.3263707571801567,Percent,0,0.15660414374434445,0.9777449998549919,1.8787991937360367
7,6,Warren Sapp,0.1440400324876295,0.07446251967030554,0.23951786937372552,0.14814408485598776,1440400.324876295,1481440.8485598776,0.3263707571801567,Percent,0,0.16505534970341998,1.1458991424317773,1.8787991937360367
7,6,Lance Bass,0.1509011323891897,0.07460719423423781,0.2538052726609126,0.14280563812755007,1509011.323891897,1428056.3812755006,0.3263707571801567,Percent,0,0.17919807842667476,1.1875197726449414,1.8787991937360367
7,6,Brooke Burke,0.12519139084026623,0.06020516475979888,0.21191604183135165,0.11924533635701441,1251913.9084026623,1192453.3635701442,0.3263707571801567,Percent,0,0.15171087707155279,1.2118315489051736,1.8787991937360367
7,7,Susan Lucci,0.099908327725271,0.05965925244374425,0.1350538150118233,0.141793462055857,999083.27725271,1417934.62055857,0.14128284826222096,Percent,1,0.07539456256807905,0.7546374189687154,1.7295495968918022
7,7,Cody Linley,0.19146563680038814,0.12005289290818728,0.28422816972730536,0.19699322706451516,1914656.3680038813,1969932.2706451516,0.14128284826222096,Percent,0,0.1641752768191181,0.8574660161618373,1.7295495968918022
7,7,Maurice Greene,0.19030853036094122,0.11447813252307391,0.2909141609591004,0.18896438056494091,1903085.3036094122,1889643.805649409,0.14128284826222096,Percent,0,0.17643602843602646,0.9271052017552549,1.7295495968918022
7,7,Warren Sapp,0.18999574680131065,0.1255891887385407,0.28157656918943635,0.1730270510764932,1899957.4680131066,1730270.5107649318,0.14128284826222096,Percent,0,0.15598738045089566,0.8210045912976175,1.7295495968918022
7,7,Lance Bass,0.18344109095242833,0.10922196695713357,0.27823591821121224,0.16563508477182737,1834410.9095242834,1656350.8477182738,0.14128284826222096,Percent,0,0.16901395125407867,0.9213527371460571,1.7295495968918022
7,7,Brooke Burke,0.14488066735966101,0.07844248473691223,0.23411728360092104,0.1335867944663663,1448806.67359661,1335867.944663663,0.14128284826222096,Percent,0,0.1556747988640088,1.0745036014884701,1.7295495968918022
7,8,Cody Linley,0.23007379339076708,0.15397417425382215,0.3369140922882338,0.21929537430667798,2300737.933907671,2192953.74306678,0.20894274968658588,Percent,0,0.18293991803441167,0.7951358359345985,1.560814418988465
7,8,Maurice Greene,0.13472620387601003,0.08822890136224976,0.17856553731405564,0.17660476988370477,1347262.0387601003,1766047.6988370477,0.20894274968658588,Percent,1,0.09033663595180588,0.6705201612816439,1.560814418988465
7,8,Warren Sapp,0.22037231907242869,0.13522548509240626,0.323433162786461,0.218330058415712,2203723.1907242867,2183300.58415712,0.20894274968658588,Percent,0,0.18820767769405475,0.8540440944953592,1.560814418988465
7,8,Lance Bass,0.2314047606428215,0.1542498595363514,0.3284913392195219,0.2258908747925374,2314047.6064282153,2258908.7479253737,0.20894274968658588,Percent,0,0.1742414796831705,0.7529727530200477,1.560814418988465
7,8,Brooke Burke,0.1834229230179726,0.11531798202240988,0.26856910048776944,0.1598789226013679,1834229.2301797261,1598789.226013679,0.20894274968658588,Percent,0,0.15325111846535955,0.8355069036291789,1.560814418988465
7,9,Cody Linley,0.1906845932370324,0.13187918316709668,0.2407380787583616,0.24328224195276954,1906845.9323703242,2432822.4195276955,0.24213075060532688,Percent,1,0.10885889559126491,0.5708845887509473,1.3546733839122664
7,9,Warren Sapp,0.2814004413376599,0.1998115953931378,0.39152794756879505,0.2699023629129575,2814004.413376599,2699023.629129575,0.24213075060532688,Percent,0,0.19171635217565725,0.6812937153343398,1.3546733839122664
7,9,Lance Bass,0.2722859626454805,0.18445943246434202,0.38719230882073513,0.2561719958623902,2722859.626454805,2561719.958623902,0.24213075060532688,Percent,0,0.20273287635639312,0.7445586778939232,1.3546733839122664
7,9,Brooke Burke,0.2556290027798273,0.18309379552512148,0.3534717724536037,0.23064339927188268,2556290.027798273,2306433.992718827,0.24213075060532688,Percent,0,0.17037797692848225,0.6665048765035023,1.3546733839122664
8,1,Gilles Marini,0.07572943901217628,0.03281576480418378,0.1348080967017558,0.07278311741812046,757294.3901217629,727831.1741812046,1.0,Percent,0,0.10199233189757204,1.3467989889793457,2.4745627726425075
8,1,Denise Richards,0.0776965911997711,0.03566237085392855,0.1376024236500298,0.07984937562409593,776965.9119977109,798493.7562409593,1.0,Percent,0,0.10194005279610126,1.3120273518048702,2.4745627726425075
8,1,David Alan Grier,0.07964807935919323,0.030745684341348656,0.13794281944142525,0.05384102018235984,796480.7935919323,538410.2018235984,1.0,Percent,0,0.1071971351000766,1.3458847465316008,2.4745627726425075
8,1,Lawrence Taylor,0.07454055661815562,0.0293541047606636,0.13330441501962761,0.08147273912413788,745405.5661815562,814727.3912413788,1.0,Percent,0,0.10395031025896401,1.3945470087037846,2.4745627726425075
8,1,Ty Murray,0.07508158846805356,0.0306586772464071,0.13211553350086397,0.11047637822021622,750815.8846805356,1104763.7822021623,1.0,Percent,0,0.10145685625445687,1.35128808972423,2.4745627726425075
8,1,Shawn Johnson,0.07669499420874533,0.030989068606736964,0.13629955862699486,0.07761595311455442,766949.9420874533,776159.5311455443,1.0,Percent,0,0.1053104900202579,1.3731077380829846,2.4745627726425075
8,1,Steve Wozniak,0.07825239318197416,0.032660542855444216,0.13850625826506352,0.08983498282794589,782523.9318197416,898349.8282794589,1.0,Percent,0,0.1058457154096193,1.3526195315647087,2.4745627726425075
8,1,Belinda Carlisle,0.07814986106956907,0.0289884747120443,0.1408172760498826,0.07777603950392278,781498.6106956907,777760.3950392278,1.0,Percent,0,0.11182880133783829,1.4309532967472354,2.4745627726425075
8,1,Chuck Wicks,0.07660150534784042,0.03179505116623434,0.13660000836708794,0.08157895805183688,766015.0534784042,815789.5805183687,1.0,Percent,0,0.1048049572008536,1.3681840418793845,2.4745627726425075
8,1,Lil' Kim,0.07530679628201564,0.031107582960168807,0.13161907281225307,0.07746148128704443,753067.9628201565,774614.8128704443,1.0,Percent,0,0.10051148985208427,1.3346934780717512,2.4745627726425075
8,1,Steve-O,0.07844055110370826,0.0304634815172781,0.1340883403036745,0.05817284717275229,784405.5110370826,581728.4717275229,1.0,Percent,0,0.1036248587863964,1.3210623501279501,2.4745627726425075
8,1,Holly Madison,0.07890914210224609,0.035149368398589315,0.13786467738326957,0.07121436505909809,789091.4210224609,712143.6505909809,1.0,Percent,0,0.10271530898468026,1.3016908592364045,2.4745627726425075
8,1,Melissa Rycroft,0.07494850204655153,0.028908460203079488,0.13277095101432515,0.06792274241391456,749485.0204655153,679227.4241391456,1.0,Percent,0,0.10386249081124566,1.38578474519391,2.4745627726425075
8,2,Gilles Marini,0.07358836429498983,0.022433774274989396,0.14438305138170768,0.08122871457355875,735883.6429498983,812287.1457355875,0.10974539069359086,Percent,0,0.12194927710671828,1.6571815160596122,2.4240674179487236
8,2,Denise Richards,0.0802211788811733,0.02825349745815227,0.1524781294317031,0.09285455600779621,802211.788811733,928545.5600779621,0.10974539069359086,Percent,0,0.12422463197355084,1.5485266323193423,2.4240674179487236
8,2,David Alan Grier,0.08683749560816116,0.038718247968707285,0.16217453386489977,0.09610045619126743,868374.9560816116,961004.5619126743,0.10974539069359086,Percent,0,0.12345628589619248,1.4216933023180116,2.4240674179487236
8,2,Lawrence Taylor,0.08063173977662726,0.030634341496008563,0.16192951065277747,0.08683011525093827,806317.3977662725,868301.1525093827,0.10974539069359086,Percent,0,0.13129516915676892,1.6283310954283474,2.4240674179487236
8,2,Ty Murray,0.07864351048800948,0.03154628010782103,0.1473573795600224,0.10140581561147531,786435.1048800948,1014058.1561147531,0.10974539069359086,Percent,0,0.11581109945220136,1.4726084674190467,2.4240674179487236
8,2,Shawn Johnson,0.07614553111930213,0.024441354102974863,0.15388425519247562,0.07660772069880042,761455.3111930212,766077.2069880043,0.10974539069359086,Percent,0,0.12944290108950074,1.699940878824447,2.4240674179487236
8,2,Steve Wozniak,0.0849893443448977,0.034687984515362515,0.15987204849039513,0.06653512778596408,849893.443448977,665351.2778596409,0.10974539069359086,Percent,0,0.12518406397503262,1.472938342329358,2.4240674179487236
8,2,Belinda Carlisle,0.026508170987546303,0.009670336764831484,0.043852663104957376,0.03812385301819252,265081.70987546304,381238.5301819252,0.10974539069359086,Percent,1,0.03418232634012589,1.2895015033736184,2.4240674179487236
8,2,Chuck Wicks,0.08151861758325293,0.030533926711863123,0.15642841269689703,0.056163567938563155,815186.1758325293,561635.6793856316,0.10974539069359086,Percent,0,0.12589448598503392,1.5443648299906585,2.4240674179487236
8,2,Lil' Kim,0.07825594242963409,0.02550300273402267,0.15254746889642953,0.06302274029591969,782559.4242963409,630227.4029591968,0.10974539069359086,Percent,0,0.12704446616240686,1.6234481653152701,2.4240674179487236
8,2,Steve-O,0.09198647292574659,0.045190012517976295,0.17448133896381018,0.06920934951477363,919864.7292574659,692093.4951477363,0.10974539069359086,Percent,0,0.12929132644583388,1.4055471672470858,2.4240674179487236
8,2,Holly Madison,0.08301293413034275,0.03257430457206427,0.15648412505613676,0.08837941660611222,830129.3413034275,883794.1660611222,0.10974539069359086,Percent,0,0.1239098204840725,1.492656798391387,2.4240674179487236
8,2,Melissa Rycroft,0.07766069743031652,0.024946487235258913,0.15269027713894098,0.08353856650663843,776606.9743031652,835385.6650663844,0.10974539069359086,Percent,0,0.12774378990368207,1.6448962490750765,2.4240674179487236
8,3,Gilles Marini,0.07336166773362815,0.021966291497873353,0.14475073007344272,0.04761417092789617,733616.6773362815,476141.70927896164,0.1723543605653223,Percent,0,0.12278443857556937,1.6736865773198117,2.346396505511406
8,3,Denise Richards,0.0349632741453688,0.01469034271434794,0.05830451152244094,0.07747126893492728,349632.741453688,774712.6893492729,0.1723543605653223,Percent,1,0.043614168808093004,1.247428047692441,2.346396505511406
8,3,David Alan Grier,0.09016722522503665,0.031264049107229554,0.1675655220371519,0.07875336150883369,901672.2522503665,787533.6150883369,0.1723543605653223,Percent,0,0.13630147292992234,1.5116520730203822,2.346396505511406
8,3,Lawrence Taylor,0.08982509006584166,0.03321112439290185,0.17105190878204873,0.08892348473571395,898250.9006584166,889234.8473571395,0.1723543605653223,Percent,0,0.13784078438914688,1.5345465758855323,2.346396505511406
8,3,Ty Murray,0.08271164498135507,0.027612046373921482,0.15959175754214402,0.06581405597440784,827116.4498135507,658140.5597440784,0.1723543605653223,Percent,0,0.13197971116822255,1.5956605771529937,2.346396505511406
8,3,Shawn Johnson,0.07980627292977072,0.023459642477797065,0.1601679553309788,0.04630055628217998,798062.7292977072,463005.56282179983,0.1723543605653223,Percent,0,0.13670831285318175,1.713002096633239,2.346396505511406
8,3,Steve Wozniak,0.10737804386920229,0.060674922690542414,0.18784962336683705,0.12934328894064062,1073780.4386920228,1293432.8894064063,0.1723543605653223,Percent,0,0.12717470067629463,1.1843641036263126,2.346396505511406
8,3,Chuck Wicks,0.08303351335582242,0.029854483402249752,0.15348120027190928,0.10847606773628678,830335.1335582242,1084760.6773628679,0.1723543605653223,Percent,0,0.12362671686965954,1.4888773444992458,2.346396505511406
8,3,Lil' Kim,0.07918323833472006,0.024000643940332123,0.15211227974595623,0.0738642438214352,791832.3833472006,738642.4382143519,0.1723543605653223,Percent,0,0.1281116358056241,1.617913569840071,2.346396505511406
8,3,Steve-O,0.10468292862076901,0.04582045036603731,0.1837964329754786,0.09627913691056557,1046829.2862076901,962791.3691056557,0.1723543605653223,Percent,0,0.13797598260944127,1.3180370899755947,2.346396505511406
8,3,Holly Madison,0.09243299787398414,0.03754528912111509,0.1786056751774475,0.10283467332712949,924329.9787398414,1028346.733271295,0.1723543605653223,Percent,0,0.1410603860563324,1.5260825603497465,2.346396505511406
8,3,Melissa Rycroft,0.08245410286450096,0.023898929178580004,0.17307231928676511,0.08432569089998328,824541.0286450096,843256.9089998328,0.1723543605653223,Percent,0,0.14917339010818512,1.80916879725592,2.346396505511406
8,4,Gilles Marini,0.08175596508010985,0.028520101013720437,0.16666291311047704,0.06472550032858417,817559.6508010984,647255.0032858417,0.08742787200559539,Percent,0,0.1381428120967566,1.689697038759132,2.2832946317995746
8,4,David Alan Grier,0.10219162401954571,0.0455613785931326,0.1869797009435328,0.08024288937591963,1021916.2401954571,802428.8937591963,0.08742787200559539,Percent,0,0.1414183223504002,1.3838543394060534,2.2832946317995746
8,4,Lawrence Taylor,0.10818109012001087,0.05444755256549602,0.18955606141757503,0.1318155906254461,1081810.9012001087,1318155.906254461,0.08742787200559539,Percent,0,0.135108508852079,1.248910587813417,2.2832946317995746
8,4,Ty Murray,0.09368337444946764,0.03781385016603199,0.17722129356789523,0.10749198280536673,936833.7444946765,1074919.8280536672,0.08742787200559539,Percent,0,0.13940744340186323,1.4880702602899827,2.2832946317995746
8,4,Shawn Johnson,0.09136637712076036,0.03776537556332766,0.17767121460467786,0.08654760168164324,913663.7712076036,865476.0168164325,0.08742787200559539,Percent,0,0.1399058390413502,1.5312617556941597,2.2832946317995746
8,4,Steve Wozniak,0.06510802268960786,0.031163355013603407,0.09673273815266026,0.11559041317942556,651080.2268960786,1155904.1317942557,0.08742787200559539,Percent,1,0.06556938313905686,1.0070860768057488,2.2832946317995746
8,4,Chuck Wicks,0.096479034280054,0.042953763628232375,0.17230381194408112,0.0783876445071676,964790.34280054,783876.445071676,0.08742787200559539,Percent,0,0.12935004831584873,1.340706292108797,2.2832946317995746
8,4,Lil' Kim,0.08838109583670113,0.03459406781251933,0.16354824398993453,0.07942739388169795,883810.9583670113,794273.9388169795,0.08742787200559539,Percent,0,0.1289541761774152,1.4590696681978195,2.2832946317995746
8,4,Steve-O,0.13016089168523431,0.07274992560846319,0.22772170580526785,0.11027020388852064,1301608.9168523431,1102702.0388852064,0.08742787200559539,Percent,0,0.15497178019680466,1.1906170754543544,2.2832946317995746
8,4,Holly Madison,0.05367359224859623,0.026233588167271678,0.08197122049681925,0.0850179069133789,536735.9224859623,850179.069133789,0.08742787200559539,Percent,1,0.05573763232954757,1.038455411581015,2.2832946317995746
8,4,Melissa Rycroft,0.08901893246991203,0.029517240151835888,0.17404581807872554,0.06048287281284958,890189.3246991204,604828.7281284957,0.08742787200559539,Percent,0,0.14452857792688967,1.6235712327345604,2.2832946317995746
8,5,Gilles Marini,0.09720023846452029,0.040261141712361365,0.17477641073444428,0.09323464609103134,972002.3846452029,932346.4609103134,0.12013455069678039,Percent,0,0.1345152690220829,1.3838985494997857,2.0954167010724287
8,5,David Alan Grier,0.05202553447102448,0.02664173584933528,0.07795314894143753,0.08551031699661107,520255.3447102448,855103.1699661107,0.12013455069678039,Percent,1,0.05131141309210224,0.9862736368557642,2.0954167010724287
8,5,Lawrence Taylor,0.13182252257506347,0.07123228965228624,0.2173905700297307,0.10986813414114387,1318225.2257506347,1098681.3414114388,0.12013455069678039,Percent,0,0.14615828037744444,1.1087504435686837,2.0954167010724287
8,5,Ty Murray,0.12371494214428182,0.06496673626697526,0.20427853459857964,0.12102818625749255,1237149.4214428181,1210281.8625749254,0.12013455069678039,Percent,0,0.1393117983316044,1.1260709168754477,2.0954167010724287
8,5,Shawn Johnson,0.11011185592270459,0.051534423501522375,0.18986513979034697,0.09541465264698078,1101118.5592270459,954146.5264698077,0.12013455069678039,Percent,0,0.1383307162888246,1.2562744958719871,2.0954167010724287
8,5,Chuck Wicks,0.115488218756984,0.05978768190954381,0.19197757245019348,0.12838106235276106,1154882.18756984,1283810.6235276107,0.12013455069678039,Percent,0,0.13218989054064967,1.1446179702434423,2.0954167010724287
8,5,Lil' Kim,0.10873192868100903,0.052022111435664445,0.19893663732314196,0.11014552066520178,1087319.2868100903,1101455.2066520178,0.12013455069678039,Percent,0,0.1469145258874775,1.3511626959040357,2.0954167010724287
8,5,Steve-O,0.1562770695903453,0.08830452948686478,0.26057686916608014,0.18335762119250193,1562770.6959034528,1833576.2119250193,0.12013455069678039,Percent,0,0.17227233967921535,1.102351996558414,2.0954167010724287
8,5,Melissa Rycroft,0.10462768939406737,0.046835328144163774,0.1920127108681482,0.07305985965627569,1046276.8939406737,730598.5965627569,0.12013455069678039,Percent,0,0.14517738272398442,1.3875617780030638,2.0954167010724287
8,6,Gilles Marini,0.11118134182557715,0.05146461695985401,0.1907169055130007,0.1042682874161295,1111813.4182557715,1042682.8741612949,0.1571338780641106,Percent,0,0.13925228855314667,1.252478934564467,1.9998359466813778
8,6,Lawrence Taylor,0.1507555840142667,0.07369752882723808,0.2434027383735756,0.1392780248468328,1507555.840142667,1392780.248468328,0.1571338780641106,Percent,0,0.1697052095463375,1.125697669217198,1.9998359466813778
8,6,Ty Murray,0.1497878719791079,0.0813368568155574,0.2505478235236301,0.1420734956973903,1497878.719791079,1420734.956973903,0.1571338780641106,Percent,0,0.16921096670807267,1.1296706767532814,1.9998359466813778
8,6,Shawn Johnson,0.12234607097758217,0.060216578935888145,0.2132446530621954,0.10786751701957693,1223460.7097758218,1078675.1701957693,0.1571338780641106,Percent,0,0.15302807412630726,1.250780453377592,1.9998359466813778
8,6,Chuck Wicks,0.13662865701762117,0.06679182381736683,0.23854170671107772,0.1373506281721825,1366286.5701762117,1373506.281721825,0.1571338780641106,Percent,0,0.1717498828937109,1.2570560718573125,1.9998359466813778
8,6,Lil' Kim,0.12200079027454808,0.05353143836698681,0.20856921972327738,0.14289288867360586,1220007.9027454809,1428928.8867360586,0.1571338780641106,Percent,0,0.15503778135629057,1.2707932547600447,1.9998359466813778
8,6,Steve-O,0.08821727950201637,0.051381481780528544,0.12122828445944792,0.1323602177233624,882172.7950201636,1323602.177233624,0.1571338780641106,Percent,1,0.06984680267891938,0.7917587469620723,1.9998359466813778
8,6,Melissa Rycroft,0.11908240440928064,0.05150818617776757,0.21874085125231799,0.09390894045091973,1190824.0440928063,939089.4045091973,0.1571338780641106,Percent,0,0.16723266507455042,1.4043440414570367,1.9998359466813778
8,7,Gilles Marini,0.13508714502990973,0.0724357842691672,0.22658149442568093,0.13055244984690775,1350871.4502990972,1305524.4984690775,0.1924557351809084,Percent,0,0.15414571015651374,1.1410834844602293,1.8770977427545403
8,7,Lawrence Taylor,0.0945739702225314,0.05494588574659576,0.12955264481737022,0.14972265210015873,945739.702225314,1497226.5210015872,0.1924557351809084,Percent,1,0.07460675907077446,0.7888720215004791,1.8770977427545403
8,7,Ty Murray,0.18085617608833193,0.09872003929938869,0.2888298122308989,0.17221996315371463,1808561.7608833194,1722199.6315371462,0.1924557351809084,Percent,0,0.19010977293151018,1.0511655009152616,1.8770977427545403
8,7,Shawn Johnson,0.13998023831068845,0.07726407158379575,0.22651683434785017,0.11410026394286325,1399802.3831068845,1141002.6394286326,0.1924557351809084,Percent,0,0.14925276276405441,1.0662416678616122,1.8770977427545403
8,7,Chuck Wicks,0.15867211117983004,0.08149853326573407,0.26140176401899173,0.1647936352148702,1586721.1117983004,1647936.352148702,0.1924557351809084,Percent,0,0.17990323075325765,1.1338049857379502,1.8770977427545403
8,7,Lil' Kim,0.15075659122307214,0.08207739971420036,0.2364624462069803,0.15563781482916156,1507565.9122307214,1556378.1482916155,0.1924557351809084,Percent,0,0.15438504649277993,1.0240683026876007,1.8770977427545403
8,7,Melissa Rycroft,0.14007376794563653,0.07324179130685321,0.23468083430505737,0.11297322091232387,1400737.6794563653,1129732.2091232387,0.1924557351809084,Percent,0,0.16143904299820416,1.1525287380065312,1.8770977427545403
8,8,Gilles Marini,0.1644208640125074,0.09288092262631463,0.2633079418083072,0.1713979141971117,1644208.6401250742,1713979.1419711171,0.12843565373747753,Percent,0,0.17042701918199255,1.0365291546517372,1.731324495559523
8,8,Ty Murray,0.20597403751676308,0.12007332388958464,0.3084608644187673,0.2015269610263229,2059740.3751676308,2015269.6102632289,0.12843565373747753,Percent,0,0.18838754052918266,0.914617894567663,1.731324495559523
8,8,Shawn Johnson,0.17423639159303816,0.10846698629728801,0.2731078418984634,0.161868852904698,1742363.9159303817,1618688.52904698,0.12843565373747753,Percent,0,0.16464085560117536,0.944928060641459,1.731324495559523
8,8,Chuck Wicks,0.09856313108954362,0.055719624207523785,0.1377461528842747,0.13843015240257306,985631.3108954362,1384301.5240257306,0.12843565373747753,Percent,1,0.0820265286767509,0.832223243823602,1.731324495559523
8,8,Lil' Kim,0.17626957011586084,0.10544432843749146,0.26534869393836424,0.17029198667401038,1762695.7011586083,1702919.8667401038,0.12843565373747753,Percent,0,0.15990436550087278,0.9071580840400796,1.731324495559523
8,8,Melissa Rycroft,0.1805360056722874,0.11729108388853902,0.26358779455525433,0.15648413279528395,1805360.0567228738,1564841.3279528394,0.12843565373747753,Percent,0,0.1462967106667153,0.8103464465269938,1.731324495559523
8,9,Gilles Marini,0.2035326133457335,0.13331152286921466,0.3032837019893555,0.1741217895226706,2035326.133457335,1741217.895226706,0.24271844660194175,Percent,0,0.16997217912014084,0.8351102868777852,1.5580338866054182
8,9,Ty Murray,0.24817994828631895,0.16913675525104993,0.3527981996995625,0.24543995624844014,2481799.4828631897,2454399.5624844013,0.24271844660194175,Percent,0,0.18366144444851257,0.7400333738349683,1.5580338866054182
8,9,Shawn Johnson,0.20966473046343817,0.1287766229923053,0.3133612447980933,0.194752229353739,2096647.3046343818,1947522.2935373902,0.24271844660194175,Percent,0,0.184584621805788,0.8803799351363786,1.5580338866054182
8,9,Lil' Kim,0.12797838769829223,0.07942717811085338,0.17208109025960422,0.18519848768513733,1279783.8769829222,1851984.8768513734,0.24271844660194175,Percent,1,0.09265391214875084,0.7239809300237592,1.5580338866054182
8,9,Melissa Rycroft,0.21064432020621726,0.13146616212482778,0.3051850859690373,0.20048753719001292,2106443.202062173,2004875.3719001291,0.24271844660194175,Percent,0,0.17371892384420953,0.824702625136731,1.5580338866054182
8,10,Gilles Marini,0.25421045679671495,0.17917121957106197,0.3589314975990396,0.2290977253174695,2542104.5679671494,2290977.253174695,0.244140625,Percent,0,0.17976027802797762,0.7071317218540971,1.3577337408673649
8,10,Ty Murray,0.20109041380320442,0.1390534014731833,0.2513899109187587,0.27051876453425217,2010904.138032044,2705187.645342522,0.244140625,Percent,1,0.11233650944557538,0.5586368207263855,1.3577337408673649
8,10,Shawn Johnson,0.2726811518559271,0.18695340918297518,0.3954345538856314,0.24333584300041902,2726811.518559271,2433358.43000419,0.244140625,Percent,0,0.20848114470265625,0.764560158572341,1.3577337408673649
8,10,Melissa Rycroft,0.27201797754415374,0.1878748044000526,0.37522896646630816,0.25704766714785926,2720179.7754415376,2570476.671478593,0.244140625,Percent,0,0.18735416206625555,0.6887565438054342,1.3577337408673649
9,1,Ashley Hamiliton,0.0348098089531399,0.018131081480046905,0.05075156697575065,0.050675467513898,348098.08953139896,506754.67513898003,0.045570543200874954,Percent,1,0.03262048549570375,0.9371061340674588,2.6830114790904016
9,1,Debi Mazar,0.06984986671806553,0.034934933107864205,0.12653293983973055,0.05924709282184859,698498.6671806553,592470.9282184859,0.045570543200874954,Percent,0,0.09159800673186634,1.3113554976644788,2.6830114790904016
9,1,Melissa Joan Hart,0.0673877248847973,0.032873996229420506,0.1137434326632574,0.09773233568511411,673877.2488479731,977323.3568511411,0.045570543200874954,Percent,0,0.0808694364338369,1.2000618298375152,2.6830114790904016
9,1,Mark Dacascos,0.06230167516744913,0.027538172395341915,0.10888799606565895,0.04529263714088665,623016.7516744913,452926.37140886654,0.045570543200874954,Percent,0,0.08134982367031704,1.3057405511436397,2.6830114790904016
9,1,Chuck Liddell,0.06792309077705996,0.03580072586141134,0.11503629445238339,0.05039691568663477,679230.9077705996,503969.1568663477,0.045570543200874954,Percent,0,0.07923556859097206,1.1665483370160876,2.6830114790904016
9,1,Natalie Coughlin,0.06520030316936026,0.029652992593506577,0.11083334609414139,0.05748298036893556,652003.0316936027,574829.8036893556,0.045570543200874954,Percent,0,0.08118035350063481,1.245091656855732,2.6830114790904016
9,1,Louie Vito,0.06620262367349695,0.02902901596871634,0.11770869159951586,0.08733099567699872,662026.2367349695,873309.9567699871,0.045570543200874954,Percent,0,0.08867967563079951,1.3395190509088666,2.6830114790904016
9,1,Michael Irvin,0.07276118649402509,0.042437150758380005,0.11297502880586542,0.07524087417616925,727611.8649402509,752408.7417616925,0.045570543200874954,Percent,0,0.07053787804748542,0.9694437576726124,2.6830114790904016
9,1,Joanna Krupa,0.06193354956366064,0.026103996492861516,0.11529956739488932,0.04451622125887289,619335.4956366065,445162.21258872893,0.045570543200874954,Percent,0,0.0891955709020278,1.4401818001783493,2.6830114790904016
9,1,Kathy Ireland,0.0714298200799532,0.038597358231047006,0.11738185689254194,0.05479632474032857,714298.200799532,547963.2474032857,0.045570543200874954,Percent,0,0.07878449866149492,1.1029637002208523,2.6830114790904016
9,1,Tom DeLay,0.0709305605604555,0.04040927003347876,0.11632857959607489,0.059990889044121004,709305.6056045551,599908.89044121,0.045570543200874954,Percent,0,0.07591930956259613,1.070332857413253,2.6830114790904016
9,1,Macy Gray,0.03434959354189058,0.017559920798801004,0.05059928096626524,0.05497044195244332,343495.9354189058,549704.4195244332,0.045570543200874954,Percent,1,0.033039360167464234,0.9618559278487977,2.6830114790904016
9,1,Aaron Carter,0.06321115254083663,0.026630777754192564,0.11467839237414819,0.06546821671330763,632111.5254083663,654682.1671330763,0.045570543200874954,Percent,0,0.08804761461995562,1.3929126598834558,2.6830114790904016
9,1,Mya,0.06291293955821486,0.027807613801928997,0.11143231959213049,0.07827959055569998,629129.3955821487,782795.9055569998,0.045570543200874954,Percent,0,0.08362470579020148,1.32921313766974,2.6830114790904016
9,1,Donny Osmond,0.0634216570203172,0.029764493910834692,0.1124839916737412,0.06136386010958178,634216.570203172,613638.6010958178,0.045570543200874954,Percent,0,0.0827194977629065,1.3042784066081279,2.6830114790904016
9,1,Kelly Osbourne,0.0653744472972774,0.028654321261846978,0.1123498843445549,0.05721515655515946,653744.472972774,572151.5655515946,0.045570543200874954,Percent,0,0.08369556308270792,1.2802488822906428,2.6830114790904016
9,2,Debi Mazar,0.07871291118401591,0.025208789452149754,0.16070440506779685,0.077919622045884,787129.111840159,779196.22045884,0.10354110581901015,Percent,0,0.1354956156156471,1.7213899673826567,2.4887390623294494
9,2,Melissa Joan Hart,0.07836832271419057,0.029066291285698032,0.15261731305945597,0.08353936062094922,783683.2271419057,835393.6062094922,0.10354110581901015,Percent,0,0.12355102177375794,1.5765428874157326,2.4887390623294494
9,2,Mark Dacascos,0.07011039280429857,0.022780119126027187,0.14561543845882102,0.08554431959910301,701103.9280429856,855443.1959910301,0.10354110581901015,Percent,0,0.12283531933279383,1.7520272590066366,2.4887390623294494
9,2,Chuck Liddell,0.07559189417780797,0.028119302033327888,0.14190279065045347,0.06399258756063601,755918.9417780797,639925.8756063601,0.10354110581901015,Percent,0,0.11378348861712559,1.5052339917489432,2.4887390623294494
9,2,Natalie Coughlin,0.07489813600666663,0.026069866399935533,0.15136242603699984,0.0683468739403083,748981.3600666663,683468.7394030831,0.10354110581901015,Percent,0,0.12529255963706432,1.6728394899695784,2.4887390623294494
9,2,Louie Vito,0.07586437295068701,0.028001657519200918,0.14641411509380917,0.10155997594037228,758643.7295068701,1015599.7594037228,0.10354110581901015,Percent,0,0.11841245757460825,1.560844082262146,2.4887390623294494
9,2,Michael Irvin,0.08068460042193801,0.028781591751913978,0.15406193330435744,0.06295339669850293,806846.0042193801,629533.9669850293,0.10354110581901015,Percent,0,0.12528034155244347,1.5527168864602812,2.4887390623294494
9,2,Joanna Krupa,0.07236399280031178,0.026414778574637227,0.1389581041179755,0.07983329641841987,723639.9280031178,798332.9641841986,0.10354110581901015,Percent,0,0.11254332554333826,1.5552393004888665,2.4887390623294494
9,2,Kathy Ireland,0.02570742684451374,0.01135923377464717,0.04231576452088194,0.06656776118124351,257074.2684451374,665677.6118124351,0.10354110581901015,Percent,1,0.03095653074623477,1.204186281788107,2.4887390623294494
9,2,Tom DeLay,0.08481374108508107,0.03402397500127962,0.16398979198599242,0.0744752868722893,848137.4108508107,744752.868722893,0.10354110581901015,Percent,0,0.1299658169847128,1.5323674598239612,2.4887390623294494
9,2,Aaron Carter,0.0697267412849638,0.019277644835998684,0.1456905519179574,0.04399793428829468,697267.412849638,439979.34288294683,0.10354110581901015,Percent,0,0.12641290708195874,1.8129759795503164,2.4887390623294494
9,2,Mya,0.06823297178053096,0.017186929070362785,0.14462697959941023,0.07973318311177972,682329.7178053096,797331.8311177972,0.10354110581901015,Percent,0,0.12744005052904744,1.8677194793589533,2.4887390623294494
9,2,Donny Osmond,0.06877157603501534,0.019633753870855808,0.14237440756647307,0.04465477908997256,687715.7603501534,446547.79089972563,0.10354110581901015,Percent,0,0.12274065369561726,1.784758482677834,2.4887390623294494
9,2,Kelly Osbourne,0.0761529199099787,0.029476559715471196,0.14550431225624844,0.06688162263224455,761529.199099787,668816.2263224456,0.10354110581901015,Percent,0,0.11602775254077724,1.5236152819607582,2.4887390623294494
9,3,Debi Mazar,0.03330208386920151,0.012990789190264562,0.052635947461017116,0.05481854188580173,333020.83869201515,548185.4188580173,0.03023888720895071,Percent,1,0.03964515827075255,1.1904707953551594,2.4269249960910058
9,3,Melissa Joan Hart,0.09060455368980842,0.03685163098829673,0.16983316892983844,0.08629211199421119,906045.5368980842,862921.1199421119,0.03023888720895071,Percent,0,0.13298153794154172,1.4677136250437712,2.4269249960910058
9,3,Mark Dacascos,0.08480076871077814,0.03885370987125109,0.16163035417721572,0.06685056749954768,848007.6871077814,668505.6749954768,0.03023888720895071,Percent,0,0.12277664430596463,1.4478246621172406,2.4269249960910058
9,3,Chuck Liddell,0.08982493786545749,0.042714022897701855,0.16964044666533465,0.12744586425767393,898249.3786545749,1274458.6425767392,0.03023888720895071,Percent,0,0.1269264237676328,1.4130421549274772,2.4269249960910058
9,3,Natalie Coughlin,0.07979327452031935,0.025446069523411198,0.15959358038503646,0.09163424466035733,797932.7452031935,916342.4466035733,0.03023888720895071,Percent,0,0.13414751086162527,1.6811881912110853,2.4269249960910058
9,3,Louie Vito,0.0847952192451751,0.033691383102685706,0.1567350710238741,0.056882658617727525,847952.192451751,568826.5861772753,0.03023888720895071,Percent,0,0.12304368792118839,1.4510686925099219,2.4269249960910058
9,3,Michael Irvin,0.09825948397246548,0.04981645870595168,0.17349726596770976,0.1073843837456778,982594.8397246548,1073843.837456778,0.03023888720895071,Percent,0,0.12368080726175808,1.2587162303479655,2.4269249960910058
9,3,Joanna Krupa,0.08203112197696875,0.029186488339774906,0.1628083833656402,0.05625378143409623,820311.2197696875,562537.8143409622,0.03023888720895071,Percent,0,0.1336218950258653,1.6289170720276298,2.4269249960910058
9,3,Tom DeLay,0.03950819686557287,0.018766832121719885,0.061532309290497,0.07251236267296407,395081.96865572874,725123.6267296408,0.03023888720895071,Percent,1,0.042765477168777113,1.0824456837219674,2.4269249960910058
9,3,Aaron Carter,0.07918168638010163,0.029465131458655005,0.15287176406724495,0.06229173794237857,791816.8638010164,622917.3794237857,0.03023888720895071,Percent,0,0.12340663260858994,1.5585249348718349,2.4269249960910058
9,3,Mya,0.07236041974401494,0.018275218833063753,0.15049780947873967,0.07935946699675876,723604.1974401494,793594.6699675876,0.03023888720895071,Percent,0,0.13222259064567593,1.8272778283132098,2.4269249960910058
9,3,Donny Osmond,0.07804002610231074,0.030566724863817927,0.1526158814870548,0.04947895968389317,780400.2610231075,494789.59683893167,0.03023888720895071,Percent,0,0.12204915662323687,1.5639302383526885,2.4269249960910058
9,3,Kelly Osbourne,0.08749822705782553,0.03384312099160064,0.17452658745377364,0.088795318608912,874982.2705782553,887953.18608912,0.03023888720895071,Percent,0,0.140683466462173,1.607843623725068,2.4269249960910058
9,4,Melissa Joan Hart,0.09957522991124318,0.035940388446792516,0.19936590928395606,0.07350363457984864,995752.2991124318,735036.3457984864,0.16583747927031509,Percent,0,0.16342552083716355,1.6412266482621594,2.277310963248194
9,4,Mark Dacascos,0.09629203479646273,0.039524551807031946,0.17546200217297073,0.13435348275749595,962920.3479646273,1343534.8275749595,0.16583747927031509,Percent,0,0.1359374503659388,1.411720612751372,2.277310963248194
9,4,Chuck Liddell,0.042356881177213944,0.017947735192937728,0.06510622230040411,0.0822421712474032,423568.81177213945,822421.712474032,0.16583747927031509,Percent,1,0.04715848710746638,1.1133607054344568,2.277310963248194
9,4,Natalie Coughlin,0.08704287931609678,0.03228862182605058,0.1645764537984807,0.07477829713564199,870428.7931609678,747782.97135642,0.16583747927031509,Percent,0,0.13228783197243013,1.5198007351299354,2.277310963248194
9,4,Louie Vito,0.10651550151217966,0.05020231797138905,0.18487316143676757,0.08691706937207469,1065155.0151217966,869170.6937207469,0.16583747927031509,Percent,0,0.13467084346537853,1.264330933558806,2.277310963248194
9,4,Michael Irvin,0.11634134206003607,0.055632787664062135,0.2052497315758008,0.10630051525089919,1163413.4206003607,1063005.1525089918,0.16583747927031509,Percent,0,0.14961694391173866,1.2860170018885568,2.277310963248194
9,4,Joanna Krupa,0.09175386570345964,0.03452575089108775,0.16994644006325926,0.07511218971718812,917538.6570345964,751121.8971718813,0.16583747927031509,Percent,0,0.1354206891721715,1.4759126292274067,2.277310963248194
9,4,Aaron Carter,0.09763489898285047,0.04483896338483469,0.17101620181099209,0.0825405601622323,976348.9898285046,825405.6016223229,0.16583747927031509,Percent,0,0.1261772384261574,1.2923374709315816,2.277310963248194
9,4,Mya,0.07992921734135906,0.02558902477776391,0.16265832069743633,0.09957721683767518,799292.1734135906,995772.1683767517,0.16583747927031509,Percent,0,0.13706929591967243,1.7148834991625328,2.277310963248194
9,4,Donny Osmond,0.08634916640287327,0.03135372450878168,0.1691658845053135,0.07893849706780331,863491.6640287327,789384.9706780332,0.16583747927031509,Percent,0,0.13781215999653182,1.5959871500501956,2.277310963248194
9,4,Kelly Osbourne,0.09620898279622511,0.04001580315980234,0.1825032384213332,0.10573636587173747,962089.8279622511,1057363.6587173748,0.16583747927031509,Percent,0,0.14248743526153085,1.4810200785858587,2.277310963248194
9,5,Melissa Joan Hart,0.11004902052904177,0.052869947454264925,0.1847229045221949,0.10072598543567927,1100490.2052904177,1007259.8543567928,0.205761316872428,Percent,0,0.13185295706792996,1.1981293103207054,2.1866235851530744
9,5,Mark Dacascos,0.10260646875340003,0.04515329097554771,0.17811573218991839,0.10182593233844602,1026064.6875340003,1018259.3233844602,0.205761316872428,Percent,0,0.13296244121437067,1.295848525241882,2.1866235851530744
9,5,Natalie Coughlin,0.040906516157255046,0.017819767282290778,0.0661306691471714,0.08253171845124972,409065.1615725505,825317.1845124973,0.205761316872428,Percent,1,0.04831090186488063,1.1810074873929923,2.1866235851530744
9,5,Louie Vito,0.11710321870160949,0.05314438987329561,0.20582656908409291,0.15291813229356202,1171032.1870160948,1529181.32293562,0.205761316872428,Percent,0,0.1526821792107973,1.3038256412050166,2.1866235851530744
9,5,Michael Irvin,0.12776530587389032,0.057927211859055396,0.22534331785817333,0.11744419331786074,1277653.0587389031,1174441.9331786074,0.205761316872428,Percent,0,0.16741610599911794,1.310340900873079,2.1866235851530744
9,5,Joanna Krupa,0.10739851889644912,0.04484659138999345,0.19249816694495997,0.10199427473705047,1073985.1889644912,1019942.7473705048,0.205761316872428,Percent,0,0.14765157555496652,1.3748008545381185,2.1866235851530744
9,5,Aaron Carter,0.1081883749059694,0.04362278425345439,0.19621654399386615,0.09357167604460535,1081883.7490596941,935716.7604460536,0.205761316872428,Percent,0,0.15259375974041176,1.4104450674394244,2.1866235851530744
9,5,Mya,0.09029217870047218,0.033789653148947836,0.1648463285518231,0.07026757705871849,902921.7870047218,702675.7705871848,0.205761316872428,Percent,0,0.13105667540287527,1.4514731761831983,2.1866235851530744
9,5,Donny Osmond,0.0905245849835568,0.03444121058887272,0.1697188575007169,0.10357887179357936,905245.849835568,1035788.7179357936,0.205761316872428,Percent,0,0.13527764691184418,1.4943746711063794,2.1866235851530744
9,5,Kelly Osbourne,0.10516581249835562,0.04356114539184581,0.1846116634143381,0.07514163852924854,1051658.124983556,751416.3852924855,0.205761316872428,Percent,0,0.1410505180224923,1.3412202565800342,2.1866235851530744
9,6,Melissa Joan Hart,0.06703384596736067,0.033761808093227534,0.09773235963624548,0.11414528895004485,670338.4596736067,1141452.8895004485,0.06662225183211193,Percent,1,0.06397055154301795,0.9543022725291003,2.1045196167211593
9,6,Mark Dacascos,0.1222236093057072,0.05549824684198408,0.21403614748780284,0.10689901554867365,1222236.093057072,1068990.1554867364,0.06662225183211193,Percent,0,0.15853790064581874,1.2971135572447527,2.1045196167211593
9,6,Louie Vito,0.06755980972912515,0.03557367209493599,0.09871088336974881,0.08264363136580795,675598.0972912515,826436.3136580795,0.06662225183211193,Percent,1,0.06313721127481282,0.9345380267936763,2.1045196167211593
9,6,Michael Irvin,0.15630329079740782,0.09605298554685171,0.2542775547739176,0.13015139630067185,1563032.907974078,1301513.9630067185,0.06662225183211193,Percent,0,0.1582245692270659,1.0122919896302653,2.1045196167211593
9,6,Joanna Krupa,0.11974583659533793,0.05630330779085216,0.20880446613657663,0.14427601748613283,1197458.3659533793,1442760.1748613284,0.06662225183211193,Percent,0,0.15250115834572447,1.273540380874184,2.1045196167211593
9,6,Aaron Carter,0.12000958735868697,0.06063289221000498,0.20290990540734535,0.10941185090989797,1200095.8735868698,1094118.5090989796,0.06662225183211193,Percent,0,0.14227701319734037,1.185547057770477,2.1045196167211593
9,6,Mya,0.10792743700960057,0.05142906101984514,0.1899761621456336,0.09068119591779611,1079274.3700960057,906811.9591779611,0.06662225183211193,Percent,0,0.13854710112578844,1.2837060247568386,2.1045196167211593
9,6,Donny Osmond,0.10962187813547859,0.055135793572465897,0.1929768626208331,0.0911774114540607,1096218.781354786,911774.1145406071,0.06662225183211193,Percent,0,0.1378410690483672,1.2574229833757575,2.1045196167211593
9,6,Kelly Osbourne,0.12957470510129537,0.0719569190049658,0.2132336174441323,0.13061419206691433,1295747.0510129537,1306141.9206691433,0.06662225183211193,Percent,0,0.14127669843916651,1.0903107850310991,2.1045196167211593
9,7,Mark Dacascos,0.0967878882201739,0.053634931648053455,0.13604619440180865,0.13293218962996226,967878.882201739,1329321.8962996225,0.03611933829372246,Percent,1,0.0824112627537552,0.8514625566195366,1.8883856575028508
9,7,Michael Irvin,0.10019908651837806,0.06325230117399155,0.1317181442975942,0.14255296721624136,1001990.8651837806,1425529.6721624136,0.03611933829372246,Percent,1,0.06846584312360265,0.6832980768846127,1.8883856575028508
9,7,Joanna Krupa,0.1548861569568841,0.09424530351193924,0.24381486367427682,0.12964925123411808,1548861.569568841,1296492.5123411808,0.03611933829372246,Percent,0,0.14956956016233758,0.9656741641796529,1.8883856575028508
9,7,Aaron Carter,0.1594201647345274,0.09891335018723015,0.24806435083530443,0.1477817919550288,1594201.6473452738,1477817.919550288,0.03611933829372246,Percent,0,0.1491510006480743,0.9355842838103091,1.8883856575028508
9,7,Mya,0.16066222173319816,0.10366620773502062,0.24354772844712685,0.1582776621445417,1606622.2173319815,1582776.621445417,0.03611933829372246,Percent,0,0.13988152071210624,0.8706559588376591,1.8883856575028508
9,7,Donny Osmond,0.15720626419824002,0.0999460930301384,0.24047358966999044,0.1405381389790686,1572062.6419824,1405381.389790686,0.03611933829372246,Percent,0,0.14052749663985203,0.893905197458571,1.8883856575028508
9,7,Kelly Osbourne,0.1708382176385981,0.10755043732032636,0.26617593077618934,0.14826799884103906,1708382.176385981,1482679.9884103904,0.03611933829372246,Percent,0,0.15862549345586296,0.9285129267236286,1.8883856575028508
9,8,Joanna Krupa,0.21283022601184332,0.13780724096565944,0.31507089010822786,0.19629155001814758,2128302.2601184333,1962915.5001814757,0.23596035865974516,Percent,0,0.17726364914256842,0.8328875670728474,1.5599528809384735
9,8,Aaron Carter,0.1300487034123073,0.07314748994361382,0.17427178759660417,0.17694088114923412,1300487.0341230729,1769408.811492341,0.23596035865974516,Percent,1,0.10112429765299034,0.7775878959160799,1.5599528809384735
9,8,Mya,0.21141722710818175,0.12230983457942031,0.31633622277777956,0.20001545878936328,2114172.2710818173,2000154.5878936327,0.23596035865974516,Percent,0,0.19402638819835927,0.9177416185629772,1.5599528809384735
9,8,Donny Osmond,0.21869296728630727,0.14746163368360507,0.3209247356255338,0.19809492660940256,2186929.6728630727,1980949.2660940257,0.23596035865974516,Percent,0,0.17346310194192874,0.7931809792257072,1.5599528809384735
9,8,Kelly Osbourne,0.22701087618136037,0.15282410461282384,0.3325575432583103,0.2286571834338524,2270108.761813604,2286571.834338524,0.23596035865974516,Percent,0,0.17973343864548644,0.7917393283918974,1.5599528809384735
9,9,Joanna Krupa,0.17005171070980787,0.11478275749897747,0.21787513149050153,0.2293083468808151,1700517.1070980788,2293083.4688081513,0.2508780732563974,Percent,1,0.10309237399152406,0.6062413224848441,1.3480698551235422
9,9,Mya,0.2608121308901796,0.1833720841091813,0.37488643370211305,0.2445704866822655,2608121.308901796,2445704.866822655,0.2508780732563974,Percent,0,0.19151434959293176,0.7343000072092999,1.3480698551235422
9,9,Donny Osmond,0.2846313496033238,0.2070261481467346,0.38599646387543274,0.2632577217644319,2846313.4960332382,2632577.217644319,0.2508780732563974,Percent,0,0.17897031572869815,0.6287793525840353,1.3480698551235422
9,9,Kelly Osbourne,0.28450480879668866,0.20869647209772704,0.38021028248925504,0.26286344467248746,2845048.0879668863,2628634.4467248744,0.2508780732563974,Percent,0,0.171513810391528,0.6028503037152328,1.3480698551235422
10,1,Aiden Turner,0.09073794771946592,0.036883992068052394,0.1626260553001538,0.13398348637473975,907379.4771946592,1339834.8637473974,1.0,Percent,0,0.1257420632321014,1.3857715144809926,2.308878789801953
10,1,Shannen Doherty,0.0940037994620573,0.036725280522768605,0.16659587328521439,0.08903813276465544,940037.9946205729,890381.3276465544,1.0,Percent,0,0.12987059276244578,1.3815462088302652,2.308878789801953
10,1,Niecy Nash,0.09213422119139733,0.038425430645687195,0.15916388239149168,0.07651756826157412,921342.2119139733,765175.6826157412,1.0,Percent,0,0.12073845174580448,1.3104626075362968,2.308878789801953
10,1,Buzz Aldrin,0.09164578420199024,0.039572380904285116,0.15731423240530715,0.07550972317152639,916457.8420199024,755097.2317152639,1.0,Percent,0,0.11774185150102204,1.2847492388904134,2.308878789801953
10,1,Chad Ochocinco,0.0883057296434198,0.03589777080825474,0.16208039305779126,0.06884449581211811,883057.296434198,688444.9581211811,1.0,Percent,0,0.12618262224953652,1.428929048647968,2.308878789801953
10,1,Evan Lysacek,0.08954252719373344,0.03491851493375522,0.16287326424632645,0.10350943793989707,895425.2719373344,1035094.3793989707,1.0,Percent,0,0.12795474931257123,1.4289830019620668,2.308878789801953
10,1,Pamela Anderson,0.09339847788324536,0.03878228440602535,0.16551502626415582,0.10602756773176333,933984.7788324535,1060275.6773176333,1.0,Percent,0,0.12673274185813047,1.3569037176018572,2.308878789801953
10,1,Nicole Scherzinger,0.08939341535987161,0.03391078530036256,0.15568098425175425,0.08679886143431806,893934.1535987161,867988.6143431806,1.0,Percent,0,0.12177019895139168,1.3621830921347022,2.308878789801953
10,1,Erin Andrews,0.0878069916836842,0.037672213870331574,0.1561789235248081,0.10560199817752844,878069.916836842,1056019.9817752843,1.0,Percent,0,0.11850670965447654,1.3496272606785684,2.308878789801953
10,1,Kate Gosselin,0.09223539755491413,0.0368345673880115,0.1635135468825906,0.06810800058730505,922353.9755491413,681080.0058730505,1.0,Percent,0,0.1266789794945791,1.3734312731634113,2.308878789801953
10,1,Jake Pavelka,0.09079570810622058,0.03747241974828668,0.1677079018529852,0.08606072774457438,907957.0810622057,860607.2774457438,1.0,Percent,0,0.1302354821046985,1.4343792765219465,2.308878789801953
10,2,Aiden Turner,0.09821202183316965,0.0404499132158506,0.17399498451561338,0.09266498747933329,982120.2183316966,926649.8747933329,0.049392472587177716,Percent,0,0.13354507129976279,1.3597629781679121,2.2780996899331813
10,2,Shannen Doherty,0.03132379806038635,0.012268843762917552,0.05116506909266324,0.05777882092986327,313237.9806038635,577788.2092986327,0.049392472587177716,Percent,1,0.03889622532974569,1.2417467784322047,2.2780996899331813
10,2,Niecy Nash,0.09410964514005685,0.040440908204287605,0.17419881336705836,0.06733689048440035,941096.4514005685,673368.9048440035,0.049392472587177716,Percent,0,0.13375790516277075,1.421298581709751,2.2780996899331813
10,2,Buzz Aldrin,0.11515667807630271,0.06802165510117081,0.19390531907087238,0.10346854963719414,1151566.780763027,1034685.4963719414,0.049392472587177716,Percent,0,0.12588366396970158,1.0931512272895816,2.2780996899331813
10,2,Chad Ochocinco,0.10056938290973419,0.05054518918436863,0.1714552498803468,0.08722852340176167,1005693.8290973419,872285.2340176167,0.049392472587177716,Percent,0,0.12091006069597818,1.202255171481968,2.2780996899331813
10,2,Evan Lysacek,0.09146709354056315,0.03587535454470056,0.16644983107825828,0.10597208090134828,914670.9354056314,1059720.8090134829,0.049392472587177716,Percent,0,0.13057447653355772,1.4275568565612236,2.2780996899331813
10,2,Pamela Anderson,0.09605392131496499,0.041146219364099124,0.17678556031127593,0.08693878346669608,960539.2131496499,869387.8346669608,0.049392472587177716,Percent,0,0.1356393409471768,1.41211664334254,2.2780996899331813
10,2,Nicole Scherzinger,0.08608481495496607,0.028562174849047745,0.17232620232313262,0.08801586827210021,860848.1495496607,880158.6827210021,0.049392472587177716,Percent,0,0.14376402747408487,1.6700277226511178,2.2780996899331813
10,2,Erin Andrews,0.08571296179063763,0.03139828589659952,0.16766622031806966,0.09001900401862105,857129.6179063763,900190.0401862105,0.049392472587177716,Percent,0,0.13626793442147014,1.5898171242094985,2.2780996899331813
10,2,Kate Gosselin,0.10759901081722928,0.05918588106593911,0.19255762644276855,0.09869828447123852,1075990.1081722928,986982.8447123852,0.049392472587177716,Percent,0,0.13337174537682944,1.2395257573824583,2.2780996899331813
10,2,Jake Pavelka,0.09371067156198903,0.04224987516310557,0.17612266136637278,0.12187820693744314,937106.7156198904,1218782.0693744314,0.049392472587177716,Percent,0,0.1338727862032672,1.4285756784349921,2.2780996899331813
10,3,Aiden Turner,0.10713406003835774,0.04565619057904047,0.1917392733868458,0.08120952278181093,1071340.6003835774,812095.2278181093,0.2457002457002457,Percent,0,0.14608308280780533,1.3635540625969227,2.199807174879376
10,3,Niecy Nash,0.10239183921243605,0.040771445225159325,0.1847241328981003,0.12020807709936132,1023918.3921243605,1202080.7709936132,0.2457002457002457,Percent,0,0.14395268767294098,1.4059000090258866,2.199807174879376
10,3,Buzz Aldrin,0.06256816473473618,0.03213836101882864,0.09218308335881406,0.10416523389267258,625681.6473473619,1041652.3389267258,0.2457002457002457,Percent,1,0.060044722339985424,0.9596689082147584,2.199807174879376
10,3,Chad Ochocinco,0.11230931383440249,0.04691026001578717,0.19718722938341451,0.09830399792288183,1123093.1383440248,983039.9792288183,0.2457002457002457,Percent,0,0.15027696936762736,1.33806328466406,2.199807174879376
10,3,Evan Lysacek,0.09553584282686788,0.03468986068924629,0.17770243804296554,0.09770752754305623,955358.4282686787,977075.2754305623,0.2457002457002457,Percent,0,0.14301257735371925,1.4969520665965101,2.199807174879376
10,3,Pamela Anderson,0.10278660948439959,0.0448344579776752,0.18297097409244717,0.11548933582714493,1027866.0948439959,1154893.3582714493,0.2457002457002457,Percent,0,0.13813651611477196,1.3439154847863484,2.199807174879376
10,3,Nicole Scherzinger,0.09435845751062935,0.03521386250000139,0.17527078136092786,0.08009488533435984,943584.5751062935,800948.8533435983,0.2457002457002457,Percent,0,0.14005691886092647,1.4843069986084634,2.199807174879376
10,3,Erin Andrews,0.09064558262363695,0.035290831891514024,0.1679151321503484,0.07311753408587505,906455.8262363696,731175.3408587505,0.2457002457002457,Percent,0,0.13262430025883437,1.4631082554733446,2.199807174879376
10,3,Kate Gosselin,0.12756346157670315,0.06171997849497562,0.21569422151556952,0.11391264459217916,1275634.6157670314,1139126.4459217917,0.2457002457002457,Percent,0,0.1539742430205939,1.207040332062564,2.199807174879376
10,3,Jake Pavelka,0.1047066681578305,0.04062400426715507,0.19304059982841026,0.11579124092065815,1047066.681578305,1157912.4092065815,0.2457002457002457,Percent,0,0.1524165955612552,1.4556531904110321,2.199807174879376
10,4,Aiden Turner,0.057884401911477285,0.028457263089997693,0.08563899283434802,0.08205410516970095,578844.0191147728,820541.0516970095,0.21404109589041095,Percent,1,0.057181729744350325,0.9878607682912306,2.0987653159875217
10,4,Niecy Nash,0.12274242913293017,0.06408512514363618,0.2228725816642741,0.13056785321241313,1227424.2913293017,1305678.5321241312,0.21404109589041095,Percent,0,0.15878745652063792,1.2936639566475496,2.0987653159875217
10,4,Chad Ochocinco,0.12282263151375164,0.05921470465288726,0.20643285363481462,0.1303980727111452,1228226.3151375165,1303980.727111452,0.21404109589041095,Percent,0,0.14721814898192737,1.198623960157085,2.0987653159875217
10,4,Evan Lysacek,0.10707673502367589,0.04307123905413678,0.19698480712160463,0.11938741189651612,1070767.3502367588,1193874.1189651613,0.21404109589041095,Percent,0,0.15391356806746784,1.4374137204821924,2.0987653159875217
10,4,Pamela Anderson,0.10977590746081554,0.04660103163701467,0.20341494767773588,0.12459587366934612,1097759.0746081555,1245958.7366934612,0.21404109589041095,Percent,0,0.1568139160407212,1.4284911841580161,2.0987653159875217
10,4,Nicole Scherzinger,0.10565872681787646,0.043321034827219385,0.19246988395893808,0.10614968278131165,1056587.2681787645,1061496.8278131166,0.21404109589041095,Percent,0,0.1491488491317187,1.4116093731548176,2.0987653159875217
10,4,Erin Andrews,0.1069158761514089,0.05057397041546485,0.18407369398291207,0.08708689768180548,1069158.761514089,870868.9768180548,0.21404109589041095,Percent,0,0.13349972356744721,1.2486426560110828,2.0987653159875217
10,4,Kate Gosselin,0.14625264275270744,0.0754764409108107,0.24864661448374448,0.13493880738402775,1462526.4275270745,1349388.0738402775,0.21404109589041095,Percent,0,0.1731701735729338,1.1840481670183567,2.0987653159875217
10,4,Jake Pavelka,0.12087064923535652,0.059267968675602044,0.206553335894216,0.08482129549373352,1208706.4923535653,848212.9549373352,0.21404109589041095,Percent,0,0.14728536721861396,1.218537073726007,2.0987653159875217
10,5,Niecy Nash,0.1428471993932313,0.07779694049524388,0.22395147870488444,0.1316853336821799,1428471.9939323128,1316853.3368217992,0.18532246108228317,Percent,0,0.14615453820964056,1.0231529832608393,2.003337907530043
10,5,Chad Ochocinco,0.1475446286549886,0.0805965315238708,0.24011602171478014,0.15406768552143862,1475446.286549886,1540676.8552143862,0.18532246108228317,Percent,0,0.15951949019090933,1.081160945302334,2.003337907530043
10,5,Evan Lysacek,0.11592651744820845,0.04475566209124593,0.20573668591049304,0.11102558354714501,1159265.1744820846,1110255.8354714501,0.18532246108228317,Percent,0,0.16098102381924712,1.3886471133851432,2.003337907530043
10,5,Pamela Anderson,0.1300501205420213,0.07019304041006444,0.2207430992687025,0.10173509934875885,1300501.205420213,1017350.9934875885,0.18532246108228317,Percent,0,0.15055005885863806,1.1576310597112665,2.003337907530043
10,5,Nicole Scherzinger,0.1145294616976841,0.04493680269087758,0.20160244635915772,0.13675075316099697,1145294.6169768411,1367507.5316099697,0.18532246108228317,Percent,0,0.15666564366828015,1.3679069240875343,2.003337907530043
10,5,Erin Andrews,0.1268257292877514,0.06522234503733987,0.2088626181962467,0.10008879708860728,1268257.2928775141,1000887.9708860728,0.18532246108228317,Percent,0,0.14364027315890684,1.1325799107608945,2.003337907530043
10,5,Kate Gosselin,0.08749694901284366,0.05352871577937966,0.11853912786684907,0.1305695921967464,874969.4901284366,1305695.921967464,0.18532246108228317,Percent,1,0.06501041208746941,0.7430020454533397,2.003337907530043
10,5,Jake Pavelka,0.13477939396327115,0.06556735730591032,0.22604042470056998,0.13407715545412707,1347793.9396327115,1340771.5545412707,0.18532246108228317,Percent,0,0.16047306739465966,1.1906350271792312,2.003337907530043
10,6,Niecy Nash,0.16508472485257772,0.09221580581007352,0.25526137183527875,0.18103301099402044,1650847.2485257771,1810330.1099402045,0.2295684113865932,Percent,0,0.16304556602520523,0.9876478043065857,1.8716283210221505
10,6,Chad Ochocinco,0.16835514310461502,0.09052345775221918,0.2765886383236281,0.1638691867110511,1683551.4310461502,1638691.867110511,0.2295684113865932,Percent,0,0.18606518057140894,1.1051945140505093,1.8716283210221505
10,6,Evan Lysacek,0.14663855536631476,0.0818347999864019,0.2398289363837176,0.12658936275355762,1466385.5536631476,1265893.6275355762,0.2295684113865932,Percent,0,0.1579941363973157,1.077439258744972,1.8716283210221505
10,6,Pamela Anderson,0.15460585565988377,0.07993785095304715,0.250457200608824,0.12960623191035672,1546058.5565988377,1296062.3191035672,0.2295684113865932,Percent,0,0.17051934965577684,1.1029294390433764,1.8716283210221505
10,6,Nicole Scherzinger,0.13337396494944362,0.061470621535020316,0.21926032276358917,0.13343584857032686,1333739.649494436,1334358.4857032686,0.2295684113865932,Percent,0,0.15778970122856886,1.183062236234637,1.8716283210221505
10,6,Erin Andrews,0.14434645044201397,0.07122741344511363,0.24569410546148193,0.14121447983262253,1443464.5044201396,1412144.7983262253,0.2295684113865932,Percent,0,0.1744666920163683,1.2086663127643313,1.8716283210221505
10,6,Jake Pavelka,0.08759530562515135,0.04683975865505611,0.12219958678531212,0.12425187922806469,875953.0562515134,1242518.792280647,0.2295684113865932,Percent,1,0.07535982813025602,0.8603181139951164,1.8716283210221505
10,7,Niecy Nash,0.1975105313142156,0.12247664274444015,0.3063697338540607,0.20759645702154544,1975105.3131421558,2075964.5702154543,0.15664160401002505,Percent,0,0.18389309110962054,0.9310546120554386,1.729275125250071
10,7,Chad Ochocinco,0.19410556760985637,0.11578102279728339,0.28698770616333474,0.18878435891622125,1941055.6760985637,1887843.5891622126,0.15664160401002505,Percent,0,0.17120668336605135,0.8820287098109892,1.729275125250071
10,7,Evan Lysacek,0.17239030472958278,0.099877640643712,0.271101949602865,0.16336527685336788,1723903.047295828,1633652.7685336787,0.15664160401002505,Percent,0,0.17122430895915297,0.9932363030957059,1.729275125250071
10,7,Pamela Anderson,0.09688097676255762,0.0578548326768854,0.13297085775452627,0.14766769833156188,968809.7676255762,1476676.9833156187,0.15664160401002505,Percent,1,0.07511602507764087,0.7753433913217065,1.729275125250071
10,7,Nicole Scherzinger,0.1646866498468909,0.09717801351771416,0.2657575203119771,0.14398536153250463,1646866.4984689092,1439853.6153250462,0.15664160401002505,Percent,0,0.16857950679426292,1.0236379630710273,1.729275125250071
10,7,Erin Andrews,0.17442596973689709,0.103403479826656,0.2768180960674397,0.14860084734479895,1744259.6973689708,1486008.4734479894,0.15664160401002505,Percent,0,0.1734146162407837,0.9942018181258278,1.729275125250071
10,8,Niecy Nash,0.15056749293393112,0.09762601072860844,0.1953713867970725,0.208321053492033,1505674.9293393113,2083210.53492033,0.2810567734682406,Percent,1,0.09774537606846406,0.6491798074326351,1.5680107583982763
10,8,Chad Ochocinco,0.23473354596026788,0.1564263976500066,0.3323415064802637,0.21472104533245862,2347335.4596026787,2147210.453324586,0.2810567734682406,Percent,0,0.17591510883025713,0.7494246640828804,1.5680107583982763
10,8,Evan Lysacek,0.20935779274002533,0.13296128285797573,0.3033836620511446,0.19708335922846557,2093577.9274002532,1970833.5922846557,0.2810567734682406,Percent,0,0.17042237919316885,0.8140245317010703,1.5680107583982763
10,8,Nicole Scherzinger,0.194733780241978,0.1106791348573411,0.28750228191972116,0.18052918655450298,1947337.8024197798,1805291.8655450298,0.2810567734682406,Percent,0,0.17682314706238006,0.9080250321369923,1.5680107583982763
10,8,Erin Andrews,0.21060738812379728,0.13886246598193913,0.31071838004129937,0.1993453553925399,2106073.881237973,1993453.553925399,0.2810567734682406,Percent,0,0.17185591405936024,0.8160013548923625,1.5680107583982763
10,9,Chad Ochocinco,0.19503413280143198,0.13169753638237588,0.2417507808446952,0.26402200629096445,1950341.3280143198,2640220.0629096446,0.22988505747126436,Percent,1,0.11005324446231932,0.5642768416047803,1.3572428979579039
10,9,Evan Lysacek,0.27263288188758794,0.19083458883542698,0.3775992832931931,0.23780040136606395,2726328.8188758795,2378004.0136606395,0.22988505747126436,Percent,0,0.1867646944577661,0.6850409721846134,1.3572428979579039
10,9,Nicole Scherzinger,0.25806233839945525,0.18106023829187617,0.3494982917836097,0.2493399159710999,2580623.3839945523,2493399.159710999,0.22988505747126436,Percent,0,0.16843805349173352,0.652702965246358,1.3572428979579039
10,9,Erin Andrews,0.27427064691152536,0.19627686586790757,0.3798156332479659,0.2488376763718717,2742706.4691152535,2488376.7637187173,0.22988505747126436,Percent,0,0.18353876738005834,0.6691885166963002,1.3572428979579039
11,1,David Hasselhoff,0.04237889594849421,0.022235648732705848,0.06209166142302857,0.07285062105789532,423788.9594849421,728506.2105789531,0.18241517694272164,Percent,1,0.039856012690322726,0.9404684052827214,2.3924111893866074
11,1,Florence Henderson,0.08685193433442744,0.0386327899392674,0.1533932265303299,0.07196224667712736,868519.3433442743,719622.4667712736,0.18241517694272164,Percent,0,0.11476043659106251,1.3213342623915787,2.3924111893866074
11,1,Kyle Massey,0.0855049128267029,0.03342121269067081,0.1559222498272856,0.10381314234391738,855049.1282670291,1038131.4234391737,0.18241517694272164,Percent,0,0.12250103713661478,1.4326783466219513,2.3924111893866074
11,1,Jennifer Grey,0.08111988277167792,0.03549307140415073,0.14583605787815354,0.08833714707508498,811198.8277167792,883371.4707508498,0.18241517694272164,Percent,0,0.11034298647400281,1.3602458818213161,2.3924111893866074
11,1,Rick Fox,0.08628383829736522,0.03272030597376135,0.15777679805072126,0.06530698842757833,862838.3829736522,653069.8842757833,0.18241517694272164,Percent,0,0.1250564920769599,1.4493617176135598,2.3924111893866074
11,1,Kurt Warner,0.08452631836767313,0.03643397727705494,0.1440556109642945,0.11533244882222064,845263.1836767313,1153324.4882222065,0.18241517694272164,Percent,0,0.10762163368723957,1.2732322401539635,2.3924111893866074
11,1,Margaret Cho,0.09149557764707361,0.04871396372691982,0.15636791128625047,0.08276010905559396,914955.7764707361,827601.0905559396,0.18241517694272164,Percent,0,0.10765394755933064,1.1766027422066758,2.3924111893866074
11,1,Michael Bolton,0.09228243891859633,0.047935067958123544,0.15694220988991697,0.09721823642770819,922824.3891859633,972182.3642770819,0.18241517694272164,Percent,0,0.10900714193179342,1.181233864310307,2.3924111893866074
11,1,Brandy,0.0862138265094679,0.033951901702356686,0.16535926292505812,0.07798588061081732,862138.2650946791,779858.8061081732,0.18241517694272164,Percent,0,0.13140736122270144,1.524202863310683,2.3924111893866074
11,1,The Situation,0.09163959708870921,0.047981184273849536,0.15778955450871052,0.07776402002270431,916395.9708870921,777640.2002270431,0.18241517694272164,Percent,0,0.10980837023486098,1.198263346013667,2.3924111893866074
11,1,Audrina Patridge,0.08343640241138024,0.039372124296900124,0.15116960981963387,0.07375473782319719,834364.0241138025,737547.3782319719,0.18241517694272164,Percent,0,0.11179748552273375,1.3399125836169228,2.3924111893866074
11,1,Bristol Palin,0.08826637487843204,0.041101963601579646,0.16005542638812117,0.07291442165615515,882663.7487843204,729144.2165615516,0.18241517694272164,Percent,0,0.11895346278654154,1.3476645319395337,2.3924111893866074
11,2,Florence Henderson,0.09690931188981039,0.03647154422216403,0.1855775217656218,0.14558417730954107,969093.118898104,1455841.7730954108,0.3389830508474576,Percent,0,0.14910597754345778,1.5386135205768152,2.281191852923293
11,2,Kyle Massey,0.09054191023467176,0.031909425313265995,0.165775335201027,0.10928596001946078,905419.1023467176,1092859.6001946079,0.3389830508474576,Percent,0,0.133865909887761,1.4784966380850548,2.281191852923293
11,2,Jennifer Grey,0.08736344849580564,0.028746696771722764,0.17502712196216405,0.0709731730219668,873634.4849580565,709731.730219668,0.3389830508474576,Percent,0,0.1462804251904413,1.6743893208091973,2.281191852923293
11,2,Rick Fox,0.09301889769368657,0.03733995887469434,0.17524366104460712,0.08502335523929012,930188.9769368657,850233.5523929013,0.3389830508474576,Percent,0,0.13790370216991277,1.482534254749319,2.281191852923293
11,2,Kurt Warner,0.09391877742434004,0.03648353020627614,0.17959085490877308,0.06649766249821042,939187.7742434004,664976.6249821042,0.3389830508474576,Percent,0,0.14310732470249693,1.5237349614967322,2.281191852923293
11,2,Margaret Cho,0.10254641919129805,0.03687155639853609,0.18989616583394736,0.08253719517897509,1025464.1919129805,825371.951789751,0.3389830508474576,Percent,0,0.15302460943541127,1.4922472246441614,2.281191852923293
11,2,Michael Bolton,0.052835107108421986,0.02333818807655961,0.07982156138269197,0.10027798535831017,528351.0710842198,1002779.8535831018,0.3389830508474576,Percent,1,0.056483373306132366,1.0690500388354252,2.281191852923293
11,2,Brandy,0.09474889721452337,0.03675957787886491,0.1802254650663015,0.06869024551253997,947488.9721452337,686902.4551253996,0.3389830508474576,Percent,0,0.14346588718743658,1.5141694669291172,2.281191852923293
11,2,The Situation,0.09759958633931293,0.03731122331010202,0.17699458993901954,0.1177844677983722,975995.8633931293,1177844.677983722,0.3389830508474576,Percent,0,0.1396833666289175,1.4311881009751095,2.281191852923293
11,2,Audrina Patridge,0.0934780323738008,0.03394979880557178,0.17811922820245163,0.07763286533205056,934780.323738008,776328.6533205056,0.3389830508474576,Percent,0,0.14416942939687985,1.542281386715264,2.281191852923293
11,2,Bristol Palin,0.09703961203432845,0.03783213025195875,0.17304637579033866,0.07571291273128276,970396.1203432846,757129.1273128276,0.3389830508474576,Percent,0,0.1352142455383799,1.3933922725345078,2.281191852923293
11,3,Florence Henderson,0.11121246740925797,0.05381501506544527,0.19098321800501092,0.11799049982039611,1112124.6740925796,1179904.9982039612,0.17927572606669057,Percent,0,0.13716820293956566,1.2333887210216414,2.199810982707584
11,3,Kyle Massey,0.10069174050556759,0.043800496699900555,0.17969370497575107,0.11220531723958958,1006917.4050556759,1122053.172395896,0.17927572606669057,Percent,0,0.13589320827585052,1.3495963779505482,2.199810982707584
11,3,Jennifer Grey,0.09449466866057932,0.03799347968586277,0.172731385029159,0.08267734544828836,944946.6866057932,826773.4544828837,0.17927572606669057,Percent,0,0.13473790534329622,1.4258783829092923,2.199810982707584
11,3,Rick Fox,0.10427319477426111,0.04172760941223377,0.19310384450784665,0.09931504074923858,1042731.9477426112,993150.4074923858,0.17927572606669057,Percent,0,0.15137623509561288,1.4517272192851112,2.199810982707584
11,3,Kurt Warner,0.1033076733948547,0.04662546951124628,0.18715313486881946,0.09646367348223094,1033076.7339485469,964636.7348223093,0.17927572606669057,Percent,0,0.1405276653575732,1.3602829367810763,2.199810982707584
11,3,Margaret Cho,0.05087321564928918,0.02472591541028421,0.0752451931612696,0.08755452086852587,508732.1564928918,875545.2086852588,0.17927572606669057,Percent,1,0.050519277750985386,0.9930427457005317,2.199810982707584
11,3,Brandy,0.10705643398796766,0.04372060961209856,0.1946463087643432,0.10167191392232593,1070564.3398796767,1016719.1392232593,0.17927572606669057,Percent,0,0.15092569915224463,1.4097770076033689,2.199810982707584
11,3,The Situation,0.10908142514197891,0.048167591982674694,0.19061993178617884,0.1289721884712898,1090814.2514197892,1289721.884712898,0.17927572606669057,Percent,0,0.14245233980350414,1.3059266471637136,2.199810982707584
11,3,Audrina Patridge,0.10315358276173722,0.03991858802450594,0.19777438693676,0.07786351595493256,1031535.8276173723,778635.1595493256,0.17927572606669057,Percent,0,0.15785579891225407,1.5302987514923965,2.199810982707584
11,3,Bristol Palin,0.11585559771450671,0.05438841553600839,0.20112798957634634,0.09528598404318232,1158555.9771450672,952859.8404318233,0.17927572606669057,Percent,0,0.14673957404033794,1.2665730179212924,2.199810982707584
11,4,Florence Henderson,0.12198320307447588,0.06116612238853838,0.20511332550712635,0.14449920926687518,1219832.030744759,1444992.0926687517,0.2756339581036384,Percent,0,0.14394720311858797,1.1800575775232114,2.1039989485149757
11,4,Kyle Massey,0.11293298798469795,0.0509298949400935,0.20589679864650953,0.09714826173207809,1129329.8798469794,971482.6173207809,0.2756339581036384,Percent,0,0.15496690370641603,1.3722022809439305,2.1039989485149757
11,4,Jennifer Grey,0.10091484404300384,0.03134887424945995,0.18653540498190302,0.10239927235367899,1009148.4404300384,1023992.7235367899,0.2756339581036384,Percent,0,0.15518653073244307,1.5377968643177202,2.1039989485149757
11,4,Rick Fox,0.11680836758447823,0.05245251809088446,0.20989001414113242,0.1189074322034389,1168083.6758447823,1189074.322034389,0.2756339581036384,Percent,0,0.15743749605024795,1.3478272088374654,2.1039989485149757
11,4,Kurt Warner,0.11916090365498357,0.05728582574870807,0.2097308845868221,0.08997748031030985,1191609.0365498357,899774.8031030984,0.2756339581036384,Percent,0,0.15244505883811402,1.2793211041727313,2.1039989485149757
11,4,Brandy,0.11453251486922826,0.045580464106456046,0.2067548943636725,0.12300326007831479,1145325.1486922826,1230032.6007831478,0.2756339581036384,Percent,0,0.16117443025721645,1.407237328554632,2.1039989485149757
11,4,The Situation,0.06661053107269461,0.0340463082405276,0.09783972989568769,0.10308467653480044,666105.3107269461,1030846.7653480044,0.2756339581036384,Percent,1,0.06379342165516008,0.9577077472260338,2.1039989485149757
11,4,Audrina Patridge,0.10943119942168666,0.04635268930737195,0.1997624053402142,0.08690061823216509,1094311.9942168666,869006.1823216509,0.2756339581036384,Percent,0,0.15340971603284226,1.4018827979915214,2.1039989485149757
11,4,Bristol Palin,0.137625448294751,0.07192846493331143,0.22210617302569982,0.13407978928833872,1376254.4829475102,1340797.8928833872,0.2756339581036384,Percent,0,0.1501777080923884,1.0912059503032778,2.1039989485149757
11,5,Florence Henderson,0.06450291459405423,0.03221772708942595,0.09162297484510507,0.1197116462563263,645029.1459405423,1197116.462563263,0.1528584530724549,Percent,1,0.05940524775567912,0.9209699767761346,1.992579228723859
11,5,Kyle Massey,0.1377884983825686,0.07877529586579554,0.2286149817075759,0.1401189363679953,1377884.983825686,1401189.363679953,0.1528584530724549,Percent,0,0.14983968584178037,1.0874614906227642,1.992579228723859
11,5,Jennifer Grey,0.1172356803798137,0.05547742124920501,0.19769624246880807,0.11435182812174674,1172356.803798137,1143518.2812174675,0.1528584530724549,Percent,0,0.14221882121960305,1.2131018539650245,1.992579228723859
11,5,Rick Fox,0.13368366119203234,0.06696115006742125,0.22846550531158188,0.12195686377718418,1336836.6119203235,1219568.6377718418,0.1528584530724549,Percent,0,0.16150435524416062,1.2081084090909564,1.992579228723859
11,5,Kurt Warner,0.13283333342460768,0.06494707802060054,0.22719597589439056,0.11519009974433427,1328333.3342460769,1151900.9974433426,0.1528584530724549,Percent,0,0.16224889787379002,1.2214471600675274,1.992579228723859
11,5,Brandy,0.12602054487702571,0.05528166039073708,0.2269427803896251,0.12125449337414425,1260205.4487702572,1212544.9337414424,0.1528584530724549,Percent,0,0.171661119998888,1.3621677335739153,1.992579228723859
11,5,Audrina Patridge,0.12258406198663513,0.0639463007645445,0.20062786228701865,0.11235370490789875,1225840.6198663514,1123537.0490789874,0.1528584530724549,Percent,0,0.13668156152247415,1.1150027116687977,1.992579228723859
11,5,Bristol Palin,0.16535130516326266,0.09623633874110142,0.25179063604388585,0.1550624274503702,1653513.0516326267,1550624.2745037018,0.1528584530724549,Percent,0,0.15555429730278442,0.940750344541853,1.992579228723859
11,6,Kyle Massey,0.15646370996292647,0.08920558863151767,0.2529770005541663,0.14013880426088593,1564637.0996292646,1401388.0426088593,0.10447137484329294,Percent,0,0.1637714119226486,1.0467054115069474,1.8606896072481671
11,6,Jennifer Grey,0.14205187608600786,0.08312030905123939,0.21599438295034631,0.134201856460357,1420518.7608600785,1342018.5646035702,0.10447137484329294,Percent,0,0.13287407389910694,0.9353911934162414,1.8606896072481671
11,6,Rick Fox,0.14867180792099005,0.08335432835822047,0.24242328415388772,0.14825294723782345,1486718.0792099005,1482529.4723782346,0.10447137484329294,Percent,0,0.15906895579566727,1.0699335537790908,1.8606896072481671
11,6,Kurt Warner,0.1712545741533909,0.11359938471595804,0.24772039320155478,0.16385378092059072,1712545.741533909,1638537.8092059072,0.10447137484329294,Percent,0,0.13412100848559674,0.7831674520148348,1.8606896072481671
11,6,Brandy,0.1308196996978275,0.06725902718786472,0.22438977033908838,0.132116132835358,1308196.996978275,1321161.32835358,0.10447137484329294,Percent,0,0.15713074315122366,1.2011244752447103,1.8606896072481671
11,6,Audrina Patridge,0.06328234888862942,0.03485736587869189,0.09552486555405311,0.11000092335472436,632823.4888862942,1100009.2335472435,0.10447137484329294,Percent,1,0.06066749967536122,0.9586796435468905,1.8606896072481671
11,6,Bristol Palin,0.1874559832902277,0.10936131111070667,0.2824499438370284,0.17143555493026036,1874559.832902277,1714355.5493026036,0.10447137484329294,Percent,0,0.17308863272632175,0.923356137735749,1.8606896072481671
11,7,Kyle Massey,0.18132875881066782,0.10589461655933231,0.27411954080734874,0.14652932889145096,1813287.588106678,1465293.2889145096,0.21422450728363324,Percent,0,0.16822492424801644,0.9277343834006299,1.7225659924667034
11,7,Jennifer Grey,0.16556269141398355,0.09819927401610257,0.2593443877813512,0.14524581409121842,1655626.9141398356,1452458.1409121843,0.21422450728363324,Percent,0,0.16114511376524865,0.9733177951445057,1.7225659924667034
11,7,Rick Fox,0.09240055119235416,0.05180934395238757,0.12831816080194014,0.1366072761777278,924005.5119235415,1366072.761777278,0.21422450728363324,Percent,1,0.07650881684955257,0.8280125590407023,1.7225659924667034
11,7,Kurt Warner,0.1892656092388901,0.11248956635915136,0.29124970772634773,0.19439685387838435,1892656.092388901,1943968.5387838434,0.21422450728363324,Percent,0,0.17876014136719637,0.9444935193776605,1.7225659924667034
11,7,Brandy,0.15847913099402736,0.08676905993359614,0.25729096029327986,0.1406394376231488,1584791.3099402736,1406394.3762314878,0.21422450728363324,Percent,0,0.17052190035968373,1.0759896226722132,1.7225659924667034
11,7,Bristol Palin,0.21296325835007646,0.13060250998068618,0.31954020718910386,0.2365812893380697,2129632.5835007643,2365812.893380697,0.21422450728363324,Percent,0,0.1889376972084177,0.8871844780747827,1.7225659924667034
11,8,Kyle Massey,0.2157396201858035,0.13928308939532763,0.31812115029269933,0.20386306871885498,2157396.201858035,2038630.68718855,0.25,Percent,0,0.1788380608973717,0.8289532573727036,1.5624370012123108
11,8,Jennifer Grey,0.20096432077429918,0.12615667864983104,0.2900412562470931,0.17752712959472453,2009643.2077429919,1775271.2959472453,0.25,Percent,0,0.16388457759726205,0.8154909138389745,1.5624370012123108
11,8,Kurt Warner,0.14025022799585363,0.09093244365364726,0.18760527989501052,0.20823493597835938,1402502.2799585364,2082349.3597835938,0.25,Percent,1,0.09667283624136326,0.6892882644313513,1.5624370012123108
11,8,Brandy,0.19346173499932748,0.12146902950156664,0.2927653290761001,0.18552103230878647,1934617.3499932748,1855210.3230878648,0.25,Percent,0,0.17129629957453346,0.8854272891490864,1.5624370012123108
11,8,Bristol Palin,0.24958409604471563,0.16690747921517907,0.3679876599565211,0.22485383339927453,2495840.9604471563,2248538.3339927453,0.25,Percent,0,0.20108018074134204,0.8056610334070181,1.5624370012123108
11,9,Kyle Massey,0.2695759607858424,0.1859137973794355,0.36746756002605885,0.2480995012851067,2695759.607858424,2480995.012851067,0.3996802557953637,Percent,0,0.18155376264662335,0.6734790524992472,1.3391698636421638
11,9,Jennifer Grey,0.2567030926773942,0.1732020677534062,0.3682606078639096,0.2255974759640146,2567030.926773942,2255974.759640146,0.3996802557953637,Percent,0,0.19505854011050336,0.7598604990538184,1.3391698636421638
11,9,Brandy,0.1623924292883868,0.10463316818038426,0.21396402043318305,0.21865914407394071,1623924.2928838679,2186591.440739407,0.3996802557953637,Percent,1,0.10933085225279879,0.673250918973828,1.3391698636421638
11,9,Bristol Palin,0.31132851724837657,0.21833185420419432,0.4220564021101199,0.3076438786769379,3113285.1724837655,3076438.786769379,0.3996802557953637,Percent,0,0.2037245479059256,0.6543716255308376,1.3391698636421638
12,1,Ralph Macchio,0.09094053885269567,0.038166871897211435,0.15363022650157535,0.08237111466887231,909405.3885269567,823711.1466887231,1.0,Percent,0,0.11546335460436391,1.2696576912897997,2.311815674530984
12,1,Chelsea Kane,0.08985339131876996,0.03669668026625803,0.15465500599074533,0.0779446928413683,898533.9131876996,779446.9284136831,1.0,Percent,0,0.1179583257244873,1.312786573697707,2.311815674530984
12,1,Kirstie Alley,0.09210020483172898,0.04151116036423147,0.15523311741895846,0.12363196005360502,921002.0483172898,1236319.6005360503,1.0,Percent,0,0.11372195705472699,1.2347633456679263,2.311815674530984
12,1,Hines Ward,0.09145286192631683,0.03551730265970829,0.15483735998305242,0.09456816891318734,914528.6192631683,945681.6891318734,1.0,Percent,0,0.11932005732334414,1.3047164933939388,2.311815674530984
12,1,Sugar Ray Leonard,0.09219643107769232,0.03841786018788659,0.1560116936411083,0.11211265264561854,921964.3107769232,1121126.5264561854,1.0,Percent,0,0.11759383345322172,1.275470558661077,2.311815674530984
12,1,Chris Jericho,0.0903183533895603,0.03855021728545402,0.16064126932347464,0.07513345740543953,903183.533895603,751334.5740543953,1.0,Percent,0,0.12209105203802062,1.351785627793928,2.311815674530984
12,1,Petra Nemcova,0.09181753370465653,0.03485970531224728,0.16057823934782403,0.08792932613244238,918175.3370465654,879293.2613244238,1.0,Percent,0,0.12571853403557676,1.3692214216945464,2.311815674530984
12,1,Mike Catherwood,0.0887245481470011,0.03516837018917922,0.15895346438914656,0.09043576144471893,887245.4814700111,904357.6144471893,1.0,Percent,0,0.12378509419996735,1.395161731281821,2.311815674530984
12,1,Romeo,0.08995705583231138,0.03134142920200073,0.1544494741280897,0.06817935463535378,899570.5583231138,681793.5463535378,1.0,Percent,0,0.12310804492608898,1.3685201653950774,2.311815674530984
12,1,Wendy Williams,0.08951156017448435,0.03627613537361956,0.1574939808490132,0.08307442560162047,895115.6017448435,830744.2560162047,1.0,Percent,0,0.12121784547539363,1.3542144192225498,2.311815674530984
12,1,Kendra Wilkinson,0.09312752074478266,0.039674833461826674,0.17167474441320565,0.10461908565777324,931275.2074478266,1046190.8565777324,1.0,Percent,0,0.13199991095137897,1.4174103411721513,2.311815674530984
12,2,Ralph Macchio,0.0936741935768309,0.04008847980557533,0.1721260075649997,0.10814817037030083,936741.935768309,1081481.7037030084,0.16233766233766234,Percent,0,0.13203752775942437,1.4095400527908268,2.278343030126921
12,2,Chelsea Kane,0.09573873816413361,0.04092554006527352,0.16431799994927254,0.09578167558213571,957387.3816413361,957816.7558213571,0.16233766233766234,Percent,0,0.12339245988399902,1.2888456882777808,2.278343030126921
12,2,Kirstie Alley,0.09563103325661154,0.03648015724250334,0.18038097743945075,0.08196657917709099,956310.3325661154,819665.7917709099,0.16233766233766234,Percent,0,0.14390082019694742,1.5047502395044832,2.278343030126921
12,2,Hines Ward,0.0930472031240876,0.03340759136106535,0.1751337555829476,0.06877384424456173,930472.031240876,687738.4424456173,0.16233766233766234,Percent,0,0.14172616422188225,1.5231641517787102,2.278343030126921
12,2,Sugar Ray Leonard,0.1027624447528591,0.04667314847624086,0.18878733840756987,0.09934210425605419,1027624.447528591,993421.0425605419,0.16233766233766234,Percent,0,0.14211418993132902,1.382938974185655,2.278343030126921
12,2,Chris Jericho,0.08977774554148586,0.03336426314880318,0.16350131287540742,0.06780826764014188,897777.4554148586,678082.6764014188,0.16233766233766234,Percent,0,0.13013704972660423,1.449546866449977,2.278343030126921
12,2,Petra Nemcova,0.09734020389747572,0.04093755828514653,0.1790249372294545,0.10196554477306002,973402.0389747572,1019655.4477306003,0.16233766233766234,Percent,0,0.13808737894430798,1.4186058115282922,2.278343030126921
12,2,Mike Catherwood,0.03784550639273841,0.018042370443759566,0.05985083447401811,0.09454678942527206,378455.0639273841,945467.8942527206,0.16233766233766234,Percent,1,0.04180846403025854,1.1047140866975034,2.278343030126921
12,2,Romeo,0.09282361853652919,0.03237079282683106,0.17118347911529735,0.08322021791595723,928236.1853652919,832202.1791595722,0.16233766233766234,Percent,0,0.1388126862884663,1.4954457548305862,2.278343030126921
12,2,Wendy Williams,0.10214205571077713,0.04515172426928511,0.1871855780444108,0.10387504960814753,1021420.5571077713,1038750.4960814753,0.16233766233766234,Percent,0,0.14203385377512567,1.3905521363042188,2.278343030126921
12,2,Kendra Wilkinson,0.09921725704647082,0.04296430481736201,0.18220557545921978,0.09457175700727764,992172.5704647081,945717.5700727764,0.16233766233766234,Percent,0,0.13924127064185776,1.4033977030491855,2.278343030126921
12,3,Ralph Macchio,0.10585203293143047,0.046969088102914766,0.18719323164754473,0.09277278947843158,1058520.3293143047,927727.8947843158,0.2689618074233459,Percent,0,0.14022414354462998,1.324718474093599,2.199636618363569
12,3,Chelsea Kane,0.10742083096686135,0.0446426417719881,0.18712230779015854,0.09855731375044849,1074208.3096686136,985573.1375044849,0.2689618074233459,Percent,0,0.14247966601817044,1.3263690546401052,2.199636618363569
12,3,Kirstie Alley,0.10631147733362417,0.04488824929911434,0.19303630747155343,0.11100495347793121,1063114.7733362417,1110049.534779312,0.2689618074233459,Percent,0,0.1481480581724391,1.3935283554335751,2.199636618363569
12,3,Hines Ward,0.1015905925589237,0.03700808776522199,0.187538559112984,0.09926813330024921,1015905.925589237,992681.3330024921,0.2689618074233459,Percent,0,0.150530471347762,1.4817363257375689,2.199636618363569
12,3,Sugar Ray Leonard,0.11269591203336614,0.04861779247934412,0.19598951656449823,0.09102545007685094,1126959.1203336613,910254.5007685093,0.2689618074233459,Percent,0,0.14737172408515412,1.3076936104081702,2.199636618363569
12,3,Chris Jericho,0.09959643350077957,0.0425741880339835,0.18989009114510855,0.09859065748022662,995964.3350077957,985906.5748022662,0.2689618074233459,Percent,0,0.14731590311112505,1.4791282974000466,2.199636618363569
12,3,Petra Nemcova,0.10357794484127249,0.04173265100858544,0.1868898159624107,0.11473722679123599,1035779.4484127249,1147372.26791236,0.2689618074233459,Percent,0,0.14515716495382525,1.4014292828098744,2.199636618363569
12,3,Romeo,0.10082290630943765,0.04783921888671783,0.18044753206502667,0.111028988888859,1008229.0630943765,1110289.88888859,0.2689618074233459,Percent,0,0.13260831317830885,1.3152597761000655,2.199636618363569
12,3,Wendy Williams,0.057068052045271135,0.02867251633302445,0.08573449061927733,0.09172844797242578,570680.5204527114,917284.4797242578,0.2689618074233459,Percent,1,0.057061974286252884,0.9998934997989167,2.199636618363569
12,3,Kendra Wilkinson,0.10506381747903325,0.042106886626843386,0.19241164342873726,0.09128603878334104,1050638.1747903326,912860.3878334104,0.2689618074233459,Percent,0,0.15030475680189387,1.4306043736882965,2.199636618363569
12,4,Ralph Macchio,0.11360044063369884,0.0499063184724007,0.1977599436390668,0.0954267011015909,1136004.4063369883,954267.011015909,0.1177301624676242,Percent,0,0.14785362516666609,1.3015233421797685,2.105440956752582
12,4,Chelsea Kane,0.12371485823682934,0.0555526755070554,0.211418460741154,0.11727774791582317,1237148.5823682935,1172777.4791582318,0.1177301624676242,Percent,0,0.1558657852340986,1.2598792696001173,2.105440956752582
12,4,Kirstie Alley,0.12415852335463838,0.06221651865550855,0.20826250342633287,0.12004905919059233,1241585.233546384,1200490.5919059233,0.1177301624676242,Percent,0,0.1460459847708243,1.1762864185624051,2.105440956752582
12,4,Hines Ward,0.11330238103121502,0.051098239533647415,0.2008570286040617,0.11592510658762044,1133023.8103121503,1159251.0658762043,0.1177301624676242,Percent,0,0.1497587890704143,1.321762064551454,2.105440956752582
12,4,Sugar Ray Leonard,0.05317982402646594,0.029363202240366135,0.07770926615074022,0.08879083691367291,531798.2402646594,887908.3691367292,0.1177301624676242,Percent,1,0.04834606391037409,0.9091053758717547,2.105440956752582
12,4,Chris Jericho,0.11236248190377612,0.05669543661477746,0.1943167837737388,0.13657830969970466,1123624.8190377613,1365783.0969970466,0.1177301624676242,Percent,0,0.13762134715896132,1.2247980360278632,2.105440956752582
12,4,Petra Nemcova,0.11914399156796616,0.05561973419527716,0.21042277775994003,0.11439273220978632,1191439.9156796616,1143927.3220978633,0.1177301624676242,Percent,0,0.15480304356466287,1.299293749751156,2.105440956752582
12,4,Romeo,0.11078612365726363,0.0533643559155882,0.2009223140667513,0.10393547457997307,1107861.2365726363,1039354.7457997306,0.1177301624676242,Percent,0,0.1475579581511631,1.3319173311601695,2.105440956752582
12,4,Kendra Wilkinson,0.12975137558814606,0.07348765269547207,0.21032601008139687,0.10762403180123616,1297513.7558814606,1076240.3180123616,0.1177301624676242,Percent,0,0.1368383573859248,1.054619704536113,2.105440956752582
12,5,Ralph Macchio,0.13603552211323747,0.0745581936829161,0.2183552948052903,0.11573385999513322,1360355.2211323746,1157338.5999513322,0.17452006980802792,Percent,0,0.1437971011223742,1.0570555314418237,1.9908360577379722
12,5,Chelsea Kane,0.13703385459259562,0.06380389701691111,0.23254998020878678,0.11302645026764829,1370338.5459259562,1130264.502676483,0.17452006980802792,Percent,0,0.16874608319187567,1.2314189343469988,1.9908360577379722
12,5,Kirstie Alley,0.14358573424823431,0.0742267665523846,0.23646875434447054,0.15342784180167443,1435857.342482343,1534278.4180167443,0.17452006980802792,Percent,0,0.16224198779208593,1.1299311079998955,1.9908360577379722
12,5,Hines Ward,0.12617846937980587,0.05723300197078949,0.23854712998978966,0.15849197762701067,1261784.6937980587,1584919.7762701067,0.17452006980802792,Percent,0,0.18131412801900018,1.4369656638743349,1.9908360577379722
12,5,Chris Jericho,0.1241119563555589,0.059843413891954994,0.21260406818740116,0.10830270121401664,1241119.563555589,1083027.0121401665,0.17452006980802792,Percent,0,0.15276065429544616,1.2308294767170842,1.9908360577379722
12,5,Petra Nemcova,0.06250988828971864,0.0303997895689334,0.09253345384201671,0.09574199444654921,625098.8828971863,957419.9444654922,0.17452006980802792,Percent,1,0.06213366427308331,0.9939813679574723,1.9908360577379722
12,5,Romeo,0.12250653179220582,0.05530305983153488,0.2081574957452774,0.12490352937414796,1225065.3179220583,1249035.2937414795,0.17452006980802792,Percent,0,0.1528544359137425,1.2477247839569279,1.9908360577379722
12,5,Kendra Wilkinson,0.14803804322864292,0.08303867709304315,0.2421367385997288,0.1303716452738195,1480380.4322864292,1303716.452738195,0.17452006980802792,Percent,0,0.15909806150668565,1.0747106489442086,1.9908360577379722
12,6,Ralph Macchio,0.16121820576645568,0.0859606979190614,0.26256875709201266,0.13687091239960375,1612182.057664557,1368709.1239960375,0.3282994090610637,Percent,0,0.17660805917295125,1.0954597734997105,1.8705424904756054
12,6,Chelsea Kane,0.14586789403102904,0.07304679900522,0.24531252081755706,0.13338242852277488,1458678.9403102903,1333824.2852277488,0.3282994090610637,Percent,0,0.17226572181233707,1.180970788374395,1.8705424904756054
12,6,Kirstie Alley,0.15794154969029217,0.08856842791814068,0.25019203169602994,0.1546504476125382,1579415.4969029217,1546504.4761253821,0.3282994090610637,Percent,0,0.16162360377788926,1.0233127640878366,1.8705424904756054
12,6,Hines Ward,0.14385705694925566,0.07416294703534848,0.2347693438432795,0.15073885747438864,1438570.5694925566,1507388.5747438865,0.3282994090610637,Percent,0,0.160606396807931,1.1164304359749522,1.8705424904756054
12,6,Chris Jericho,0.0819109911677678,0.03986845899506365,0.12155185556022768,0.136962107083007,819109.911677678,1369621.07083007,0.3282994090610637,Percent,1,0.08168339656516403,0.9972214400123957,1.8705424904756054
12,6,Romeo,0.14413428162665717,0.07180667443546268,0.2424868200524011,0.11636684952224738,1441342.8162665716,1163668.4952224737,0.3282994090610637,Percent,0,0.17068014561693842,1.1841745328778999,1.8705424904756054
12,6,Kendra Wilkinson,0.1650700207685425,0.09108077588356146,0.26201078638545383,0.17102839738544015,1650700.207685425,1710283.9738544016,0.3282994090610637,Percent,0,0.17093001050189238,1.0355000242083123,1.8705424904756054
12,7,Ralph Macchio,0.1836872472779653,0.1060608085550867,0.2842939764385556,0.16388393214145197,1836872.4727796528,1638839.3214145198,0.14144271570014144,Percent,0,0.17823316788346888,0.970307795041193,1.7347827396463218
12,7,Chelsea Kane,0.1741844086048262,0.10923344455917608,0.2667530963895966,0.1762718531024295,1741844.086048262,1762718.531024295,0.14144271570014144,Percent,0,0.15751965183042052,0.9043269319689045,1.7347827396463218
12,7,Kirstie Alley,0.19178155326999202,0.11736166351976632,0.2927869386730779,0.1836564428422416,1917815.5326999202,1836564.428422416,0.14144271570014144,Percent,0,0.1754252751533116,0.9147140179136317,1.7347827396463218
12,7,Hines Ward,0.17034374522866794,0.09975875694210806,0.2645196078463295,0.14956958501651516,1703437.4522866793,1495695.8501651515,0.14144271570014144,Percent,0,0.16476085090422143,0.9672257157610802,1.7347827396463218
12,7,Romeo,0.17850481047795433,0.11308119508486981,0.2802152805882785,0.1698149543957756,1785048.1047795434,1698149.543957756,0.14144271570014144,Percent,0,0.1671340855034087,0.9363001762019745,1.7347827396463218
12,7,Kendra Wilkinson,0.1014982351405942,0.06050412193675298,0.1380976455324561,0.15680323250158637,1014982.351405942,1568032.3250158636,0.14144271570014144,Percent,1,0.07759352359570312,0.7644815053997881,1.7347827396463218
12,8,Ralph Macchio,0.23157958095531486,0.15878749355897648,0.33240733814702467,0.2111772985807683,2315795.8095531487,2111772.985807683,0.19372336303758234,Percent,0,0.1736198445880482,0.7497200049841594,1.5608546656202322
12,8,Chelsea Kane,0.21210277333827562,0.1388032282034916,0.3127771804738795,0.20919131026093485,2121027.7333827564,2091913.1026093485,0.19372336303758234,Percent,0,0.17397395227038787,0.8202342172722212,1.5608546656202322
12,8,Kirstie Alley,0.2209663323049725,0.14638320034319316,0.3230119664075527,0.20923082914194166,2209663.323049725,2092308.2914194167,0.19372336303758234,Percent,0,0.17662876606435954,0.7993469603350283,1.5608546656202322
12,8,Hines Ward,0.20920556801616896,0.134190581228411,0.30292182439800547,0.19024191736579632,2092055.6801616896,1902419.1736579633,0.19372336303758234,Percent,0,0.16873124316959448,0.8065332331716605,1.5608546656202322
12,8,Romeo,0.1261457453852678,0.08028631413350183,0.16963061990192246,0.180158644650559,1261457.453852678,1801586.44650559,0.19372336303758234,Percent,1,0.08934430576842063,0.708262537872759,1.5608546656202322
12,9,Ralph Macchio,0.2044958480056646,0.1371382446593634,0.2635782735124996,0.2761156953330317,2044958.4800566458,2761156.953330317,0.415973377703827,Percent,1,0.12644002885313618,0.6183012031111447,1.3546482566179585
12,9,Chelsea Kane,0.24918827619238093,0.16523295884094183,0.3633685296951911,0.22925262063254642,2491882.7619238095,2292526.2063254644,0.415973377703827,Percent,0,0.1981355708542493,0.7951239676351491,1.3546482566179585
12,9,Kirstie Alley,0.2861367799506129,0.2012725396990972,0.4053976658997785,0.257897245618087,2861367.7995061288,2578972.45618087,0.415973377703827,Percent,0,0.2041251262006813,0.7133830409215943,1.3546482566179585
12,9,Hines Ward,0.26017909585134125,0.17511152902883345,0.35824398695307064,0.23673443841633474,2601790.9585134126,2367344.3841633475,0.415973377703827,Percent,0,0.18313245792423719,0.7038707599663339,1.3546482566179585
13,1,Elisabetta Canalis,0.09186018690251789,0.04723448560437169,0.15901467134799013,0.0980821939895931,918601.869025179,980821.939895931,0.22172949002217296,Percent,0,0.11178018574361845,1.2168512770634756,2.3972768336970596
13,1,David Arquette,0.08701721701753097,0.04400608306470391,0.15482861025528208,0.08797135169809334,870172.1701753098,879713.5169809334,0.22172949002217296,Percent,0,0.11082252719057817,1.2735701162248299,2.3972768336970596
13,1,Ricki Lake,0.08663257552396378,0.03896687259902966,0.1490739034027092,0.09506386487531099,866325.7552396378,950638.6487531099,0.22172949002217296,Percent,0,0.11010703080367955,1.2709656862645438,2.3972768336970596
13,1,J.R. Martinez,0.08331215449101523,0.03165384603158617,0.1458921301597934,0.0658872858082947,833121.5449101523,658872.858082947,0.22172949002217296,Percent,0,0.11423828412820725,1.3712078966884387,2.3972768336970596
13,1,Metta World Peace (Ron),0.044204107109921884,0.022772277839005553,0.06583230805110671,0.06974216403083389,442041.07109921885,697421.6403083389,0.22172949002217296,Percent,1,0.043060030212101155,0.9741183122424402,2.3972768336970596
13,1,Hope Solo,0.0838585253044529,0.03428487348144826,0.1468292627217314,0.06972114215963048,838585.253044529,697211.4215963047,0.22172949002217296,Percent,0,0.11254438924028315,1.3420745097971216,2.3972768336970596
13,1,Chynna Phillips,0.08609190632712943,0.035901365369391196,0.15656873993405124,0.08541790436531525,860919.0632712943,854179.0436531525,0.22172949002217296,Percent,0,0.12066737456466003,1.4016111352692293,2.3972768336970596
13,1,Kristin Cavallari,0.0842546332021584,0.03858163962405561,0.1467326936229395,0.10413666621249802,842546.3320215839,1041366.6621249802,0.22172949002217296,Percent,0,0.10815105399888389,1.2836214447624386,2.3972768336970596
13,1,Carson Kressley,0.088480946290957,0.041495869919880884,0.14639203774092446,0.0799376813831524,884809.46290957,799376.813831524,0.22172949002217296,Percent,0,0.10489616782104358,1.1855226714699396,2.3972768336970596
13,1,Chaz Bono,0.0853949131142033,0.03806490285727485,0.15238493397189626,0.0837871582257901,853949.131142033,837871.582257901,0.22172949002217296,Percent,0,0.11432003111462141,1.3387217920315109,2.3972768336970596
13,1,Nancy Grace,0.09006445997654727,0.04419655659262699,0.15096740532208103,0.07470579172774972,900644.5997654727,747057.9172774971,0.22172949002217296,Percent,0,0.10677084872945404,1.1854936870465564,2.3972768336970596
13,1,Rob Kardashian,0.08882837473960192,0.04470730742951342,0.14705913451430164,0.08554679552373795,888283.7473960193,855467.9552373795,0.22172949002217296,Percent,0,0.10235182708478821,1.1522424831573237,2.3972768336970596
13,2,Elisabetta Canalis,0.030917763932625915,0.013296917377817179,0.05033368672445557,0.050059674896020215,309177.63932625914,500596.74896020215,0.052565180824222034,Percent,1,0.03703676934663839,1.1979122884613076,2.2814785413680543
13,2,David Arquette,0.10213888111369587,0.048339698632447727,0.16844969231356322,0.08683069311289,1021388.8111369588,868306.9311289,0.052565180824222034,Percent,0,0.1201099936811155,1.1759478111710964,2.2814785413680543
13,2,Ricki Lake,0.09477735790111289,0.036977666020683225,0.17652332521812142,0.09442691525679284,947773.5790111289,944269.1525679284,0.052565180824222034,Percent,0,0.1395456591974382,1.4723522821034414,2.2814785413680543
13,2,J.R. Martinez,0.09060044449311802,0.03848992352864678,0.17292390134625152,0.10134492099355097,906004.4449311802,1013449.2099355097,0.052565180824222034,Percent,0,0.13443397781760474,1.4838114599737566,2.2814785413680543
13,2,Hope Solo,0.09479517746348615,0.04338225356437538,0.18272974815058005,0.07649797263807633,947951.7746348615,764979.7263807632,0.052565180824222034,Percent,0,0.13934749458620466,1.4699850595235129,2.2814785413680543
13,2,Chynna Phillips,0.09516480854321564,0.04073884638378423,0.1712872044218264,0.08190635898257559,951648.0854321565,819063.5898257559,0.052565180824222034,Percent,0,0.13054835803804218,1.3718133839228857,2.2814785413680543
13,2,Kristin Cavallari,0.09351726893496995,0.0376951468336157,0.16395004710832972,0.10936152474804386,935172.6893496995,1093615.2474804386,0.052565180824222034,Percent,0,0.12625490027471403,1.3500704384610416,2.2814785413680543
13,2,Carson Kressley,0.10268407625499607,0.05304914966727153,0.17983991941543423,0.12396201717889238,1026840.7625499606,1239620.171788924,0.052565180824222034,Percent,0,0.1267907697481627,1.2347656459732113,2.2814785413680543
13,2,Chaz Bono,0.10242214936279172,0.05386009072669077,0.17285157619542005,0.06969951690389097,1024221.4936279171,696995.1690389096,0.052565180824222034,Percent,0,0.11899148546872929,1.1617749306084855,2.2814785413680543
13,2,Nancy Grace,0.09578206586716936,0.03990663090981536,0.1746026072559071,0.09983441782973314,957820.6586716936,998344.1782973313,0.052565180824222034,Percent,0,0.13469597634609173,1.4062755394406319,2.2814785413680543
13,2,Rob Kardashian,0.09720000613281822,0.03741093415173098,0.17823973561062267,0.10607598745953355,972000.0613281822,1060759.8745953355,0.052565180824222034,Percent,0,0.1408288014588917,1.4488558906720361,2.2814785413680543
13,3,David Arquette,0.10844573463188535,0.05268963125626535,0.18553055621590717,0.07790716032078489,1084457.3463188536,779071.6032078488,0.09518370454978108,Percent,0,0.1328409249596418,1.2249529721990906,2.191893420823629
13,3,Ricki Lake,0.10302611192434949,0.04058725725768849,0.19553736246676437,0.10427724231040476,1030261.1192434949,1042772.4231040477,0.09518370454978108,Percent,0,0.15495010520907587,1.5039886715598214,2.191893420823629
13,3,J.R. Martinez,0.09515869099048391,0.04055805509869575,0.17282512244927237,0.10833788900335574,951586.9099048391,1083378.8900335573,0.09518370454978108,Percent,0,0.1322670673505766,1.3899630813942536,2.191893420823629
13,3,Hope Solo,0.10234906220321922,0.04968466457580652,0.1744510202109147,0.07441412386757336,1023490.6220321922,744141.2386757336,0.09518370454978108,Percent,0,0.12476635563510817,1.2190278342499932,2.191893420823629
13,3,Chynna Phillips,0.10211250448608365,0.04316362909698106,0.18930781945037614,0.07901663969762776,1021125.0448608365,790166.3969762776,0.09518370454978108,Percent,0,0.1461441903533951,1.4312075792178056,2.191893420823629
13,3,Kristin Cavallari,0.03731097806732943,0.017097516214712196,0.058275921471346144,0.07185806998346247,373109.78067329427,718580.6998346248,0.09518370454978108,Percent,1,0.04117840525663395,1.1036538678328285,2.191893420823629
13,3,Carson Kressley,0.11138130247019677,0.051041185676741985,0.18880693135967985,0.1420243035072008,1113813.0247019676,1420243.035072008,0.09518370454978108,Percent,0,0.13776574568293787,1.236883952939956,2.191893420823629
13,3,Chaz Bono,0.12301848207148584,0.06524169502129298,0.2060650576404394,0.12374655608017747,1230184.8207148584,1237465.5608017747,0.09518370454978108,Percent,0,0.1408233626191464,1.1447333786586162,2.191893420823629
13,3,Nancy Grace,0.11078189018235617,0.053596891908585464,0.18527008935828598,0.12072470904397681,1107818.9018235616,1207247.090439768,0.09518370454978108,Percent,0,0.13167319744970052,1.1885805273132235,2.191893420823629
13,3,Rob Kardashian,0.1064152429726101,0.04898872242905277,0.19389548149087554,0.09769330618543608,1064152.429726101,976933.0618543607,0.09518370454978108,Percent,0,0.14490675906182277,1.3617105502368667,2.191893420823629
13,4,David Arquette,0.11628533631130161,0.05570068596464528,0.20243225394415768,0.10776739304277469,1162853.3631130161,1077673.9304277468,0.19912385503783353,Percent,0,0.1467315679795124,1.2618234820829404,2.094471078697013
13,4,Ricki Lake,0.10442371118054218,0.03748081230609908,0.20139143926764272,0.10692502678123439,1044237.1118054218,1069250.2678123438,0.19912385503783353,Percent,0,0.16391062696154363,1.5696686615375335,2.094471078697013
13,4,J.R. Martinez,0.10486540842886825,0.04196438726184238,0.1877519300884639,0.0843816692863943,1048654.0842886826,843816.692863943,0.19912385503783353,Percent,0,0.1457875428266215,1.3902348258674007,2.094471078697013
13,4,Hope Solo,0.1142061762024274,0.05045157113697384,0.20001423111119263,0.11030061615876825,1142061.762024274,1103006.1615876826,0.19912385503783353,Percent,0,0.14956265997421878,1.3095846910163855,2.094471078697013
13,4,Chynna Phillips,0.05193226219512967,0.023060779300896013,0.08284692654796948,0.09163005651626431,519322.6219512967,916300.5651626431,0.19912385503783353,Percent,1,0.059786147247073464,1.151233255012726,2.094471078697013
13,4,Carson Kressley,0.13039105495286346,0.06904162015793419,0.21851875920862365,0.15535548483633022,1303910.5495286346,1553554.8483633022,0.19912385503783353,Percent,0,0.14947713905068946,1.1463757165299846,2.094471078697013
13,4,Chaz Bono,0.13395081219977817,0.06488831590557835,0.222113222676999,0.12185619387303187,1339508.1219977818,1218561.9387303188,0.19912385503783353,Percent,0,0.15722490677142065,1.173751052266341,2.094471078697013
13,4,Nancy Grace,0.1271455265436495,0.06592244396275695,0.21504000458105876,0.12007226181149652,1271455.265436495,1200722.6181149653,0.19912385503783353,Percent,0,0.1491175606183018,1.1728101229508003,2.094471078697013
13,4,Rob Kardashian,0.11679971198543974,0.055271909694571526,0.2088162261147202,0.10171129769370554,1167997.1198543974,1017112.9769370555,0.19912385503783353,Percent,0,0.15354431642014868,1.314594991803486,2.094471078697013
13,5,David Arquette,0.12936005593164868,0.05895875557992149,0.21419173814412254,0.11710409149850146,1293600.5593164868,1171040.9149850146,0.2085070892410342,Percent,0,0.15523298256420104,1.2000070767302629,2.000014599529662
13,5,Ricki Lake,0.12405532300125607,0.0625243281777006,0.2145710767793766,0.1039658005318418,1240553.2300125607,1039658.005318418,0.2085070892410342,Percent,0,0.152046748601676,1.2256366347144694,2.000014599529662
13,5,J.R. Martinez,0.11957508730408668,0.05447124431085285,0.20362031270028544,0.13167970790477718,1195750.8730408668,1316797.0790477719,0.2085070892410342,Percent,0,0.1491490683894326,1.2473256072992653,2.000014599529662
13,5,Hope Solo,0.13467336553194503,0.0664952420723256,0.2347192056926217,0.11274374609636213,1346733.6553194504,1127437.4609636213,0.2085070892410342,Percent,0,0.1682239636202961,1.2491257120948145,2.000014599529662
13,5,Carson Kressley,0.07433449017161228,0.042817033853065636,0.10689045583424088,0.1298468069835099,743344.9017161229,1298468.069835099,0.2085070892410342,Percent,1,0.06407342198117524,0.8619608721772648,2.000014599529662
13,5,Chaz Bono,0.1509457615169073,0.08192093323495646,0.24039707580940686,0.14070252975085562,1509457.615169073,1407025.2975085562,0.2085070892410342,Percent,0,0.15847614257445042,1.0498879927589067,2.000014599529662
13,5,Nancy Grace,0.138943559655751,0.07375717289062576,0.23005787836789418,0.14533806215454936,1389435.59655751,1453380.6215454936,0.2085070892410342,Percent,0,0.15630070547726843,1.1249222768188882,2.000014599529662
13,5,Rob Kardashian,0.12811235688679318,0.0600067620636284,0.21603980566376096,0.11861925507960273,1281123.5688679318,1186192.5507960273,0.2085070892410342,Percent,0,0.15603304360013256,1.2179390606170144,2.000014599529662
13,6,David Arquette,0.15403902074682238,0.08727393436283008,0.24748490475106502,0.12356914881453282,1540390.2074682238,1235691.4881453281,0.1847063169560399,Percent,0,0.16021097038823495,1.0400674427264553,1.8829912597720784
13,6,Ricki Lake,0.13652023057201407,0.07088513752646028,0.2262937883982453,0.1454629447286652,1365202.3057201407,1454629.447286652,0.1847063169560399,Percent,0,0.15540865087178501,1.1383561998147034,1.8829912597720784
13,6,J.R. Martinez,0.13359311153311884,0.06691666219388909,0.21655586573318594,0.13625877633634825,1335931.1153311883,1362587.7633634824,0.1847063169560399,Percent,0,0.14963920353929686,1.120111672091716,1.8829912597720784
13,6,Hope Solo,0.16527743168096826,0.1052435492433509,0.24229910440658275,0.1416995360326187,1652774.3168096826,1416995.360326187,0.1847063169560399,Percent,0,0.13705555516323187,0.8292454315710053,1.8829912597720784
13,6,Chaz Bono,0.09461703197479172,0.05267122659741593,0.12961874971711224,0.14218642032620635,946170.3197479172,1421864.2032620634,0.1847063169560399,Percent,1,0.0769475231196963,0.8132523448864575,1.8829912597720784
13,6,Nancy Grace,0.15792393477885158,0.08818876159788627,0.24510066215006363,0.17798932938571327,1579239.3477885157,1779893.2938571328,0.1847063169560399,Percent,0,0.15691190055217735,0.9935916349343028,1.8829912597720784
13,6,Rob Kardashian,0.158029238713433,0.09104040282266833,0.25389874849483607,0.1328338443759154,1580292.3871343299,1328338.4437591538,0.1847063169560399,Percent,0,0.16285834567216773,1.0305583131200913,1.8829912597720784
13,7,David Arquette,0.09909922670453099,0.057577785412937336,0.13625420946973626,0.14382344142846223,990992.2670453099,1438234.4142846223,0.17421602787456447,Percent,1,0.07867642405679892,0.7939156204657014,1.7311652800316146
13,7,Ricki Lake,0.1620327618691946,0.0928713760270729,0.2557742341073091,0.154273769590818,1620327.618691946,1542737.6959081802,0.17421602787456447,Percent,0,0.1629028580802362,1.005369878295008,1.7311652800316146
13,7,J.R. Martinez,0.17292970102076366,0.10385399546595676,0.2717232200276299,0.14891011891510617,1729297.0102076365,1489101.1891510617,0.17421602787456447,Percent,0,0.16786922456167314,0.9707367998139145,1.7311652800316146
13,7,Hope Solo,0.1902761411903904,0.11348764020803945,0.2985171404565466,0.19415946366089887,1902761.411903904,1941594.6366089887,0.17421602787456447,Percent,0,0.18502950024850714,0.9724261754045481,1.7311652800316146
13,7,Nancy Grace,0.19439809273365014,0.12197537367507799,0.2919613039375801,0.17008633925820493,1943980.9273365014,1700863.3925820494,0.17421602787456447,Percent,0,0.16998593026250208,0.874421800502972,1.7311652800316146
13,7,Rob Kardashian,0.18126407648147003,0.10642145093059545,0.2784135824577251,0.1887468671465098,1812640.7648147002,1887468.671465098,0.17421602787456447,Percent,0,0.1719921315271296,0.9488484142345311,1.7311652800316146
13,8,Ricki Lake,0.20452988183239235,0.1262838354455679,0.30241046454569337,0.18830232467954408,2045298.8183239235,1883023.2467954408,0.2796420581655481,Percent,0,0.17612662910012547,0.8611290806125693,1.565884901591619
13,8,J.R. Martinez,0.19662661730324332,0.11969174886031818,0.3000169692222243,0.1952580641435418,1966266.1730324333,1952580.641435418,0.2796420581655481,Percent,0,0.18032522036190612,0.9170946580635281,1.565884901591619
13,8,Hope Solo,0.22405677673287944,0.1407451336064419,0.33673686873151576,0.2263158614253473,2240567.7673287946,2263158.614253473,0.2796420581655481,Percent,0,0.19599173512507387,0.8747413846747214,1.565884901591619
13,8,Nancy Grace,0.14831676637283236,0.09684127256373055,0.1944631798280748,0.2034209709748945,1483167.6637283235,2034209.709748945,0.2796420581655481,Percent,1,0.09762190726434423,0.6581987300002647,1.565884901591619
13,8,Rob Kardashian,0.22646995775865222,0.1500544471291496,0.33102631085921275,0.18670277877667227,2264699.5775865223,1867027.7877667227,0.2796420581655481,Percent,0,0.18097186373006316,0.7990987657750344,1.565884901591619
13,9,Ricki Lake,0.26220928546901734,0.17890277880097447,0.37150669240693374,0.22685733819712053,2622092.854690173,2268573.381971205,0.37537537537537535,Percent,0,0.19260391360595927,0.7345426889114396,1.357343305942534
13,9,J.R. Martinez,0.2624894717768506,0.18641491981373448,0.3540945428111171,0.23584181853936625,2624894.717768506,2358418.1853936627,0.37537537537537535,Percent,0,0.1676796229973826,0.6388051370682462,1.357343305942534
13,9,Hope Solo,0.2013296971800096,0.1356762047425572,0.2578004316772335,0.2595070988935758,2013296.9718000959,2595070.9889357584,0.37537537537537535,Percent,1,0.12212422693467628,0.6065882413039373,1.357343305942534
13,9,Rob Kardashian,0.2739715455741225,0.1795907102286115,0.389366643545754,0.2777937443699374,2739715.4557412253,2777937.4436993743,0.37537537537537535,Percent,0,0.2097759333171425,0.7656851111218337,1.357343305942534
14,1,William Levy,0.08375183768643184,0.03586106514581293,0.1430962766863789,0.11322556166326248,837518.3768643184,1132255.6166326248,1.0,Percent,0,0.10723521154056596,1.2803923412648714,2.3971582645346037
14,1,Jack Wagner,0.08393171301545271,0.03361399364750003,0.14599188180173217,0.06281359022191996,839317.1301545271,628135.9022191996,1.0,Percent,0,0.11237788815423214,1.3389204642295598,2.3971582645346037
14,1,Sherri Sheperd,0.08435852857450132,0.03450761908852874,0.14793689139842459,0.08539917836151045,843585.2857450133,853991.7836151045,1.0,Percent,0,0.11342927230989584,1.344609421556241,2.3971582645346037
14,1,Jaleel White,0.08358319430151899,0.03483445053686652,0.14755878401229772,0.07260234667842307,835831.9430151898,726023.4667842307,1.0,Percent,0,0.1127243334754312,1.348648306844892,2.3971582645346037
14,1,Roshon Fegan,0.08184266207709429,0.03419190245814484,0.1404826002425535,0.07365796622277192,818426.6207709429,736579.6622277192,1.0,Percent,0,0.10629069778440865,1.2987199473580755,2.3971582645346037
14,1,Melissa Gilbert,0.0810572896937958,0.03215191038039262,0.15564348932826788,0.06470797938110556,810572.8969379581,647079.7938110556,1.0,Percent,0,0.12349157894787527,1.5235098461147711,2.3971582645346037
14,1,Martina Navratilova,0.08464715567874949,0.03159417494071625,0.15179658756312933,0.07276442458735505,846471.5567874949,727644.2458735505,1.0,Percent,0,0.12020241262241307,1.4200407758366023,2.3971582645346037
14,1,Donald Driver,0.08410953325747886,0.03507373522277606,0.14767995910162435,0.08968498373061438,841095.3325747886,896849.8373061438,1.0,Percent,0,0.11260622387884828,1.3388045268796631,2.3971582645346037
14,1,Gavin DeGraw,0.08258594741003934,0.03277101957147689,0.15127573556795926,0.08562226593333779,825859.4741003935,856222.6593333778,1.0,Percent,0,0.11850471599648237,1.4349259130988266,2.3971582645346037
14,1,Gladys Knight,0.0857316323959901,0.03522115078222331,0.14722438858817685,0.08123605535549694,857316.323959901,812360.5535549694,1.0,Percent,0,0.11200323780595355,1.3064400464068644,2.3971582645346037
14,1,Katherine Jenkins,0.08111943113940735,0.032523368767153206,0.14011759696542236,0.09225408046192986,811194.3113940735,922540.8046192985,1.0,Percent,0,0.10759422819826917,1.3263681301384338,2.3971582645346037
14,1,Maria Menounos,0.08328107476954019,0.03346167045095695,0.14600376854255565,0.1060315674022724,832810.7476954019,1060315.674022724,1.0,Percent,0,0.1125420980915987,1.3513526140606513,2.3971582645346037
14,2,William Levy,0.08834071140503867,0.0324159606337621,0.16795215354338536,0.09398671149772383,883407.1140503867,939867.1149772384,0.21303792074989347,Percent,0,0.13553619290962327,1.534243846964229,2.3534739756499903
14,2,Jack Wagner,0.09072049429690084,0.03804171748780839,0.16875605423744813,0.08569211439389791,907204.9429690083,856921.1439389791,0.21303792074989347,Percent,0,0.13071433674963975,1.4408468313879677,2.3534739756499903
14,2,Sherri Sheperd,0.08786861230181772,0.031205642998510686,0.17544333235388496,0.10956563282166551,878686.1230181772,1095656.3282166552,0.21303792074989347,Percent,0,0.14423768935537426,1.641515503396546,2.3534739756499903
14,2,Jaleel White,0.08410058304419676,0.027881317356447163,0.15966264935971852,0.10994623336358772,841005.8304419676,1099462.3336358771,0.21303792074989347,Percent,0,0.13178133200327136,1.5669490892116322,2.3534739756499903
14,2,Roshon Fegan,0.08102637622758549,0.02706115842261225,0.15469239882029578,0.0795359694383136,810263.7622758549,795359.6943831361,0.21303792074989347,Percent,0,0.12763124039768353,1.575181395737051,2.3534739756499903
14,2,Melissa Gilbert,0.08534543280440762,0.033808033979021844,0.16177425776876633,0.10184495422930459,853454.3280440762,1018449.5422930459,0.21303792074989347,Percent,0,0.12796622378974448,1.499391585288624,2.3534739756499903
14,2,Martina Navratilova,0.036333033270843605,0.015450056068270279,0.059610832335983424,0.06684857162749952,363330.33270843606,668485.7162749952,0.21303792074989347,Percent,1,0.04416077626771314,1.2154442470717444,2.3534739756499903
14,2,Donald Driver,0.08742335695904987,0.02719986868294534,0.16755119517085804,0.058201935510881826,874233.5695904987,582019.3551088183,0.21303792074989347,Percent,0,0.1403513264879127,1.6054213813095157,2.3534739756499903
14,2,Gavin DeGraw,0.09046044339688691,0.03347865005923245,0.17801160084511677,0.08040868649114248,904604.4339688692,804086.8649114248,0.21303792074989347,Percent,0,0.14453295078588432,1.597747538686708,2.3534739756499903
14,2,Gladys Knight,0.09608539855617268,0.03683330853855678,0.18333291513030694,0.06586129781288719,960853.9855617268,658612.9781288719,0.21303792074989347,Percent,0,0.14649960659175015,1.5246812605570317,2.3534739756499903
14,2,Katherine Jenkins,0.08604067839132114,0.02849816775314255,0.17172639549011146,0.06946094356531213,860406.7839132114,694609.4356531213,0.21303792074989347,Percent,0,0.14322822773696892,1.6646571181779088,2.3534739756499903
14,2,Maria Menounos,0.08625487934577845,0.028490613458724782,0.16287203983241136,0.07864694924778394,862548.7934577846,786469.4924778393,0.21303792074989347,Percent,0,0.13438142637368658,1.5579573862132308,2.3534739756499903
14,3,William Levy,0.09294858557899839,0.03315399880314496,0.172478783967134,0.07883141231882093,929485.8557899839,788314.1231882094,0.10495382031905962,Percent,0,0.13932478516398905,1.4989446509175208,2.2787273670209687
14,3,Jack Wagner,0.03548740729935414,0.015489625346413963,0.05421008900867062,0.06887980874986563,354874.07299354137,688798.0874986562,0.10495382031905962,Percent,1,0.03872046366225666,1.0911043271104612,2.2787273670209687
14,3,Sherri Sheperd,0.09972075935900297,0.043925134388979506,0.18553372599594833,0.10419016421061458,997207.5935900297,1041901.6421061459,0.10495382031905962,Percent,0,0.14160859160696881,1.4200512763562718,2.2787273670209687
14,3,Jaleel White,0.09794690908941152,0.04037598948831792,0.18568288244479453,0.08345293481624118,979469.0908941152,834529.3481624118,0.10495382031905962,Percent,0,0.1453068929564766,1.4835270893932162,2.2787273670209687
14,3,Roshon Fegan,0.08967778361079173,0.03684829972097428,0.16904729695124723,0.07958287604169405,896777.8361079174,795828.7604169404,0.10495382031905962,Percent,0,0.13219899723027295,1.47415549211192,2.2787273670209687
14,3,Melissa Gilbert,0.09855739849531264,0.04241937214190095,0.1767359637408012,0.1455828476969067,985573.9849531264,1455828.4769690668,0.10495382031905962,Percent,0,0.13431659159890025,1.3628260653134863,2.2787273670209687
14,3,Donald Driver,0.09717094399555373,0.04057644025822678,0.17890995341520008,0.09435777368852116,971709.4399555373,943577.7368852117,0.10495382031905962,Percent,0,0.1383335131569733,1.4236098515550393,2.2787273670209687
14,3,Gavin DeGraw,0.09926905306120566,0.04333600179160693,0.18197684440409487,0.08568328183307944,992690.5306120566,856832.8183307943,0.10495382031905962,Percent,0,0.13864084261248794,1.396616955004165,2.2787273670209687
14,3,Gladys Knight,0.10608906516735389,0.04896999296175868,0.1835243009651493,0.105275467218766,1060890.6516735388,1052754.6721876601,0.10495382031905962,Percent,0,0.13455430800339063,1.2683145788035106,2.2787273670209687
14,3,Katherine Jenkins,0.09247802836954745,0.038885897017881144,0.17249670477844717,0.08867025833808523,924780.2836954745,886702.5833808522,0.10495382031905962,Percent,0,0.13361080776056602,1.4447843462519514,2.2787273670209687
14,3,Maria Menounos,0.09065406597346809,0.035795817088449325,0.1682816670979449,0.06549317508740526,906540.6597346809,654931.7508740526,0.10495382031905962,Percent,0,0.1324858500094956,1.4614441016718487,2.2787273670209687
14,4,William Levy,0.11018881571621117,0.05091453558892534,0.19018316008138278,0.07489706888188669,1101888.1571621117,748970.6888188669,0.1311647429171039,Percent,0,0.13926862449245744,1.2639088966265022,2.1969155694286564
14,4,Sherri Sheperd,0.044536596624289694,0.022897607990328542,0.0683884699463291,0.07070865085650507,445365.9662428969,707086.5085650508,0.1311647429171039,Percent,1,0.045490861956000564,1.0214265436526513,2.1969155694286564
14,4,Jaleel White,0.10788915006905885,0.051148188837101725,0.1846906129344297,0.11771778855517498,1078891.5006905885,1177177.8855517497,0.1311647429171039,Percent,0,0.13354242409732797,1.237774363889684,2.1969155694286564
14,4,Roshon Fegan,0.09992167528404175,0.04269931362114241,0.18801884428902843,0.12315860823101882,999216.7528404176,1231586.082310188,0.1311647429171039,Percent,0,0.14531953066788603,1.4543344099745559,2.1969155694286564
14,4,Melissa Gilbert,0.10996378879891788,0.05202750743804206,0.18748588675018973,0.0871945795573011,1099637.8879891788,871945.795573011,0.1311647429171039,Percent,0,0.13545837931214766,1.23184532646333,2.1969155694286564
14,4,Donald Driver,0.10397988587928729,0.04178804821262841,0.195833460570639,0.10575610581366873,1039798.8587928729,1057561.0581366874,0.1311647429171039,Percent,0,0.15404541235801059,1.4814924161086842,2.1969155694286564
14,4,Gavin DeGraw,0.10761414480468962,0.0466673389898581,0.19291574386612528,0.11715400777709341,1076141.4480468961,1171540.077770934,0.1311647429171039,Percent,0,0.14624840487626717,1.3590072675083318,2.1969155694286564
14,4,Gladys Knight,0.11948063898329726,0.057691879350404957,0.1935325175777812,0.10440426200023152,1194806.3898329725,1044042.6200023153,0.1311647429171039,Percent,0,0.13584063822737624,1.1369259436783394,2.1969155694286564
14,4,Katherine Jenkins,0.10131948037464956,0.04286131322751373,0.1815669544074302,0.09361304717409254,1013194.8037464956,936130.4717409253,0.1311647429171039,Percent,0,0.13870564117991646,1.3689928202061825,2.1969155694286564
14,4,Maria Menounos,0.09510582346555717,0.03937810057608383,0.16890197518956085,0.10539588115302714,951058.2346555716,1053958.8115302715,0.1311647429171039,Percent,0,0.12952387461347703,1.3618921522758747,2.1969155694286564
14,5,William Levy,0.11279926275034961,0.04782551462296155,0.2050537728582355,0.08928913349079698,1127992.6275034961,892891.3349079698,0.2771618625277162,Percent,0,0.15722825823527395,1.3938766477867484,2.10382384733055
14,5,Jaleel White,0.1202890455761985,0.05923514662703833,0.21081563313231966,0.10304009653336872,1202890.455761985,1030400.9653336873,0.2771618625277162,Percent,0,0.15158048650528133,1.2601354161486042,2.10382384733055
14,5,Roshon Fegan,0.1109937426379447,0.050385843337490105,0.19309583863329705,0.12549454250594533,1109937.426379447,1254945.4250594534,0.2771618625277162,Percent,0,0.14270999529580694,1.28574811429973,2.10382384733055
14,5,Melissa Gilbert,0.12505848233484487,0.0658590737884976,0.21452123399912632,0.13765470316216702,1250584.8233484486,1376547.0316216701,0.2771618625277162,Percent,0,0.14866216021062872,1.1887411188357848,2.10382384733055
14,5,Donald Driver,0.11504327332639987,0.05139204674356591,0.19991825367013571,0.10211902896060428,1150432.7332639988,1021190.2896060428,0.2771618625277162,Percent,0,0.14852620692656981,1.2910464265491859,2.10382384733055
14,5,Gavin DeGraw,0.0630144589659952,0.03222984143265732,0.09370391273219843,0.1073707609450228,630144.589659952,1073707.609450228,0.2771618625277162,Percent,1,0.061474071299541105,0.9755550124252382,2.10382384733055
14,5,Gladys Knight,0.1320518041484207,0.0689925219414843,0.22606986335558876,0.1469502560674123,1320518.041484207,1469502.560674123,0.2771618625277162,Percent,0,0.15707734141410445,1.189513028065532,2.10382384733055
14,5,Katherine Jenkins,0.11238299142584914,0.0496832152427512,0.19030644396812094,0.0974967967112732,1123829.9142584912,974967.967112732,0.2771618625277162,Percent,0,0.14062322872536975,1.2512856878182823,2.10382384733055
14,5,Maria Menounos,0.10836693883399781,0.040125721710193595,0.1989595141784382,0.0905846816234094,1083669.3883399782,905846.816234094,0.2771618625277162,Percent,0,0.1588337924682446,1.4657034163487315,2.10382384733055
14,6,William Levy,0.12498213234686706,0.06071233704399578,0.20924113050720022,0.13472373546453023,1249821.3234686705,1347237.3546453023,0.20032051282051283,Percent,0,0.14852879346320444,1.1884002190888179,2.003929244887416
14,6,Jaleel White,0.13417902141534943,0.0643640245497076,0.22685676675650532,0.12559459134844195,1341790.2141534942,1255945.9134844195,0.20032051282051283,Percent,0,0.1624927422067977,1.2110145124982208,2.003929244887416
14,6,Roshon Fegan,0.13486067311602637,0.07145901579145221,0.21735232981523367,0.11576889811836441,1348606.7311602638,1157688.9811836442,0.20032051282051283,Percent,0,0.14589331402378147,1.081807695696901,2.003929244887416
14,6,Melissa Gilbert,0.14676469267155368,0.0773263479631073,0.2408371535346766,0.14508062288292206,1467646.9267155367,1450806.2288292206,0.20032051282051283,Percent,0,0.1635108055715693,1.1141017815333278,2.003929244887416
14,6,Donald Driver,0.13069565799125862,0.06252613034327517,0.21832029163799754,0.1055411319980228,1306956.5799125861,1055411.319980228,0.20032051282051283,Percent,0,0.15579416129472237,1.1920377745459794,2.003929244887416
14,6,Gladys Knight,0.07997136995788205,0.04530519181983538,0.11301415009027194,0.12337257088064052,799713.6995788205,1233725.7088064053,0.20032051282051283,Percent,1,0.06770895827043655,0.8466649790555838,2.003929244887416
14,6,Katherine Jenkins,0.12286180392192139,0.05402714817618401,0.21587416804806853,0.1407037192751917,1228618.0392192139,1407037.192751917,0.20032051282051283,Percent,0,0.16184701987188452,1.3173094868014328,2.003929244887416
14,6,Maria Menounos,0.12568464857914166,0.06539499323381638,0.21044935363845205,0.10921473003188638,1256846.4857914166,1092147.3003188637,0.20032051282051283,Percent,0,0.14505436040463565,1.1541135854256472,2.003929244887416
14,7,William Levy,0.14831560232005633,0.08121641889639512,0.23691354652650337,0.1426855682572488,1483156.0232005634,1426855.682572488,0.1541782300339192,Percent,0,0.15569712763010823,1.0497690411162746,1.8725957419005705
14,7,Jaleel White,0.07600201022231838,0.041852839804020665,0.10909570594015393,0.12118343765705511,760020.1022231838,1211834.3765705512,0.1541782300339192,Percent,1,0.06724286613613326,0.8847511524950039,1.8725957419005705
14,7,Roshon Fegan,0.1563259790173456,0.08706122302731864,0.24194381706431248,0.16958531115023034,1563259.790173456,1695853.1115023035,0.1541782300339192,Percent,0,0.15488259403699384,0.9907668259017165,1.8725957419005705
14,7,Melissa Gilbert,0.1718584306728793,0.10301191858302487,0.2672623667970331,0.1516795424662667,1718584.3067287928,1516795.4246626669,0.1541782300339192,Percent,0,0.1642504482140082,0.9557311071148301,1.8725957419005705
14,7,Donald Driver,0.1551675512733294,0.08471290256994268,0.24864018742858762,0.1316277411580382,1551675.512733294,1316277.411580382,0.1541782300339192,Percent,0,0.16392728485864494,1.056453385475454,1.8725957419005705
14,7,Katherine Jenkins,0.147698652535927,0.07782107492256886,0.23793216238825932,0.14381762499409467,1476986.5253592702,1438176.2499409467,0.1541782300339192,Percent,0,0.16011108746569047,1.084038917868558,1.8725957419005705
14,7,Maria Menounos,0.14463177395814347,0.0760844353637586,0.2429790995597311,0.13942077431706604,1446317.7395814348,1394207.7431706605,0.1541782300339192,Percent,0,0.1668946641959725,1.1539280728470627,1.8725957419005705
14,8,William Levy,0.19029314221515553,0.12667203845380848,0.28430249405173763,0.16491216682546442,1902931.4221515553,1649121.6682546441,0.04746084480303749,Percent,0,0.15763045559792915,0.8283559447439456,1.736407224565397
14,8,Roshon Fegan,0.10659975300595365,0.06422708545695435,0.143077592714102,0.1326273397392684,1065997.5300595365,1326273.3973926841,0.04746084480303749,Percent,1,0.07885050725714765,0.7396875230352908,1.736407224565397
14,8,Melissa Gilbert,0.12121804656569933,0.07350805116071561,0.15969581879294434,0.18044661972840378,1212180.4656569932,1804466.197284038,0.04746084480303749,Percent,1,0.08618776763222873,0.71101432562284,1.736407224565397
14,8,Donald Driver,0.1958562085267719,0.134248486453717,0.27852298724286667,0.1773195857391282,1958562.085267719,1773195.857391282,0.04746084480303749,Percent,0,0.14427450078914966,0.7366348091509621,1.736407224565397
14,8,Katherine Jenkins,0.18956934894925345,0.1277374250647986,0.2803592083828898,0.1691313941030452,1895693.4894925344,1691313.941030452,0.04746084480303749,Percent,0,0.1526217833180912,0.8050973649698354,1.736407224565397
14,8,Maria Menounos,0.19646350073716615,0.13866375328486857,0.27603837400903597,0.17556289386469004,1964635.0073716615,1755628.9386469005,0.04746084480303749,Percent,0,0.1373746207241674,0.6992373657636827,1.736407224565397
14,9,William Levy,0.27207016474250806,0.19367208389108337,0.3787721080808618,0.25203450775068387,2720701.6474250806,2520345.077506839,0.1984126984126984,Percent,0,0.18510002418977844,0.6803392954349122,1.3490270552680586
14,9,Donald Driver,0.2747533414813626,0.19374823146404346,0.38228093519894807,0.25943044794670894,2747533.414813626,2594304.4794670893,0.1984126984126984,Percent,0,0.1885327037349046,0.6861889384799107,1.3490270552680586
14,9,Katherine Jenkins,0.2802397548103496,0.2022773816711812,0.3828178803350375,0.2574654985993533,2802397.5481034955,2574654.985993533,0.1984126984126984,Percent,0,0.1805404986638563,0.6442358572074683,1.3490270552680586
14,9,Maria Menounos,0.17293673896578016,0.11922310210183945,0.21771215101921246,0.2310695457032539,1729367.3896578015,2310695.457032539,0.1984126984126984,Percent,1,0.098489048917373,0.5695091136005607,1.3490270552680586
15,1,Gilles Marini,0.08126533381718205,0.03443234053600409,0.1424191410494193,0.07173770912749255,812653.3381718205,717377.0912749255,0.21222410865874364,Percent,0,0.10798680051341522,1.3288175343787663,2.476423903273984
15,1,Sabrina Bryan,0.07812256525630935,0.03655477331927034,0.13727174012112545,0.0860197430493757,781225.6525630936,860197.4304937569,0.21222410865874364,Percent,0,0.1007169668018551,1.2892173531605962,2.476423903273984
15,1,Kirstie Alley,0.0812427830055085,0.03894112975305184,0.1423353971034863,0.06698081259234372,812427.830055085,669808.1259234372,0.21222410865874364,Percent,0,0.10339426735043447,1.2726578721881554,2.476423903273984
15,1,Kelly Monaco,0.07898049346626113,0.03460582190092998,0.14714603019457728,0.09403610252400574,789804.9346626112,940361.0252400574,0.21222410865874364,Percent,0,0.1125402082936473,1.4249114351472394,2.476423903273984
15,1,Apolo Anton Ohno,0.07843720106941328,0.03514429159265273,0.14092082307609924,0.0771328325171456,784372.0106941328,771328.325171456,0.21222410865874364,Percent,0,0.10577653148344651,1.3485505607197685,2.476423903273984
15,1,Emmitt Smith,0.0804845303065972,0.03513596071963286,0.1353529800127115,0.0586232996966201,804845.303065972,586232.996966201,0.21222410865874364,Percent,0,0.10021701929307865,1.245171201363947,2.476423903273984
15,1,Shawn Johnson,0.08135591764197798,0.03684273318153671,0.13997493626606838,0.07885330736571498,813559.1764197799,788533.0736571498,0.21222410865874364,Percent,0,0.10313220308453167,1.2676668898061518,2.476423903273984
15,1,Pamela Anderson,0.03938098171523521,0.019617036548267932,0.05824618091317539,0.05441504773890507,393809.8171523521,544150.4773890506,0.21222410865874364,Percent,1,0.038629144364907456,0.9809086183842672,2.476423903273984
15,1,Helio Castroneves,0.07879077690292396,0.03834663661301376,0.13320785808606098,0.09852319881286929,787907.7690292397,985231.988128693,0.21222410865874364,Percent,0,0.09486122147304721,1.2039635246892313,2.476423903273984
15,1,Joey Fatone,0.08033423824149358,0.03662579745284009,0.14522200051799092,0.0814917364984596,803342.3824149357,814917.364984596,0.21222410865874364,Percent,0,0.10859620306515083,1.3518047278757865,2.476423903273984
15,1,Drew Lachey,0.08037149189852333,0.03587417358817786,0.14215688952144168,0.08191075258613212,803714.9189852333,819107.5258613211,0.21222410865874364,Percent,0,0.10628271593326381,1.3223932195691461,2.476423903273984
15,1,Bristol Palin,0.08314504557228622,0.04125497285132062,0.1371215450427649,0.07790217819076538,831450.4557228622,779021.7819076538,0.21222410865874364,Percent,0,0.09586657219144426,1.1530040248531461,2.476423903273984
15,1,Melissa Rycroft,0.07808864110628819,0.03553245710921507,0.13441278198828405,0.07237327930017025,780886.4110628818,723732.7930017025,0.21222410865874364,Percent,0,0.09888032487906898,1.2662574668764022,2.476423903273984
15,2,Gilles Marini,0.09024480371246427,0.03252535398400259,0.17537334133402974,0.08717481433884547,902448.0371246426,871748.1433884547,0.08512087163772557,Percent,0,0.14284798735002716,1.582894321596242,2.352680977616069
15,2,Sabrina Bryan,0.08222777324785174,0.029780453831342264,0.15730351951543747,0.09924699931758021,822277.7324785175,992469.9931758022,0.08512087163772557,Percent,0,0.12752306568409522,1.550851502444484,2.352680977616069
15,2,Kirstie Alley,0.08977835951455751,0.03937922236848738,0.16042677132222488,0.05847379245409961,897783.5951455751,584737.9245409961,0.08512087163772557,Percent,0,0.12104754895373751,1.3482931700719005,2.352680977616069
15,2,Kelly Monaco,0.08836131544777046,0.03763281659614858,0.16593026073255937,0.06488124670800531,883613.1544777045,648812.4670800531,0.08512087163772557,Percent,0,0.12829744413641078,1.4519639446998296,2.352680977616069
15,2,Apolo Anton Ohno,0.08538932524711812,0.030425972172218534,0.1573033716598861,0.10718501658466617,853893.2524711812,1071850.1658466617,0.08512087163772557,Percent,0,0.12687739948766755,1.4858695641461301,2.352680977616069
15,2,Emmitt Smith,0.08769276155281219,0.0359502768947823,0.17249495955869862,0.046724489045553284,876927.6155281219,467244.8904555328,0.08512087163772557,Percent,0,0.1365446826639163,1.5570804276893877,2.352680977616069
15,2,Shawn Johnson,0.0879857446823016,0.030894448295536038,0.16996638040139694,0.10111539981689324,879857.4468230159,1011153.9981689324,0.08512087163772557,Percent,0,0.1390719321058609,1.5806189128479962,2.352680977616069
15,2,Helio Castroneves,0.08698344699721895,0.03340611253008245,0.1632731505220741,0.09963432137681487,869834.4699721895,996343.2137681487,0.08512087163772557,Percent,0,0.12986703799199167,1.493008641013546,2.352680977616069
15,2,Joey Fatone,0.028327098472708468,0.013861837415600342,0.045084158008507534,0.044655025331221315,283270.9847270847,446550.2533122132,0.08512087163772557,Percent,1,0.031222320592907193,1.1022068011303066,2.352680977616069
15,2,Drew Lachey,0.08856100723678537,0.03816528855931995,0.1630487227764432,0.07860415206745057,885610.0723678537,786041.5206745057,0.08512087163772557,Percent,0,0.12488343421712325,1.4101401747071676,2.352680977616069
15,2,Bristol Palin,0.09969861674416305,0.046980158111123105,0.18867404262070914,0.10865125200937042,996986.1674416305,1086512.5200937043,0.08512087163772557,Percent,0,0.14169388450958603,1.4212221707467334,2.352680977616069
15,2,Melissa Rycroft,0.08474974714424852,0.032382832118756304,0.16371995284979424,0.10365349094949963,847497.4714424851,1036534.9094949963,0.08512087163772557,Percent,0,0.13133712073103793,1.5497051632200773,2.352680977616069
15,3,Gilles Marini,0.10468590404468937,0.05357996144265079,0.18485382535980882,0.09314927106350294,1046859.0404468938,931492.7106350295,0.023488514116596984,Percent,0,0.13127386391715803,1.2539784139526418,2.280657299881536
15,3,Sabrina Bryan,0.09728574831648704,0.048452461653804596,0.17198184644756523,0.09321667623112306,972857.4831648704,932166.7623112306,0.023488514116596984,Percent,0,0.12352938479376063,1.2697582835247214,2.280657299881536
15,3,Kirstie Alley,0.10759821103175912,0.05445792365037687,0.18791200637686195,0.08548079992831915,1075982.110317591,854807.9992831915,0.023488514116596984,Percent,0,0.13345408272648507,1.2403002005962183,2.280657299881536
15,3,Kelly Monaco,0.09889148648616947,0.048471428396287035,0.1757045519720981,0.09263272356977535,988914.8648616946,926327.2356977535,0.023488514116596984,Percent,0,0.12723312357581107,1.286593296315809,2.280657299881536
15,3,Apolo Anton Ohno,0.10042853623364456,0.05211143766410628,0.17569136284333783,0.08988731829303624,1004285.3623364456,898873.1829303624,0.023488514116596984,Percent,0,0.12357992517923155,1.2305260020092879,2.280657299881536
15,3,Emmitt Smith,0.10160919194192942,0.05087482474981469,0.17650392626009556,0.1003789885104041,1016091.9194192942,1003789.885104041,0.023488514116596984,Percent,0,0.12562910151028087,1.2363950456576709,2.280657299881536
15,3,Shawn Johnson,0.09993435822235823,0.04800800841753977,0.1833592958782804,0.10010962417213289,999343.5822235823,1001096.2417213288,0.023488514116596984,Percent,0,0.13535128746074063,1.3544019281094317,2.280657299881536
15,3,Helio Castroneves,0.03814872972885184,0.016174474007049584,0.0588531230020009,0.04817408720716853,381487.2972885184,481740.87207168527,0.023488514116596984,Percent,1,0.042678648994951315,1.1187436462051712,2.280657299881536
15,3,Drew Lachey,0.04239359400946683,0.01961128055246527,0.06346092496981463,0.07664753049313895,423935.9400946683,766475.3049313895,0.023488514116596984,Percent,1,0.043849644417349364,1.0343460006612646,2.280657299881536
15,3,Bristol Palin,0.11241511701214651,0.06088828314190608,0.18501833410022833,0.12215646224773101,1124151.170121465,1221564.62247731,0.023488514116596984,Percent,0,0.12413005095832225,1.1042113752806924,2.280657299881536
15,3,Melissa Rycroft,0.09660912297249788,0.04441936158234691,0.17803027102079627,0.09816651828366772,966091.2297249788,981665.1828366772,0.023488514116596984,Percent,0,0.13361090943844936,1.383005096490576,2.280657299881536
15,4,Gilles Marini,0.1180420492111337,0.05765429088003623,0.20059812138206848,0.1368166491902259,1180420.4921113371,1368166.491902259,0.11649580615097857,Percent,0,0.14294383050203224,1.2109568705161873,2.105270436885033
15,4,Sabrina Bryan,0.1166812193480354,0.05795783885347872,0.1957732424169544,0.10410233221477284,1166812.193480354,1041023.3221477284,0.11649580615097857,Percent,0,0.13781540356347569,1.1811275570612738,2.105270436885033
15,4,Kirstie Alley,0.12887078301267696,0.06481661326060968,0.2122184582749514,0.1187182639120765,1288707.8301267696,1187182.639120765,0.11649580615097857,Percent,0,0.14740184501434173,1.1437956809794652,2.105270436885033
15,4,Kelly Monaco,0.11575246021304449,0.05270428932309435,0.20155465061809624,0.08149929500772143,1157524.602130445,814992.9500772144,0.11649580615097857,Percent,0,0.1488503612950019,1.2859369124512785,2.105270436885033
15,4,Apolo Anton Ohno,0.11682038528088881,0.0582374750843101,0.19871378198601725,0.11573768032258598,1168203.852808888,1157376.8032258598,0.11649580615097857,Percent,0,0.14047630690170715,1.2024982331973897,2.105270436885033
15,4,Emmitt Smith,0.11854110275176179,0.05362341235197918,0.21488420294983224,0.1488277094985155,1185411.027517618,1488277.0949851552,0.11649580615097857,Percent,0,0.16126079059785306,1.3603786944310028,2.105270436885033
15,4,Shawn Johnson,0.11518779177841286,0.05028857781195543,0.19916055571349586,0.11070870001088022,1151877.9177841286,1107087.0001088022,0.11649580615097857,Percent,0,0.14887197790154044,1.2924284388394733,2.105270436885033
15,4,Bristol Palin,0.055795086720713406,0.030014918814269258,0.08301112917737957,0.09063337583408074,557950.867207134,906333.7583408074,0.11649580615097857,Percent,1,0.052996210363110315,0.9498365085152912,2.105270436885033
15,4,Melissa Rycroft,0.11430912168333271,0.0539851615141734,0.20224622650429364,0.0929559940091408,1143091.2168333272,929559.940091408,0.11649580615097857,Percent,0,0.14826106499012023,1.2970186701359112,2.105270436885033
15,5,Gilles Marini,0.12554359841179857,0.05327226464322651,0.23238028617896136,0.11567877981020637,1255435.9841179857,1156787.7981020636,1.0,Percent,0,0.17910802153573485,1.426659931701482,1.9946887991327638
15,5,Sabrina Bryan,0.12091369686315419,0.05327720941047036,0.2131227390076019,0.135233602285551,1209136.9686315418,1352336.02285551,1.0,Percent,0,0.15984552959713155,1.3219803359253752,1.9946887991327638
15,5,Kirstie Alley,0.1351265695521518,0.05986531912558274,0.2362793832950454,0.14566009599648727,1351265.695521518,1456600.9599648728,1.0,Percent,0,0.17641406416946265,1.305546827349717,1.9946887991327638
15,5,Kelly Monaco,0.1241906887948546,0.05070115528566413,0.22614162571837595,0.14003971889380262,1241906.887948546,1400397.1889380263,1.0,Percent,0,0.17544047043271183,1.4126700812692534,1.9946887991327638
15,5,Apolo Anton Ohno,0.12143603242467566,0.04844916065345352,0.21329604188877951,0.0918120653037874,1214360.3242467565,918120.6530378739,1.0,Percent,0,0.16484688123532598,1.3574791430836413,1.9946887991327638
15,5,Emmitt Smith,0.12378356103789492,0.050307900314428784,0.22294321167263184,0.11519276730479805,1237835.6103789492,1151927.6730479805,1.0,Percent,0,0.17263531135820306,1.3946545883047647,1.9946887991327638
15,5,Shawn Johnson,0.12517844066498796,0.05128857769262905,0.21959315420665082,0.1159085322948643,1251784.4066498796,1159085.322948643,1.0,Percent,0,0.16830457651402175,1.3445172796524223,1.9946887991327638
15,5,Melissa Rycroft,0.12382741225048209,0.04962136213670486,0.22244342575979273,0.14047443811050306,1238274.1225048208,1404744.3811050307,1.0,Percent,0,0.17282206362308788,1.3956688626707132,1.9946887991327638
15,6,Gilles Marini,0.13467360664304115,0.07539522263014845,0.22234619861545932,0.12601289367106125,1346736.0664304115,1260128.9367106124,0.10704345964461572,Percent,0,0.14695097598531087,1.0911638861414878,1.9927553630280181
15,6,Sabrina Bryan,0.05279050836276892,0.026859912454193075,0.0777678895510683,0.1035894700042424,527905.0836276892,1035894.700042424,0.10704345964461572,Percent,1,0.05090797709687522,0.9643395882275426,1.9927553630280181
15,6,Kirstie Alley,0.1451686142417381,0.07899666095266587,0.23812619117309605,0.14352349261553027,1451686.142417381,1435234.9261553027,0.10704345964461572,Percent,0,0.1591295302204302,1.0961703468178325,1.9927553630280181
15,6,Kelly Monaco,0.13761825661322644,0.07558784569888762,0.23098687796114517,0.12028868535687441,1376182.5661322644,1202886.8535687441,0.10704345964461572,Percent,0,0.15539903226225754,1.1292036106735726,1.9927553630280181
15,6,Apolo Anton Ohno,0.1284411345660452,0.06976368644699504,0.21156956317835907,0.142508438989223,1284411.345660452,1425084.38989223,0.10704345964461572,Percent,0,0.14180587673136402,1.1040534421505488,1.9927553630280181
15,6,Emmitt Smith,0.1376175016724326,0.07866413698746813,0.22279008802827072,0.12681463133043,1376175.0167243262,1268146.3133043,0.10704345964461572,Percent,0,0.14412595104080259,1.0472937619799396,1.9927553630280181
15,6,Shawn Johnson,0.13375296353541152,0.07437153541877736,0.21648757126979412,0.12624678355579536,1337529.6353541152,1262467.8355579535,0.10704345964461572,Percent,0,0.14211603585101676,1.062526258069722,1.9927553630280181
15,6,Melissa Rycroft,0.12993741436533582,0.06741178883602589,0.21713267044275295,0.11101560447684326,1299374.143653358,1110156.0447684326,0.10704345964461572,Percent,0,0.14972088160672706,1.152253816485585,1.9927553630280181
15,7,Gilles Marini,0.14348628330504523,0.06367051969858478,0.2491745694534351,0.1600972238547004,1434862.8330504524,1600972.238547004,1.0,Percent,0,0.18550404975485033,1.2928347259540987,1.8736127964520823
15,7,Kirstie Alley,0.1527641924903898,0.07492757955974302,0.25705005554225174,0.1410314138647689,1527641.924903898,1410314.1386476888,1.0,Percent,0,0.18212247598250872,1.192180399172835,1.8736127964520823
15,7,Kelly Monaco,0.1465151683438945,0.06989924143311615,0.24045073997459535,0.13385313049230677,1465151.6834389449,1338531.3049230676,1.0,Percent,0,0.1705514985414792,1.1640535274898471,1.8736127964520823
15,7,Apolo Anton Ohno,0.13775331951448797,0.05831861600023123,0.23761180354229983,0.15733387013475256,1377533.1951448796,1573338.7013475255,1.0,Percent,0,0.1792931875420686,1.3015525736438733,1.8736127964520823
15,7,Emmitt Smith,0.14084919730382275,0.06602030989183806,0.22621893661962364,0.15949625717853097,1408491.9730382275,1594962.5717853098,1.0,Percent,0,0.16019862672778556,1.1373769236485216,1.8736127964520823
15,7,Shawn Johnson,0.14347468766049562,0.06377614661176044,0.24927907189660412,0.14046646097475243,1434746.876604956,1404664.6097475244,1.0,Percent,0,0.1855029252848437,1.2929313756291252,1.8736127964520823
15,7,Melissa Rycroft,0.13515715138186393,0.05067684721532612,0.22864415441754196,0.10772164350018794,1351571.5138186393,1077216.4350018795,1.0,Percent,0,0.17796730720221585,1.3167435491400599,1.8736127964520823
15,8,Gilles Marini,0.08204110529242514,0.04612066675676725,0.11575096294228379,0.11199482488455219,820411.0529242514,1119948.2488455218,0.0466461423640265,Percent,1,0.06963029618551654,0.848724501423136,1.8762565501753132
15,8,Kirstie Alley,0.09759910880260883,0.05475648811839374,0.13408857308522454,0.13447724573566538,975991.0880260883,1344772.4573566539,0.0466461423640265,Percent,1,0.07933208496683081,0.8128361615194406,1.8762565501753132
15,8,Kelly Monaco,0.1723464637238286,0.11032044614918737,0.26723446935195394,0.16646000555686916,1723464.6372382862,1664600.0555686916,0.0466461423640265,Percent,0,0.15691402320276657,0.910456877457078,1.8762565501753132
15,8,Apolo Anton Ohno,0.16060425986093088,0.09986709036940562,0.24373509088919984,0.12613783810087634,1606042.5986093087,1261378.3810087633,0.0466461423640265,Percent,0,0.1438680005197942,0.8957919338152749,1.8762565501753132
15,8,Emmitt Smith,0.16155841149775538,0.0984131714817298,0.255094849006376,0.1533049559470254,1615584.1149775537,1533049.559470254,0.0466461423640265,Percent,0,0.15668167752464623,0.9698144223634131,1.8762565501753132
15,8,Shawn Johnson,0.1695075212993719,0.10790952280862635,0.25503397534887934,0.17290122655068993,1695075.2129937191,1729012.2655068992,0.0466461423640265,Percent,0,0.14712445254025297,0.867952356405545,1.8762565501753132
15,8,Melissa Rycroft,0.15634312952307916,0.09750855034903246,0.25915118655319114,0.1347239032243215,1563431.2952307917,1347239.032243215,0.0466461423640265,Percent,0,0.1616426362041587,1.0338966393806082,1.8762565501753132
15,9,Kelly Monaco,0.2458330798589789,0.17838124756220683,0.3385874488843812,0.2258026622822247,2458330.798589789,2258026.622822247,0.1307531380753138,Percent,0,0.16020620132217436,0.6516869146091973,1.5607116496748463
15,9,Apolo Anton Ohno,0.14040538814047296,0.09018929191180126,0.18679731344217523,0.19187863275313766,1404053.8814047296,1918786.3275313766,0.1307531380753138,Percent,1,0.09660802153037397,0.6880649155267421,1.5607116496748463
15,9,Emmitt Smith,0.15073740003232947,0.09483627990946882,0.1993907423722502,0.1895863240996594,1507374.0003232947,1895863.2409965938,0.1307531380753138,Percent,1,0.1045544624627814,0.6936199141046419,1.5607116496748463
15,9,Shawn Johnson,0.23360101342947417,0.1644627823480085,0.3313465874652984,0.1941349661348663,2336010.134294742,1941349.661348663,0.1307531380753138,Percent,0,0.16688380511728987,0.7143967513979698,1.5607116496748463
15,9,Melissa Rycroft,0.22942311853874484,0.1657543442247709,0.3359587738465651,0.19859741473011194,2294231.1853874484,1985974.1473011195,0.1307531380753138,Percent,0,0.1702044296217942,0.7418800280715833,1.5607116496748463
16,1,Ingo Rademacher,0.0850270571329467,0.03419726647330438,0.15044717871977165,0.062207504156300567,850270.571329467,622075.0415630057,1.0,Percent,0,0.11624991224646727,1.3672108169603132,2.3995330791627065
16,1,Zendaya,0.08286821863556919,0.035254916410117236,0.14717070748839114,0.07132715551524733,828682.1863556919,713271.5551524734,1.0,Percent,0,0.1119157910782739,1.3505272940697284,2.3995330791627065
16,1,Dorothy Hamill,0.08238500282482653,0.033737397068814234,0.14697072239795603,0.08578460772077183,823850.0282482653,857846.0772077183,1.0,Percent,0,0.11323332532914179,1.374440995892267,2.3995330791627065
16,1,Victor Ortiz,0.08257216315431483,0.03335773641503037,0.14233196998323114,0.09325057668675657,825721.6315431483,932505.7668675657,1.0,Percent,0,0.10897423356820077,1.319745413046095,2.3995330791627065
16,1,Alexandra Raisman,0.08271114955479023,0.034884525802902376,0.1426431733439999,0.08154684356976362,827111.4955479023,815468.4356976362,1.0,Percent,0,0.10775864754109751,1.3028309740721848,2.3995330791627065
16,1,Jacoby Jones,0.08240418942715329,0.034020974258284105,0.14248542728792069,0.06369409228512889,824041.8942715329,636940.9228512888,1.0,Percent,0,0.10846445302963659,1.316249256059014,2.3995330791627065
16,1,D. L. Hughley,0.08290240642772076,0.03278330853002769,0.1388305276757868,0.08376105882120963,829024.0642772076,837610.5882120962,1.0,Percent,0,0.1060472191457591,1.2791814341145495,2.3995330791627065
16,1,Andy Dick,0.08312886157812255,0.03277537991041392,0.14680922047721034,0.10924948751230999,831288.6157812255,1092494.8751231,1.0,Percent,0,0.11403384056679643,1.371771950222488,2.3995330791627065
16,1,Wynonna Judd,0.08349396681919849,0.03744024298130471,0.14837796117837895,0.09360705667048536,834939.6681919849,936070.5667048536,1.0,Percent,0,0.11093771819707424,1.3286914303317705,2.3995330791627065
16,1,Kellie Pickler,0.08135498680715163,0.033328262282472744,0.14223580706932448,0.07226099082342555,813549.8680715163,722609.9082342555,1.0,Percent,0,0.10890754478685175,1.3386707940228941,2.3995330791627065
16,1,Lisa Vanderpump,0.0851982890260979,0.034863215539686555,0.1486842800772153,0.07597602726259596,851982.890260979,759760.2726259596,1.0,Percent,0,0.11382106453752874,1.3359548159783248,2.3995330791627065
16,1,Sean Lowe,0.08595370861210794,0.034859682476615104,0.1497214003790926,0.10733459897600472,859537.0861210794,1073345.9897600473,1.0,Percent,0,0.11486171790247748,1.3363206748975274,2.3995330791627065
16,2,Ingo Rademacher,0.09047749073255414,0.03409178596108628,0.16888259817765175,0.10195743428683716,904774.9073255414,1019574.3428683716,0.2347417840375587,Percent,0,0.13479081221656547,1.489771777767343,2.350153672758688
16,2,Zendaya,0.0848408944444568,0.028009964764731003,0.16983866445530585,0.08367540801980444,848408.944444568,836754.0801980444,0.2347417840375587,Percent,0,0.14182869969057485,1.67170207974913,2.350153672758688
16,2,Dorothy Hamill,0.03615554535821542,0.013380658871947412,0.059741315957409134,0.07250511290693809,361555.4535821542,725051.1290693809,0.2347417840375587,Percent,1,0.04636065708546172,1.2822557819592522,2.350153672758688
16,2,Victor Ortiz,0.09002828592619323,0.034616187934258774,0.1770285751350372,0.08346584681613656,900282.8592619323,834658.4681613656,0.2347417840375587,Percent,0,0.14241238720077842,1.5818626972141911,2.350153672758688
16,2,Alexandra Raisman,0.08711599492379285,0.025556707034546898,0.1644962017076965,0.0898271683946579,871159.9492379285,898271.683946579,0.2347417840375587,Percent,0,0.1389394946731496,1.5948792732573482,2.350153672758688
16,2,Jacoby Jones,0.08360589038692873,0.023677065794156908,0.16602153351819565,0.1060666015193247,836058.9038692872,1060666.015193247,0.2347417840375587,Percent,0,0.14234446772403875,1.7025650592950738,2.350153672758688
16,2,D. L. Hughley,0.08998997837881002,0.03812094023383622,0.15983498677023555,0.08029234785151192,899899.7837881002,802923.4785151192,0.2347417840375587,Percent,0,0.12171404653639933,1.3525289007632364,2.350153672758688
16,2,Andy Dick,0.09071300511234304,0.03586019348456861,0.17433840488486696,0.07824169693806408,907130.0511234304,782416.9693806409,0.2347417840375587,Percent,0,0.13847821140029834,1.5265530144084714,2.350153672758688
16,2,Wynonna Judd,0.08754128935199411,0.03585891470062013,0.17402882582309234,0.07168212530831887,875412.8935199411,716821.2530831887,0.2347417840375587,Percent,0,0.1381699111224722,1.5783399141735948,2.350153672758688
16,2,Kellie Pickler,0.08039543343711796,0.024660137637061885,0.1663069758997577,0.08836796751765612,803954.3343711796,883679.6751765612,0.2347417840375587,Percent,0,0.14164683826269583,1.7618766664587515,2.350153672758688
16,2,Lisa Vanderpump,0.0894858329211755,0.03193181378827185,0.17604619036396602,0.08337073314547908,894858.329211755,833707.3314547908,0.2347417840375587,Percent,0,0.14411437657569418,1.6104714218019156,2.350153672758688
16,2,Sean Lowe,0.08965035902641826,0.03357724898613459,0.16326506092863477,0.060547557295271004,896503.5902641825,605475.5729527101,0.2347417840375587,Percent,0,0.12968781194250018,1.4465955669433923,2.350153672758688
16,3,Ingo Rademacher,0.10044406436701196,0.04121294605308407,0.1832388254288379,0.1151804611964886,1004440.6436701196,1151804.611964886,0.2834467120181406,Percent,0,0.14202587937575384,1.4139798132501522,2.2835119543367504
16,3,Zendaya,0.09181332693224553,0.03376416828169213,0.17884454258731405,0.08726525432920734,918133.2693224553,872652.5432920734,0.2834467120181406,Percent,0,0.14508037430562193,1.5801668358307643,2.2835119543367504
16,3,Victor Ortiz,0.0935575610958732,0.04145236744511169,0.1729482694280399,0.13415208332176665,935575.610958732,1341520.8332176665,0.2834467120181406,Percent,0,0.1314959019829282,1.4055080149874541,2.2835119543367504
16,3,Alexandra Raisman,0.09182692562816137,0.03282142043232018,0.17335403741803598,0.06727065092424317,918269.2562816137,672706.5092424317,0.2834467120181406,Percent,0,0.1405326169857158,1.5304075141835898,2.2835119543367504
16,3,Jacoby Jones,0.08948192058764136,0.03191938319510457,0.1687054764979614,0.09870013603423225,894819.2058764136,987001.3603423225,0.2834467120181406,Percent,0,0.13678609330285682,1.5286450313600979,2.2835119543367504
16,3,D. L. Hughley,0.10455008808034999,0.048124270162536585,0.19315437292408913,0.09965704334941874,1045500.8808035,996570.4334941874,0.2834467120181406,Percent,0,0.14503010276155254,1.3871829801816369,2.2835119543367504
16,3,Andy Dick,0.10053122036047211,0.04325370281960419,0.18885163010856568,0.08167873345115671,1005312.2036047211,816787.3345115671,0.2834467120181406,Percent,0,0.14559792728896148,1.4482856844559817,2.2835119543367504
16,3,Wynonna Judd,0.04690811935942258,0.018976020797087507,0.07101289633318343,0.0832588398559406,469081.1935942258,832588.3985594059,0.2834467120181406,Percent,1,0.05203687553609593,1.1093362140011507,2.2835119543367504
16,3,Kellie Pickler,0.08641928004178664,0.028585510961810705,0.16690233519728387,0.05710439198864138,864192.8004178664,571043.9198864138,0.2834467120181406,Percent,0,0.13831682423547317,1.6005320128632443,2.2835119543367504
16,3,Lisa Vanderpump,0.09808003745454845,0.037674504877753624,0.19034395899333925,0.09616024481873188,980800.3745454845,961602.4481873187,0.2834467120181406,Percent,0,0.15266945411558563,1.5565802999038885,2.2835119543367504
16,3,Sean Lowe,0.0963874560924869,0.03787201947488872,0.17360245593724166,0.07957216073017281,963874.560924869,795721.6073017281,0.2834467120181406,Percent,0,0.13573043646235294,1.4081753162166162,2.2835119543367504
16,4,Ingo Rademacher,0.11128098657219995,0.04324370161533969,0.2033749375630882,0.07702913027196932,1112809.8657219994,770291.3027196933,0.199203187250996,Percent,0,0.1601312359477485,1.4389810953361213,2.1953572650851085
16,4,Zendaya,0.0983181581853928,0.03844445307223145,0.18445927851608046,0.12103116780837779,983181.581853928,1210311.678083778,0.199203187250996,Percent,0,0.146014825443849,1.4851257197934626,2.1953572650851085
16,4,Victor Ortiz,0.1090736054812364,0.05619995073295229,0.18816916846115758,0.09785473245160893,1090736.054812364,978547.3245160893,0.199203187250996,Percent,0,0.1319692177282053,1.2099097407292323,2.1953572650851085
16,4,Alexandra Raisman,0.101596990393938,0.03686434745619041,0.19118205989433748,0.1018941700462008,1015969.9039393801,1018941.700462008,0.199203187250996,Percent,0,0.15431771243814707,1.5189201160367714,2.1953572650851085
16,4,Jacoby Jones,0.09681016979988384,0.038213414135548865,0.17538941057319213,0.09205813681596842,968101.6979988384,920581.3681596841,0.199203187250996,Percent,0,0.13717599643764328,1.41695853567037,2.1953572650851085
16,4,D. L. Hughley,0.11597291068279575,0.05217731483501035,0.2006662526013071,0.13242887474965634,1159729.1068279576,1324288.7474965635,0.199203187250996,Percent,0,0.14848893776629676,1.2803760541324818,2.1953572650851085
16,4,Andy Dick,0.11126341546351592,0.04725994611841307,0.20183624232426836,0.09828898640862455,1112634.1546351593,982889.8640862454,0.199203187250996,Percent,0,0.15457629620585528,1.3892823221532504,2.1953572650851085
16,4,Kellie Pickler,0.09591459524731515,0.03676240172510231,0.1812998097336752,0.09908629631960912,959145.9524731515,990862.9631960912,0.199203187250996,Percent,0,0.1445374080085729,1.5069386221761574,2.1953572650851085
16,4,Lisa Vanderpump,0.04951682509619384,0.024287694586183056,0.0732288517518117,0.08406386225304127,495168.2509619384,840638.6225304127,0.199203187250996,Percent,1,0.048941157165628635,0.9883742964245611,2.1953572650851085
16,4,Sean Lowe,0.11025234307752833,0.051583102235276124,0.20073749711269628,0.09626464287494321,1102523.4307752834,962646.4287494321,0.199203187250996,Percent,0,0.14915439487742016,1.352845578733291,2.1953572650851085
16,5,Ingo Rademacher,0.12912800505876443,0.0638386174745044,0.21259007794030352,0.13566807581055249,1291280.0505876443,1356680.7581055248,0.19700551615445233,Percent,0,0.14875146046579912,1.1519690124392794,2.1035771687515643
16,5,Zendaya,0.10512543914024004,0.043311251209472816,0.1954748551686202,0.07912174152067841,1051254.3914024003,791217.4152067841,0.19700551615445233,Percent,0,0.15216360395914738,1.4474479745683366,2.1035771687515643
16,5,Victor Ortiz,0.12409184708698925,0.062258050896452005,0.20804002441792566,0.1322434254280556,1240918.4708698925,1322434.254280556,0.19700551615445233,Percent,0,0.14578197352147365,1.1747909064427051,2.1035771687515643
16,5,Alexandra Raisman,0.11052981761450628,0.04868179977745197,0.20489145120490804,0.10232849284317277,1105298.1761450628,1023284.9284317277,0.19700551615445233,Percent,0,0.15620965142745608,1.4132806404536638,2.1035771687515643
16,5,Jacoby Jones,0.1015595564817581,0.04326406035452877,0.17925461734693335,0.10209528091532034,1015595.564817581,1020952.8091532034,0.19700551615445233,Percent,0,0.1359905569924046,1.339022753775327,2.1035771687515643
16,5,D. L. Hughley,0.06420370591118685,0.03051663686967939,0.09367796167160508,0.11999595246586033,642037.0591118685,1199959.5246586034,0.19700551615445233,Percent,1,0.06316132480192568,0.9837644713110004,2.1035771687515643
16,5,Andy Dick,0.13525531447324513,0.072138830860658,0.21973851479440767,0.1236899372324611,1352553.1447324513,1236899.372324611,0.19700551615445233,Percent,0,0.14759968393374967,1.0912671676420256,2.1035771687515643
16,5,Kellie Pickler,0.10778884818985811,0.04292583447428305,0.196865275893757,0.08793031694708374,1077888.4818985811,879303.1694708373,0.19700551615445233,Percent,0,0.15393944141947394,1.428157402223342,2.1035771687515643
16,5,Sean Lowe,0.12231746604345144,0.05461297412198553,0.21656373095438217,0.11692677683681522,1223174.6604345143,1169267.7683681522,0.19700551615445233,Percent,0,0.16195075683239663,1.3240198809781267,2.1035771687515643
16,6,Ingo Rademacher,0.14592784967238753,0.07261525801039871,0.2426873970541393,0.11412561683434765,1459278.4967238754,1141256.1683434765,0.20072260136491368,Percent,0,0.17007213904374058,1.165453608927684,1.9954299976742171
16,6,Zendaya,0.12023972468463479,0.05491034575254179,0.21739178278447122,0.11720278259015739,1202397.2468463478,1172027.8259015738,0.20072260136491368,Percent,0,0.1624814370319294,1.3513124506737382,1.9954299976742171
16,6,Victor Ortiz,0.07104642946782136,0.04101330092203478,0.0994338892331026,0.12098460597354424,710464.2946782135,1209846.0597354425,0.20072260136491368,Percent,1,0.05842058831106783,0.822287463967882,1.9954299976742171
16,6,Alexandra Raisman,0.1250184530861245,0.06149058868428649,0.22140164036387072,0.1089872741741908,1250184.530861245,1089872.741741908,0.20072260136491368,Percent,0,0.15991105167958425,1.279099586757984,1.9954299976742171
16,6,Jacoby Jones,0.12402376991510264,0.06788711834554366,0.20722513602231435,0.12926190480713803,1240237.6991510263,1292619.0480713802,0.20072260136491368,Percent,0,0.13933801767677068,1.1234783281636336,1.9954299976742171
16,6,Andy Dick,0.15647546624553504,0.08391024969779634,0.24830898127710166,0.1778520066335332,1564754.6624553504,1778520.066335332,0.20072260136491368,Percent,0,0.16439873157930532,1.0506358314429778,1.9954299976742171
16,6,Kellie Pickler,0.11841498984690874,0.057041224058200404,0.20312388444587653,0.0983030077390943,1184149.8984690874,983030.077390943,0.20072260136491368,Percent,0,0.14608266038767614,1.2336500689358434,1.9954299976742171
16,6,Sean Lowe,0.13885331708148557,0.07435610935149159,0.22387175771810255,0.13328280124799446,1388533.1708148557,1332828.0124799446,0.20072260136491368,Percent,0,0.14951564836661096,1.0767884520819062,1.9954299976742171
16,7,Ingo Rademacher,0.16494063360530056,0.08620821515234708,0.2713040770645138,0.13518662858596775,1649406.3360530057,1351866.2858596775,0.29673590504451036,Percent,0,0.18509586191216673,1.122196864813174,1.8803022151086302
16,7,Zendaya,0.1368776346251004,0.06636707530406812,0.23709672653641745,0.15343203193988178,1368776.346251004,1534320.3193988178,0.29673590504451036,Percent,0,0.17072965123234934,1.247315908840532,1.8803022151086302
16,7,Alexandra Raisman,0.14011444354999975,0.06573799555126514,0.23845419267236553,0.1305090501594367,1401144.4354999973,1305090.501594367,0.29673590504451036,Percent,0,0.1727161971211004,1.2326794636233682,1.8803022151086302
16,7,Jacoby Jones,0.14477345811405382,0.07467859479781785,0.24168244382939194,0.1364655054231193,1447734.5811405382,1364655.0542311931,0.29673590504451036,Percent,0,0.1670038490315741,1.1535529454577715,1.8803022151086302
16,7,Andy Dick,0.10816914478288266,0.06453980052735679,0.14847812009461062,0.1583385096383326,1081691.4478288265,1583385.096383326,0.29673590504451036,Percent,1,0.08393831956725382,0.775991339635115,1.8803022151086302
16,7,Kellie Pickler,0.14025195776749247,0.0707547089267932,0.2248696029167852,0.11192568446457629,1402519.5776749246,1119256.8446457628,0.29673590504451036,Percent,0,0.154114893989992,1.0988430852814284,1.8803022151086302
16,7,Sean Lowe,0.16487272755517018,0.09059623635523219,0.258817819371063,0.17414258978868563,1648727.275551702,1741425.8978868562,0.29673590504451036,Percent,0,0.16822158301583084,1.0203117611403625,1.8803022151086302
16,8,Ingo Rademacher,0.19997986370573295,0.11775021368125047,0.3027198494217206,0.20266580318800906,1999798.6370573295,2026658.0318800905,0.2660989888238425,Percent,0,0.18496963574047012,0.9249413031536509,1.738212143873489
16,8,Zendaya,0.1686953561245054,0.09457979919168623,0.26532584952970517,0.14516180155540054,1686953.561245054,1451618.0155540053,0.2660989888238425,Percent,0,0.17074605033801893,1.012156198372171,1.738212143873489
16,8,Alexandra Raisman,0.16951672951861785,0.09688551914870688,0.26226868251024815,0.17331759889494544,1695167.2951861785,1733175.9889494544,0.2660989888238425,Percent,0,0.16538316336154127,0.9756155857370845,1.738212143873489
16,8,Jacoby Jones,0.1739841237845244,0.10492738156076777,0.2653025987628302,0.15922339448861228,1739841.2378452441,1592233.9448861228,0.2660989888238425,Percent,0,0.16037521720206244,0.9217807562756916,1.738212143873489
16,8,Kellie Pickler,0.16877193734375018,0.09698346314737197,0.26326498144646376,0.1422280470958479,1687719.3734375017,1422280.470958479,0.2660989888238425,Percent,0,0.1662815182990918,0.9852438794988413,1.738212143873489
16,8,Sean Lowe,0.1190519895228692,0.07452375422909761,0.1617670368888344,0.1774033547771848,1190519.895228692,1774033.547771848,0.2660989888238425,Percent,1,0.08724328265973678,0.7328166711819448,1.738212143873489
16,9,Ingo Rademacher,0.1433939560202648,0.09726023815109865,0.18542237602972278,0.21262131650162794,1433939.5602026482,2126213.1650162796,0.17164435290078955,Percent,1,0.08816213787862413,0.6148246434191748,1.5686370480626468
16,9,Zendaya,0.216088706565422,0.14183277037854397,0.3095469284600982,0.20181929912244562,2160887.06565422,2018192.991224456,0.17164435290078955,Percent,0,0.1677141580815542,0.7761356932865803,1.5686370480626468
16,9,Alexandra Raisman,0.21504003754374967,0.13350827831935305,0.3173430839795828,0.1920899690188382,2150400.3754374967,1920899.690188382,0.17164435290078955,Percent,0,0.18383480566022972,0.8548864098055634,1.5686370480626468
16,9,Jacoby Jones,0.21444018441163384,0.13574755018529314,0.31634252346652053,0.19102057415642112,2144401.8441163385,1910205.7415642112,0.17164435290078955,Percent,0,0.1805949732812274,0.8421694552106985,1.5686370480626468
16,9,Kellie Pickler,0.2110371154589297,0.13922115105526134,0.31237455449754475,0.20244884120066703,2110371.154589297,2024488.4120066704,0.17164435290078955,Percent,0,0.17315340344228342,0.820487917804113,1.5686370480626468
17,1,Valerie Harper,0.08313453403056026,0.034157060184774685,0.14586812190619852,0.07080639444659367,831345.3403056026,708063.9444659367,1.0,Percent,0,0.11171106172142384,1.3437383516260384,2.3953877502294945
17,1,Brant Daugherty,0.08544115930685153,0.03603249284121382,0.15313141494007448,0.08797130579639856,854411.5930685153,879713.0579639856,1.0,Percent,0,0.11709892209886066,1.3705212224276373,2.3953877502294945
17,1,Elizabeth Berkley Lauren,0.0838241399201459,0.0352672799791407,0.15587468715015468,0.07539027204031593,838241.3992014589,753902.7204031593,1.0,Percent,0,0.12060740717101398,1.4388147290972415,2.3953877502294945
17,1,Leah Remini,0.0830303732012347,0.033477537102532214,0.14765902675144804,0.11960308335241861,830303.732012347,1196030.8335241862,1.0,Percent,0,0.11418148964891583,1.3751773627728063,2.3953877502294945
17,1,Corbin Bleu,0.08368819291463421,0.03621714195239598,0.15234790358586447,0.0689313143472848,836881.9291463421,689313.1434728481,1.0,Percent,0,0.1161307616334685,1.3876600460464859,2.3953877502294945
17,1,Amber Riley,0.08212334034897363,0.030074789489133696,0.14720439763937115,0.07889857209243228,821233.4034897363,788985.7209243228,1.0,Percent,0,0.11712960815023746,1.426264538832794,2.3953877502294945
17,1,Keyshawn Johnson,0.08233894878599975,0.033454692315569905,0.14945748125694425,0.06952675430145207,823389.4878599974,695267.5430145207,1.0,Percent,0,0.11600278894137434,1.4088446677023707,2.3953877502294945
17,1,Bill Engvall,0.08261735533596455,0.03377436369769628,0.14464352670022948,0.07884560596912814,826173.5533596455,788456.0596912814,1.0,Percent,0,0.1108691630025332,1.3419597196216497,2.3953877502294945
17,1,Christina Milian,0.0856213522655422,0.034763029450329726,0.156299529255976,0.09001064306248541,856213.522655422,900106.430624854,1.0,Percent,0,0.12153649980564629,1.419464848309315,2.3953877502294945
17,1,"Nicole ""Snooki"" Polizzi",0.08289271324147615,0.03297589299219948,0.1498000512401151,0.08123281329274715,828927.1324147615,812328.1329274714,1.0,Percent,0,0.11682415824791563,1.4093417102609878,2.3953877502294945
17,1,Jack Osbourne,0.08413775396613105,0.031937817754078085,0.154519919115472,0.10546974045866113,841377.5396613105,1054697.4045866113,1.0,Percent,0,0.12258210136139391,1.456921483912422,2.3953877502294945
17,1,Bill Nye,0.08115013668248611,0.032722255039799926,0.14231509372702994,0.07331350084008209,811501.366824861,733135.0084008209,1.0,Percent,0,0.10959283868723002,1.3504948132870174,2.3953877502294945
17,2,Valerie Harper,0.09313682734694849,0.0385956361546562,0.1729976361856298,0.11163647620995595,931368.2734694849,1116364.7620995597,0.19062142584826536,Percent,0,0.1344020000309736,1.4430596774604125,2.3552907863737635
17,2,Brant Daugherty,0.0885877821372449,0.03526325078012362,0.16247510967643206,0.09555032345502149,885877.821372449,955503.2345502148,0.19062142584826536,Percent,0,0.12721185889630843,1.4359977846518954,2.3552907863737635
17,2,Elizabeth Berkley Lauren,0.08644862806456106,0.02998549101753543,0.16903961230111533,0.09281975658606516,864486.2806456106,928197.5658606515,0.19062142584826536,Percent,0,0.1390541212835799,1.6085173865307882,2.3552907863737635
17,2,Leah Remini,0.08605702610189614,0.030674106346992,0.17264905968765895,0.07070352651275154,860570.2610189614,707035.2651275154,0.19062142584826536,Percent,0,0.14197495334066695,1.649777592506636,2.3552907863737635
17,2,Corbin Bleu,0.08344717967010451,0.024729489867273347,0.16770398066463607,0.06334412457586039,834471.7967010451,633441.2457586039,0.19062142584826536,Percent,0,0.1429744907973627,1.7133531817682779,2.3552907863737635
17,2,Amber Riley,0.08589359069806791,0.028946063264729788,0.16538268109743484,0.05556559208252274,858935.9069806791,555655.9208252274,0.19062142584826536,Percent,0,0.13643661783270505,1.5884377020900822,2.3552907863737635
17,2,Keyshawn Johnson,0.034309177647252984,0.013700491435703233,0.054467432084855466,0.0707576976480158,343091.77647252986,707576.976480158,0.19062142584826536,Percent,1,0.040766940649152233,1.1882226111128111,2.3552907863737635
17,2,Bill Engvall,0.08652176188920985,0.03440291871094528,0.15560817591799767,0.06731168775511584,865217.6188920984,673116.8775511584,0.19062142584826536,Percent,0,0.12120525720705239,1.40086441330511,2.3552907863737635
17,2,Christina Milian,0.08676119753379853,0.02903888430246107,0.17056713607317164,0.11733040035513098,867611.9753379853,1173304.00355131,0.19062142584826536,Percent,0,0.14152825177071057,1.6312390307381026,2.3552907863737635
17,2,"Nicole ""Snooki"" Polizzi",0.08893191229643159,0.03299526248658662,0.16582383518016952,0.08676151856422334,889319.1229643159,867615.1856422335,0.19062142584826536,Percent,0,0.1328285726935829,1.4935985212016256,2.3552907863737635
17,2,Jack Osbourne,0.08239624130359678,0.026669717647992697,0.16509508008410562,0.07510654844037586,823962.4130359679,751065.4844037585,0.19062142584826536,Percent,0,0.13842536243611292,1.6799960804774032,2.3552907863737635
17,2,Bill Nye,0.09750867531088743,0.0444934400931446,0.1694915225468698,0.09311234781496094,975086.7531088743,931123.4781496094,0.19062142584826536,Percent,0,0.1249980824537252,1.2819175530299551,2.3552907863737635
17,3,Valerie Harper,0.10713209023379155,0.057344181943467104,0.18666826732546682,0.09304593770797204,1071320.9023379155,930459.3770797204,0.21159542953872196,Percent,0,0.12932408538199971,1.207146104400457,2.283968775039003
17,3,Brant Daugherty,0.09450109568130065,0.032793292698606424,0.17852181283962198,0.07358757802386715,945010.9568130064,735875.7802386715,0.21159542953872196,Percent,0,0.14572852014101556,1.5420828625360743,2.283968775039003
17,3,Elizabeth Berkley Lauren,0.09211669372267212,0.03221658147341131,0.16708642475791471,0.11139800339944456,921166.9372267212,1113980.0339944456,0.21159542953872196,Percent,0,0.1348698432845034,1.464119453641536,2.283968775039003
17,3,Leah Remini,0.09529393289847278,0.03784274018786332,0.1793258565292284,0.08793032713949672,952939.3289847279,879303.2713949672,0.21159542953872196,Percent,0,0.14148311634136507,1.484702247435865,2.283968775039003
17,3,Corbin Bleu,0.09090908611653517,0.03403887321343793,0.1725008134373408,0.08450664215199682,909090.8611653517,845066.4215199682,0.21159542953872196,Percent,0,0.13846194022390287,1.5230814227569103,2.283968775039003
17,3,Amber Riley,0.09398667774233445,0.03499698983752673,0.17753935135720963,0.09789804710268799,939866.7774233444,978980.4710268799,0.21159542953872196,Percent,0,0.14254236151968291,1.5166230464115822,2.283968775039003
17,3,Bill Engvall,0.09415185892802634,0.0370556506591768,0.17689533883059091,0.09569877244089386,941518.5892802634,956987.7244089387,0.21159542953872196,Percent,0,0.13983968817141412,1.4852567943274864,2.283968775039003
17,3,Christina Milian,0.09244115179271911,0.033689615241934714,0.17245996569740296,0.07634830087229107,924411.5179271911,763483.0087229107,0.21159542953872196,Percent,0,0.13877035045546826,1.5011750477388377,2.283968775039003
17,3,"Nicole ""Snooki"" Polizzi",0.09563764398545752,0.03581233596139915,0.17541275374444978,0.08053616725280484,956376.4398545752,805361.6725280484,0.21159542953872196,Percent,0,0.13960041778305063,1.4596806442061456,2.283968775039003
17,3,Jack Osbourne,0.09518049072175462,0.037448811062193894,0.1770478781788709,0.12474522700836785,951804.9072175462,1247452.2700836784,0.21159542953872196,Percent,0,0.13959906711667702,1.4666773207208315,2.283968775039003
17,3,Bill Nye,0.0486492781769355,0.024425135986364678,0.07510782917036485,0.07430499690017713,486492.781769355,743049.9690017713,0.21159542953872196,Percent,1,0.05068269318400017,1.041797434273726,2.283968775039003
17,4,Valerie Harper,0.05515376967767535,0.027573386734414004,0.08242842620433695,0.08526490262602805,551537.6967767535,852649.0262602805,0.18726591760299627,Percent,1,0.05485503946992294,0.9945836846783417,2.1988363866206866
17,4,Brant Daugherty,0.1132620375970452,0.05096032283150374,0.20284348360079205,0.11273723938900083,1132620.375970452,1127372.3938900083,0.18726591760299627,Percent,0,0.15188316076928832,1.3409891256737436,2.1988363866206866
17,4,Elizabeth Berkley Lauren,0.10166018987413865,0.04362399214809323,0.19061820987209002,0.0783368138271714,1016601.8987413865,783368.1382717141,0.18726591760299627,Percent,0,0.1469942177239968,1.4459368795787648,2.1988363866206866
17,4,Leah Remini,0.10103084096140036,0.045617246639055906,0.18416158752741632,0.0758069690900895,1010308.4096140036,758069.6909008949,0.18726591760299627,Percent,0,0.13854434088836043,1.3713074103905796,2.1988363866206866
17,4,Corbin Bleu,0.10213889869396472,0.03688867707601177,0.19216869923366553,0.09881080215466372,1021388.9869396472,988108.0215466372,0.18726591760299627,Percent,0,0.15528002215765377,1.5202829102643252,2.1988363866206866
17,4,Amber Riley,0.10015887881422351,0.04186994456619436,0.1854016666305189,0.11936609730400295,1001588.7881422351,1193660.9730400294,0.18726591760299627,Percent,0,0.14353172206432455,1.4330404230118206,2.1988363866206866
17,4,Bill Engvall,0.11094334023227961,0.05307265572860874,0.19702170952294257,0.09550958023492255,1109433.4023227962,955095.8023492255,0.18726591760299627,Percent,0,0.14394905379433381,1.2975006295371212,2.1988363866206866
17,4,Christina Milian,0.10060905977734363,0.04158866485465486,0.180571568807806,0.11726369874518153,1006090.5977734363,1172636.9874518153,0.18726591760299627,Percent,0,0.13898290395315116,1.3814153940085723,2.1988363866206866
17,4,"Nicole ""Snooki"" Polizzi",0.1100352337217199,0.051964728776812116,0.19127621559929053,0.11455542334178942,1100352.337217199,1145554.2334178942,0.18726591760299627,Percent,0,0.1393114868224784,1.2660625338861768,2.1988363866206866
17,4,Jack Osbourne,0.10500775065020912,0.043979222260393296,0.2040995396643144,0.10234847328715009,1050077.5065020912,1023484.7328715009,0.18726591760299627,Percent,0,0.1601203174039211,1.5248428464799444,2.1988363866206866
17,5,Brant Daugherty,0.12167449201125471,0.05971561252492231,0.21071915328905522,0.12434097181858444,1216744.9201125472,1243409.7181858444,0.08126117341134406,Percent,0,0.15100354076413292,1.241045171161802,2.1000655505530226
17,5,Elizabeth Berkley Lauren,0.11970141636091179,0.061464912113649704,0.1945125262733035,0.13352330092615097,1197014.163609118,1335233.0092615096,0.08126117341134406,Percent,0,0.1330476141596538,1.1114957383503457,2.1000655505530226
17,5,Leah Remini,0.1253372888469337,0.06969875864511021,0.20423112633350646,0.1076955295497141,1253372.888469337,1076955.295497141,0.08126117341134406,Percent,0,0.13453236768839624,1.0733626754340593,2.1000655505530226
17,5,Corbin Bleu,0.11289499973400843,0.05825723470711168,0.19095145706301164,0.09398590539228888,1128949.9973400843,939859.0539228888,0.08126117341134406,Percent,0,0.13269422235589995,1.1753773211261829,2.1000655505530226
17,5,Amber Riley,0.11123903608126022,0.05763896958675524,0.1901158683211366,0.12346114620608643,1112390.360812602,1234611.4620608643,0.08126117341134406,Percent,0,0.13247689873438137,1.1909209518644774,2.1000655505530226
17,5,Bill Engvall,0.12822317644295084,0.06982843861617268,0.21521895945853953,0.09914857265440596,1282231.7644295085,991485.7265440597,0.08126117341134406,Percent,0,0.14539052084236687,1.1338864382840659,2.1000655505530226
17,5,Christina Milian,0.041539049345836805,0.019954891632891845,0.06565999115281955,0.07578246445661171,415390.49345836806,757824.6445661171,0.08126117341134406,Percent,1,0.045705099519927704,1.100292381258081,2.1000655505530226
17,5,"Nicole ""Snooki"" Polizzi",0.12084169726076219,0.05998083489224329,0.20798237052197446,0.12533781736391114,1208416.972607622,1253378.1736391115,0.08126117341134406,Percent,0,0.14800153562973117,1.224755518869958,2.1000655505530226
17,5,Jack Osbourne,0.11854884391608135,0.05558967496868475,0.2042279616482755,0.11672429163224622,1185488.4391608136,1167242.9163224623,0.08126117341134406,Percent,0,0.14863828667959075,1.253814729604695,2.1000655505530226
17,6,Brant Daugherty,0.12825778443807942,0.04817673830400709,0.22272634501924451,0.13095005584871514,1282577.844380794,1309500.5584871513,1.0,Percent,0,0.17454960671523742,1.360927973923539,1.9930024292044433
17,6,Elizabeth Berkley Lauren,0.12409370691359788,0.05054692131500302,0.2141065377664367,0.11478055761197818,1240937.0691359788,1147805.5761197817,1.0,Percent,0,0.1635596164514337,1.3180331260900648,1.9930024292044433
17,6,Leah Remini,0.12814065841165173,0.054865469178381206,0.2173743625316028,0.12496070777699785,1281406.5841165173,1249607.0777699784,1.0,Percent,0,0.1625088933532216,1.2682071043459286,1.9930024292044433
17,6,Corbin Bleu,0.11873258575359087,0.04956542470355051,0.21013088081986905,0.11720181753678369,1187325.8575359087,1172018.1753678368,1.0,Percent,0,0.16056545611631853,1.352328470716073,1.9930024292044433
17,6,Amber Riley,0.11336941931828888,0.044442897613098074,0.20345799918574828,0.11182312522907044,1133694.193182889,1118231.2522907043,1.0,Percent,0,0.1590151015726502,1.4026278208783036,1.9930024292044433
17,6,Bill Engvall,0.13727727837555148,0.05974104815268574,0.23761067399360195,0.13788457743204005,1372772.7837555148,1378845.7743204006,1.0,Percent,0,0.1778696258409162,1.295696039036523,1.9930024292044433
17,6,"Nicole ""Snooki"" Polizzi",0.12441617773248301,0.05095760533170287,0.2183254956643937,0.11643116230526589,1244161.7773248302,1164311.623052659,1.0,Percent,0,0.1673678903326908,1.345226106307185,1.9930024292044433
17,6,Jack Osbourne,0.12571238905675675,0.049186895654060085,0.22538418502000407,0.14596799625914877,1257123.8905675674,1459679.9625914877,1.0,Percent,0,0.17619728936594398,1.4015904930928824,1.9930024292044433
17,7,Brant Daugherty,0.13478693561517488,0.0665778922562545,0.23432643552882357,0.12235426689752325,1347869.356151749,1223542.6689752326,0.13931457230426303,Percent,0,0.16774854327256905,1.2445460126158043,1.993327634074366
17,7,Elizabeth Berkley Lauren,0.13738604735727594,0.07207885819752817,0.226080228742938,0.1421958898820557,1373860.4735727594,1421958.898820557,0.13931457230426303,Percent,0,0.15400137054540985,1.1209389418193636,1.993327634074366
17,7,Leah Remini,0.13839232470889182,0.07475224660025506,0.2247417725155638,0.12070109260976203,1383923.2470889182,1207010.9260976203,0.13931457230426303,Percent,0,0.14998952591530873,1.0837994536966673,1.993327634074366
17,7,Corbin Bleu,0.12589557844963353,0.05843443907615682,0.21743315856439674,0.12589009093869727,1258955.7844963353,1258900.9093869727,0.13931457230426303,Percent,0,0.1589987194882399,1.2629412521572376,1.993327634074366
17,7,Amber Riley,0.12052824840326518,0.0577893460166475,0.2079241229132233,0.10449556469193404,1205282.4840326516,1044955.6469193404,0.13931457230426303,Percent,0,0.15013477689657578,1.245639747408032,1.993327634074366
17,7,Bill Engvall,0.14970576761941978,0.0841654634295946,0.2376209525969086,0.147278038753077,1497057.6761941977,1472780.38753077,0.13931457230426303,Percent,0,0.153455489167314,1.0250472751151893,1.993327634074366
17,7,"Nicole ""Snooki"" Polizzi",0.05996574115510153,0.030111006196043098,0.08881662396552753,0.1036335949236745,599657.4115510153,1036335.9492367449,0.13931457230426303,Percent,1,0.058705617769484436,0.9789859449521722,1.993327634074366
17,7,Jack Osbourne,0.13333935669123723,0.06661006915473366,0.21812801108350888,0.13345146130327626,1333393.5669123724,1334514.6130327627,0.13931457230426303,Percent,0,0.1515179419287752,1.136333230402728,1.993327634074366
17,8,Brant Daugherty,0.07411887893391983,0.04212327551920253,0.10556773714841824,0.11180988470959272,741188.7893391983,1118098.8470959272,0.15375153751537515,Percent,1,0.06344446162921571,0.855982477632712,1.8697998305768957
17,8,Elizabeth Berkley Lauren,0.16183521848183244,0.09606135948282211,0.2524082220911938,0.13332410918148693,1618352.1848183244,1333241.0918148693,0.15375153751537515,Percent,0,0.15634686260837166,0.966086764519202,1.8697998305768957
17,8,Leah Remini,0.1573950288778459,0.08387989173212794,0.24512419379796738,0.15071403731266547,1573950.288778459,1507140.3731266547,0.15375153751537515,Percent,0,0.16124430206583945,1.0244561293672176,1.8697998305768957
17,8,Corbin Bleu,0.1443508509384859,0.07455146712556335,0.2391589925382578,0.13645318242491558,1443508.5093848591,1364531.8242491558,0.15375153751537515,Percent,0,0.16460752541269444,1.1403294427605473,1.8697998305768957
17,8,Amber Riley,0.1400190975634708,0.07478343416621917,0.2257974650879046,0.1448480658568214,1400190.975634708,1448480.658568214,0.15375153751537515,Percent,0,0.15101403092168542,1.078524526650592,1.8697998305768957
17,8,Bill Engvall,0.17277546973875374,0.10674993077319204,0.26311830645724354,0.15630142466104216,1727754.6973875375,1563014.2466104217,0.15375153751537515,Percent,0,0.15636837568405149,0.9050380584725904,1.8697998305768957
17,8,Jack Osbourne,0.14950545546569097,0.0774152794400896,0.24961655829331653,0.16654929585347564,1495054.5546569098,1665492.9585347564,0.15375153751537515,Percent,0,0.17220127885322695,1.1518059880613807,1.8697998305768957
17,9,Elizabeth Berkley Lauren,0.08917959995809516,0.050923055980841035,0.12251062816621949,0.14673220566649117,891795.9995809515,1467322.0566649118,0.0896700143472023,Percent,1,0.07158757218537845,0.8027348431593877,1.7282395680096294
17,9,Leah Remini,0.1803698722278765,0.1092316284808052,0.27489442869352687,0.1580313934904128,1803698.7222787652,1580313.934904128,0.0896700143472023,Percent,0,0.16566280021272167,0.9184615932056871,1.7282395680096294
17,9,Corbin Bleu,0.16866344748751702,0.09785235756932345,0.2588418334729222,0.1470033061770217,1686634.4748751703,1470033.061770217,0.0896700143472023,Percent,0,0.16098947590359877,0.9545012763688101,1.7282395680096294
17,9,Amber Riley,0.17469374223517814,0.11370390551904404,0.2597934455725275,0.17358155024030594,1746937.4223517815,1735815.5024030595,0.0896700143472023,Percent,0,0.14608954005348346,0.8362608653537983,1.7282395680096294
17,9,Bill Engvall,0.21166368756677262,0.14192117496577591,0.30107262329913387,0.206952987412032,2116636.875667726,2069529.87412032,0.0896700143472023,Percent,0,0.15915144833335795,0.7519071890078034,1.7282395680096294
17,9,Jack Osbourne,0.17542965052456003,0.1135583394829469,0.26109147022155804,0.16769855701373645,1754296.5052456004,1676985.5701373646,0.0896700143472023,Percent,0,0.14753313073861113,0.8409817285588025,1.7282395680096294
17,10,Leah Remini,0.134399522910146,0.08660933460613722,0.18163745302411843,0.1909537683366052,1343995.22910146,1909537.683366052,0.2689618074233459,Percent,1,0.09502811841798121,0.7070569624083644,1.5586602308949633
17,10,Corbin Bleu,0.19994479852924926,0.1244793769078199,0.3081040379889906,0.17989199007599893,1999447.9852924927,1798919.9007599894,0.2689618074233459,Percent,0,0.1836246610811707,0.918376784151796,1.5586602308949633
17,10,Amber Riley,0.20258910066570154,0.11975755232756412,0.3164230651198976,0.19837759828509352,2025891.0066570155,1983775.9828509353,0.2689618074233459,Percent,0,0.19666551279233346,0.9707605796466673,1.5586602308949633
17,10,Bill Engvall,0.24861162628703004,0.1682318437812642,0.3516625054349542,0.23638258286137523,2486116.2628703006,2363825.8286137525,0.2689618074233459,Percent,0,0.18343066165368999,0.7378201268910628,1.5586602308949633
17,10,Jack Osbourne,0.2144549516078728,0.13273437485072423,0.32133231222526876,0.19439406044092708,2144549.5160787283,1943940.6044092707,0.2689618074233459,Percent,0,0.18859793737454453,0.8794291573150179,1.5586602308949633
18,1,Billy Dee Williams,0.09553525219972192,0.05304395238980125,0.1587354663670858,0.08525571243252197,955352.5219972192,852557.1243252198,0.16046213093709885,Percent,0,0.10569151397728455,1.10630904868844,2.3959740895598354
18,1,Danica McKellar,0.08333415135559939,0.03460141127725065,0.15086720973448955,0.07722305159079382,833341.5135559939,772230.5159079381,0.16046213093709885,Percent,0,0.1162657984572389,1.3951758860675885,2.3959740895598354
18,1,James Maslow,0.08534147868966173,0.0390720279116461,0.14586770591487394,0.08476996261245257,853414.7868966173,847699.6261245257,0.16046213093709885,Percent,0,0.10679567800322784,1.251392401947742,2.3959740895598354
18,1,Candace Cameron Bure,0.08666514204125036,0.03376137682918202,0.1529242764139438,0.12427810091324272,866651.4204125036,1242781.0091324272,0.16046213093709885,Percent,0,0.11916289958476178,1.3749807220998187,2.3959740895598354
18,1,Sean Avery,0.0908801086274625,0.046791018611278476,0.15016040982094647,0.08463656625862742,908801.086274625,846365.6625862742,0.16046213093709885,Percent,0,0.103369391209668,1.1374259204882975,2.3959740895598354
18,1,Diana Nyad,0.041403015539521054,0.02072990235184996,0.06304144037694613,0.06752598652630429,414030.15539521055,675259.8652630429,0.16046213093709885,Percent,1,0.04231153802509617,1.0219433892371412,2.3959740895598354
18,1,Charlie White,0.08532805682803625,0.036779131018366704,0.14404087988737657,0.09497200422596341,853280.5682803625,949720.0422596341,0.16046213093709885,Percent,0,0.10726174886900987,1.25705134813016,2.3959740895598354
18,1,Amy Purdy,0.08807484061517826,0.036155810685467346,0.1533047907576607,0.07627261979844728,880748.4061517826,762726.1979844728,0.16046213093709885,Percent,0,0.11714898007219336,1.3301072048946139,2.3959740895598354
18,1,Meryl Davis,0.08284703567613155,0.03863946228255487,0.14112863175259013,0.07240622569167732,828470.3567613155,724062.2569167732,0.16046213093709885,Percent,0,0.10248916947003527,1.2370891563421702,2.3959740895598354
18,1,Drew Carey,0.08640250649687185,0.04495740864238587,0.14654946397421764,0.059655817307660966,864025.0649687186,596558.1730766096,0.16046213093709885,Percent,0,0.10159205533183177,1.1757998633466709,2.3959740895598354
18,1,Cody Simpson,0.08557256984477155,0.04031614314148535,0.15487138615934232,0.08631019578832469,855725.6984477155,863101.9578832469,0.16046213093709885,Percent,0,0.11455524301785697,1.338691162666494,2.3959740895598354
18,1,NeNe Leakes,0.0886158420857938,0.04217095612495414,0.15471864915658906,0.08669375685398363,886158.420857938,866937.5685398363,0.16046213093709885,Percent,0,0.11254769303163492,1.2700628960075941,2.3959740895598354
18,2,Billy Dee Williams,0.05823096133227839,0.028833403919383636,0.08784448503606866,0.08636677250810858,582309.6133227838,863667.7250810858,0.04804920238324044,Percent,1,0.05901108111668503,1.0133969930524607,2.284242802641542
18,2,Danica McKellar,0.09431056698340612,0.04202254819855932,0.17427970687470196,0.10358296183188288,943105.6698340612,1035829.6183188289,0.04804920238324044,Percent,0,0.13225715867614263,1.4023577941103162,2.284242802641542
18,2,James Maslow,0.0959780727721435,0.03552483816911472,0.18647090541419065,0.09285720073091168,959780.727721435,928572.0073091168,0.04804920238324044,Percent,0,0.15094606724507592,1.572714088596351,2.284242802641542
18,2,Candace Cameron Bure,0.10603163367797087,0.047751058400977237,0.18932382573471815,0.09080846949510459,1060316.3367797087,908084.6949510459,0.04804920238324044,Percent,0,0.1415727673337409,1.3351936815734837,2.284242802641542
18,2,Sean Avery,0.04091910369499029,0.02020050532545491,0.06389703689665868,0.07016895608986104,409191.03694990295,701689.5608986104,0.04804920238324044,Percent,1,0.043696531571203776,1.067876068276479,2.284242802641542
18,2,Charlie White,0.09794510751702055,0.041529567935014486,0.18391218375625304,0.0816653953928426,979451.0751702056,816653.9539284259,0.04804920238324044,Percent,0,0.14238261582123857,1.453698091009761,2.284242802641542
18,2,Amy Purdy,0.10263774114748583,0.04398030151824544,0.1970636097422702,0.10032884382306703,1026377.4114748583,1003288.4382306703,0.04804920238324044,Percent,0,0.15308330822402474,1.491491399874544,2.284242802641542
18,2,Meryl Davis,0.09546555589777982,0.04314122498398771,0.17517805679702592,0.10122921050674748,954655.5589777982,1012292.1050674748,0.04804920238324044,Percent,0,0.1320368318130382,1.3830834647254058,2.284242802641542
18,2,Drew Carey,0.1017243231648865,0.04814158960956461,0.1721492129565328,0.07144408917788006,1017243.231648865,714440.8917788006,0.04804920238324044,Percent,0,0.12400762334696819,1.2190557723934161,2.284242802641542
18,2,Cody Simpson,0.09946150073202291,0.047921023097657174,0.1789988469068991,0.11506740170556662,994615.0073202291,1150674.017055666,0.04804920238324044,Percent,0,0.13107782380924193,1.3178749852407943,2.284242802641542
18,2,NeNe Leakes,0.10729543308001518,0.05283177914637054,0.19141889254420189,0.0864806987380274,1072954.330800152,864806.987380274,0.04804920238324044,Percent,0,0.13858711339783134,1.2916403748003003,2.284242802641542
18,3,Danica McKellar,0.10655705503435786,0.03738050254243575,0.18633589939841194,0.11536815169832287,1065570.5503435787,1153681.5169832287,1.0,Percent,0,0.1489553968559762,1.3978933333691286,2.1020857426780837
18,3,James Maslow,0.10596245063279008,0.04256747167957352,0.19736187704371222,0.09255987743547582,1059624.5063279008,925598.7743547582,1.0,Percent,0,0.1547944053641387,1.4608420665974815,2.1020857426780837
18,3,Candace Cameron Bure,0.11507794009485095,0.04817289902938989,0.20672788864302408,0.07814017570102438,1150779.4009485096,781401.7570102438,1.0,Percent,0,0.15855498961363418,1.3778052464525177,2.1020857426780837
18,3,Charlie White,0.111714002587606,0.041871410166002786,0.20765334845048725,0.10813758976995005,1117140.02587606,1081375.8976995004,1.0,Percent,0,0.16578193828448445,1.4839853057317363,2.1020857426780837
18,3,Amy Purdy,0.11500181663417426,0.04612777277260233,0.20625489710927788,0.12004894908791702,1150018.1663417425,1200489.4908791701,1.0,Percent,0,0.16012712433667556,1.3923877815430241,2.1020857426780837
18,3,Meryl Davis,0.10317063242535347,0.036687786289470774,0.18609910894171586,0.10861609696998688,1031706.3242535348,1086160.9696998687,1.0,Percent,0,0.14941132265224508,1.4481962467405431,2.1020857426780837
18,3,Drew Carey,0.11783738253897962,0.04454371615617297,0.20491111885494828,0.10932987660567509,1178373.8253897962,1093298.766056751,1.0,Percent,0,0.1603674026987753,1.3609212903700327,2.1020857426780837
18,3,Cody Simpson,0.10738694796145444,0.04173459561945702,0.191250230241303,0.1255169499499832,1073869.4796145444,1255169.4994998318,1.0,Percent,0,0.14951563462184597,1.39230732840562,2.1020857426780837
18,3,NeNe Leakes,0.11729177209043315,0.04386951288146215,0.21140272453958364,0.14228233278166463,1172917.7209043314,1422823.3278166463,1.0,Percent,0,0.1675332116581215,1.4283458137963136,2.1020857426780837
18,4,Danica McKellar,0.10637198476962607,0.038276233804240875,0.204113091642587,0.120568356984995,1063719.8476962608,1205683.56984995,1.0,Percent,0,0.16583685783834612,1.5590275785255434,2.1014038288951498
18,4,James Maslow,0.10385881943531293,0.03733099295792449,0.19302924669824767,0.11556702242162496,1038588.1943531292,1155670.2242162495,1.0,Percent,0,0.15569825374032317,1.4991336757616212,2.1014038288951498
18,4,Candace Cameron Bure,0.11642444115878668,0.0470356121375923,0.2105873959973301,0.09923358485773257,1164244.4115878667,992335.8485773257,1.0,Percent,0,0.1635517838597378,1.4047890823600861,2.1014038288951498
18,4,Charlie White,0.11417445394174329,0.041721914013526366,0.20082169369948324,0.0882180943823544,1141744.5394174329,882180.943823544,1.0,Percent,0,0.15909977968595687,1.3934796637357811,2.1014038288951498
18,4,Amy Purdy,0.11462021417333736,0.042257484965029915,0.20792215307420625,0.11744274191293214,1146202.1417333735,1174427.4191293214,1.0,Percent,0,0.16566466810917635,1.445335530944356,2.1014038288951498
18,4,Meryl Davis,0.10918827052765949,0.038263435315226454,0.19205414058493564,0.08427886913873908,1091882.705276595,842788.6913873908,1.0,Percent,0,0.15379070526970917,1.408491081748117,2.1014038288951498
18,4,Drew Carey,0.11421221078506313,0.042299536824260305,0.1931044409207221,0.12738105405458555,1142122.1078506312,1273810.5405458554,1.0,Percent,0,0.1508049040964618,1.320392128476199,2.1014038288951498
18,4,Cody Simpson,0.10639904638725275,0.03920449947855411,0.19259638393517803,0.10731707980221572,1063990.4638725275,1073170.7980221573,1.0,Percent,0,0.1533918844566239,1.4416659703728434,2.1014038288951498
18,4,NeNe Leakes,0.11475055882121823,0.04626952476159636,0.19474239512609426,0.13999319644482078,1147505.5882121823,1399931.9644482078,1.0,Percent,0,0.1484728703644979,1.293874922176363,2.1014038288951498
18,5,Danica McKellar,0.10924156763243634,0.05012213367623231,0.19087117073482768,0.09517437707411773,1092415.6763243633,951743.7707411773,0.15552099533437014,Percent,0,0.14074903705859537,1.288420150946312,2.0975977529764505
18,5,James Maslow,0.10460968268663684,0.044717383899678956,0.18914240643066282,0.12834949532741446,1046096.8268663684,1283494.9532741446,0.15552099533437014,Percent,0,0.14442502253098388,1.3806085519216778,2.0975977529764505
18,5,Candace Cameron Bure,0.12382543890249442,0.05803763423917793,0.20919531395202431,0.09180462082129529,1238254.3890249443,918046.2082129528,0.15552099533437014,Percent,0,0.15115767971284638,1.2207320325500688,2.0975977529764505
18,5,Charlie White,0.1218486662749842,0.055675938733247325,0.20431381632441253,0.11493157212351311,1218486.662749842,1149315.7212351311,0.15552099533437014,Percent,0,0.1486378775911652,1.2198564180893368,2.0975977529764505
18,5,Amy Purdy,0.11907125536565723,0.05745642449778717,0.19449039852874664,0.10719774579667002,1190712.5536565722,1071977.4579667002,0.15552099533437014,Percent,0,0.13703397403095946,1.1508568848975373,2.0975977529764505
18,5,Meryl Davis,0.11785707617852641,0.05261952021851788,0.201829091616071,0.10406908838603476,1178570.7617852641,1040690.8838603477,0.15552099533437014,Percent,0,0.14920957139755311,1.266021322059058,2.0975977529764505
18,5,Drew Carey,0.1335348170451187,0.0728849439972005,0.22264672171775157,0.13551926671236042,1335348.1704511868,1355192.667123604,0.15552099533437014,Percent,0,0.14976177772055108,1.121518574964233,2.0975977529764505
18,5,Cody Simpson,0.04924187790398184,0.02372780061587621,0.07631956861296298,0.09393403041818871,492418.7790398184,939340.3041818871,0.15552099533437014,Percent,1,0.052591767997086765,1.068029292051716,2.0975977529764505
18,5,NeNe Leakes,0.12076961801016423,0.05579001278418765,0.21621977799725944,0.1290198033404054,1207696.1801016422,1290198.033404054,0.15552099533437014,Percent,0,0.16042976521307178,1.3283950703526253,2.0975977529764505
18,6,Danica McKellar,0.12559333802860004,0.062030275586484565,0.20659556248800975,0.10589374802005631,1255933.3802860004,1058937.480200563,0.10334849111202976,Percent,0,0.1445652869015252,1.1510585606746504,2.001382686044515
18,6,James Maslow,0.12498186208280523,0.06082227400298997,0.21189406983760722,0.1058909345281484,1249818.6208280523,1058909.345281484,0.10334849111202976,Percent,0,0.15107179583461725,1.2087497603014303,2.001382686044515
18,6,Candace Cameron Bure,0.14414559493939091,0.08011138308745891,0.23005013827475673,0.15568641122331864,1441455.9493939092,1556864.1122331864,0.10334849111202976,Percent,0,0.14993875518729782,1.0401896447154195,2.001382686044515
18,6,Charlie White,0.13964332829390028,0.0711420824346333,0.23648665329985136,0.13049591977844732,1396433.2829390028,1304959.1977844732,0.10334849111202976,Percent,0,0.16534457086521806,1.184049197948259,2.001382686044515
18,6,Amy Purdy,0.12877104799975372,0.0674014317727813,0.21772402992320836,0.13614345282752752,1287710.4799975373,1361434.5282752751,0.10334849111202976,Percent,0,0.15032259815042706,1.1673633202916431,2.001382686044515
18,6,Meryl Davis,0.1276709838592428,0.06297850190333928,0.21674922708670527,0.12456407333077847,1276709.838592428,1245640.7333077847,0.10334849111202976,Percent,0,0.15377072518336599,1.2044297030944646,2.001382686044515
18,6,Drew Carey,0.06896168869310405,0.040225102324978994,0.09949315512680793,0.10982521237685244,689616.8869310406,1098252.1237685245,0.10334849111202976,Percent,1,0.05926805280182893,0.8594344762290537,2.001382686044515
18,6,NeNe Leakes,0.14023215610320294,0.07458544999379796,0.22845246010387008,0.13150024791487083,1402321.5610320293,1315002.4791487083,0.10334849111202976,Percent,0,0.15386701011007212,1.0972305809577276,2.001382686044515
18,7,Danica McKellar,0.14842845489628348,0.08673353576940454,0.22709394469138625,0.12644849943281755,1484284.5489628348,1264484.9943281754,0.1771793054571226,Percent,0,0.1403604089219817,0.9456435359383116,1.8803833638392897
18,7,James Maslow,0.15002922864323068,0.08698868819579536,0.23690734622640652,0.13314367263949717,1500292.2864323067,1331436.7263949716,0.1771793054571226,Percent,0,0.14991865803061116,0.9992630061913972,1.8803833638392897
18,7,Candace Cameron Bure,0.15888389078182183,0.09024919880907349,0.2541444260843783,0.16353970061180756,1588838.9078182182,1635397.0061180757,0.1771793054571226,Percent,0,0.1638952272753048,1.031540872198079,1.8803833638392897
18,7,Charlie White,0.16510200872980438,0.0936618676712713,0.25371862737455914,0.13633237046350744,1651020.0872980438,1363323.7046350744,0.1771793054571226,Percent,0,0.16005675970328784,0.9694416254209646,1.8803833638392897
18,7,Amy Purdy,0.14892599705276097,0.07887599352931429,0.249814292914337,0.14124829222897917,1489259.9705276096,1412482.9222897917,0.1771793054571226,Percent,0,0.1709382993850227,1.1478069831183557,1.8803833638392897
18,7,Meryl Davis,0.14518446252689812,0.07907463240372468,0.23834705235467388,0.16407066535092998,1451844.6252689813,1640706.6535092997,0.1771793054571226,Percent,0,0.1592724199509492,1.097034883615325,1.8803833638392897
18,7,NeNe Leakes,0.0834459573692003,0.04968158294245265,0.11652800645763439,0.13521679927246136,834459.5736920029,1352167.9927246135,0.1771793054571226,Percent,1,0.06684642351518175,0.8010744393455135,1.8803833638392897
18,8,Danica McKellar,0.09221273962342813,0.05512589457916155,0.12600089193299835,0.1429468374159442,922127.3962342814,1429468.3741594418,0.18248175182481752,Percent,1,0.0708749973538368,0.7686030980455749,1.727717661353103
18,8,James Maslow,0.17975820135213003,0.10620400206452939,0.2808666127111159,0.16618804414729413,1797582.0135213002,1661880.4414729413,0.18248175182481752,Percent,0,0.1746626106465865,0.9716530836022234,1.727717661353103
18,8,Candace Cameron Bure,0.18598385164186118,0.11674415555240487,0.28360014545241075,0.1556783359441133,1859838.5164186119,1556783.359441133,0.18248175182481752,Percent,0,0.16685598990000589,0.8971531045679775,1.727717661353103
18,8,Charlie White,0.18862959328534817,0.10874573945224884,0.28898185094642886,0.19683492702675365,1886295.9328534817,1968349.2702675364,0.18248175182481752,Percent,0,0.18023611149418,0.9555028368296856,1.727717661353103
18,8,Amy Purdy,0.17635225577383865,0.1014359422575281,0.2777561822022729,0.14579012607756386,1763522.5577383866,1457901.2607756387,0.18248175182481752,Percent,0,0.17632023994474477,0.9998184552335132,1.727717661353103
18,8,Meryl Davis,0.17706335832339384,0.10613039747326522,0.26484877794469014,0.192561729388331,1770633.5832339383,1925617.29388331,0.18248175182481752,Percent,0,0.15871838047142492,0.8963931440944257,1.727717661353103
18,9,James Maslow,0.21623040663433152,0.1496995073571398,0.30988188898323205,0.20663343570231565,2162304.0663433154,2066334.3570231565,0.18148820326678766,Percent,0,0.16018238162609225,0.7407948961450995,1.5635511257351673
18,9,Candace Cameron Bure,0.2308755925622634,0.1565820709307725,0.32489626531034177,0.21175999400553638,2308755.925622634,2117599.940055364,0.18148820326678766,Percent,0,0.16831419437956927,0.7290255003208175,1.5635511257351673
18,9,Charlie White,0.12914769900605144,0.08712559572169029,0.1673290807397186,0.17335247540386672,1291476.9900605143,1733524.7540386673,0.18148820326678766,Percent,1,0.08020348501802832,0.6210214013512563,1.5635511257351673
18,9,Amy Purdy,0.21367456984010832,0.13951931173054782,0.3097471850558087,0.19170552797265544,2136745.6984010832,1917055.2797265544,0.18148820326678766,Percent,0,0.1702278733252609,0.7966688476435995,1.5635511257351673
18,9,Meryl Davis,0.21007173195724563,0.13503767057425256,0.30837886748396337,0.2165485669156259,2100717.319572456,2165485.669156259,0.18148820326678766,Percent,0,0.1733411969097108,0.8251524148189042,1.5635511257351673
19,1,Antonio Sabato Jr.,0.08026384194294603,0.041992805237930114,0.12979806412100406,0.0651951952480996,802638.4194294603,651951.9524809959,0.19230769230769232,Percent,0,0.08780525888307394,1.0939578365248026,2.4760831828012124
19,1,Jonathan Bennett,0.08150725506779988,0.03455035109394464,0.1427322454444078,0.06727432133827849,815072.5506779988,672743.2133827849,0.19230769230769232,Percent,0,0.10818189435046316,1.327267054453921,2.4760831828012124
19,1,Lea Thompson,0.07748603166900718,0.032396267499795274,0.13983579900074614,0.06029915105611728,774860.3166900718,602991.5105611729,0.19230769230769232,Percent,0,0.10743953150095087,1.3865664454194069,2.4760831828012124
19,1,Janel Parrish,0.0813112616519498,0.036677522947125035,0.14411788018801824,0.08533759663027733,813112.6165194979,853375.9663027733,0.19230769230769232,Percent,0,0.10744035724089321,1.32134657682214,2.4760831828012124
19,1,Alfonso Ribeiro,0.07578915352398227,0.03157450360151801,0.13409389497899937,0.08027114925760526,757891.5352398227,802711.4925760526,0.19230769230769232,Percent,0,0.10251939137748137,1.3526921282349555,2.4760831828012124
19,1,Lolo Jones,0.040094225067123006,0.020294891133317592,0.05911005455369192,0.055936756001585056,400942.2506712301,559367.5600158506,0.19230769230769232,Percent,1,0.03881516342037433,0.9680986066046331,2.4760831828012124
19,1,Randy Couture,0.0773580368679644,0.03438782620784566,0.13470289542676137,0.08841600132906731,773580.368679644,884160.0132906731,0.19230769230769232,Percent,0,0.1003150692189157,1.2967633781882886,2.4760831828012124
19,1,Tommy Chong,0.0797485486093994,0.037596757067726534,0.13200369117355476,0.09043489162510733,797485.486093994,904348.9162510734,0.19230769230769232,Percent,0,0.09440693410582823,1.1838075520123152,2.4760831828012124
19,1,Betsey Johnson,0.08535318364334998,0.045880950798364094,0.14629620815777244,0.0760957202839694,853531.8364334998,760957.202839694,0.19230769230769232,Percent,0,0.10041525735940834,1.1764676263160323,2.4760831828012124
19,1,Michael Waltrip,0.08289335274630381,0.038953326418670206,0.13916737836058132,0.09305022305299167,828933.5274630381,930502.2305299167,0.19230769230769232,Percent,0,0.10021405194191112,1.2089516061513101,2.4760831828012124
19,1,Tavis Smiley,0.08179009719991424,0.03919286647415437,0.1463917395243761,0.07588207894729196,817900.9719991424,758820.7894729195,0.19230769230769232,Percent,0,0.10719887305022172,1.3106583403147505,2.4760831828012124
19,1,Bethany Mota,0.07911254038663877,0.03294064331252476,0.13514830627715552,0.07185917844000596,791125.4038663877,718591.7844000596,0.19230769230769232,Percent,0,0.10220766296463075,1.2919274550548057,2.4760831828012124
19,1,Sadie Robertson,0.07729247162362142,0.034237952917278706,0.13497719787919554,0.08994773678960322,772924.7162362142,899477.3678960322,0.19230769230769232,Percent,0,0.10073924496191683,1.3033513205848863,2.4760831828012124
19,2,Antonio Sabato Jr.,0.08708563683577436,0.034106542154779075,0.17226948230791786,0.08330841719817605,870856.3683577436,833084.1719817605,0.09773260359655982,Percent,0,0.1381629401531388,1.5865181122081675,2.3527281168487764
19,2,Jonathan Bennett,0.09230134327478683,0.03701153120756008,0.16949155928057882,0.11306465013387662,923013.4327478682,1130646.5013387662,0.09773260359655982,Percent,0,0.13248002807301873,1.4352990256990894,2.3527281168487764
19,2,Lea Thompson,0.08350258787232118,0.02858860191440751,0.17236269466315113,0.04970631099225103,835025.8787232118,497063.1099225103,0.09773260359655982,Percent,0,0.14377409274874361,1.7217920595296998,2.3527281168487764
19,2,Janel Parrish,0.0861334220663263,0.030755631730635974,0.1610722643702326,0.07839767456765255,861334.2206632631,783976.7456765255,0.09773260359655982,Percent,0,0.1303166326395966,1.5129624426073238,2.3527281168487764
19,2,Alfonso Ribeiro,0.08425839349988017,0.03259974457511282,0.16025882313408918,0.08770584025240852,842583.9349988017,877058.4025240851,0.09773260359655982,Percent,0,0.12765907855897635,1.5150903459743499,2.3527281168487764
19,2,Randy Couture,0.08538108791345429,0.0379427743259889,0.1556599056249576,0.07918547882035241,853810.8791345429,791854.7882035242,0.09773260359655982,Percent,0,0.1177171312989687,1.3787260642344066,2.3527281168487764
19,2,Tommy Chong,0.08533660548129815,0.036561143590522045,0.15571798458340375,0.07551014475158867,853366.0548129815,755101.4475158866,0.09773260359655982,Percent,0,0.11915684099288171,1.396315687984512,2.3527281168487764
19,2,Betsey Johnson,0.09694346271905854,0.04296149930107568,0.1914151689486035,0.13803758513048386,969434.6271905855,1380375.8513048387,0.09773260359655982,Percent,0,0.14845366964752782,1.5313427587969028,2.3527281168487764
19,2,Michael Waltrip,0.10186959216848936,0.047388474567759124,0.17890641984932465,0.07462311479240026,1018695.9216848935,746231.1479240026,0.09773260359655982,Percent,0,0.13151794528156552,1.291042228421202,2.3527281168487764
19,2,Tavis Smiley,0.03017862892801495,0.01157424051975541,0.04872697001057895,0.06351804492889176,301786.2892801495,635180.4492889177,0.09773260359655982,Percent,1,0.03715272949082354,1.2310940162140533,2.3527281168487764
19,2,Bethany Mota,0.0814652376258034,0.029787334355026424,0.16179044930336922,0.07988034477511273,814652.376258034,798803.4477511273,0.09773260359655982,Percent,0,0.1320031149483428,1.6203612583158042,2.3527281168487764
19,2,Sadie Robertson,0.08554400161479263,0.03210303230456041,0.16870627166996913,0.07706239365680528,855440.0161479263,770623.9365680529,0.09773260359655982,Percent,0,0.13660323936540872,1.596876891269799,2.3527281168487764
19,3,Antonio Sabato Jr.,0.09788191948125166,0.04226713454664291,0.18465767972547134,0.1334208678919223,978819.1948125166,1334208.6789192231,0.2295684113865932,Percent,0,0.14239054517882843,1.4547175406189492,2.2726078404498566
19,3,Jonathan Bennett,0.10341381564269682,0.039767050905866755,0.19179283965897456,0.12539640339150812,1034138.1564269682,1253964.0339150813,0.2295684113865932,Percent,0,0.1520257887531078,1.4700723284243695,2.2726078404498566
19,3,Lea Thompson,0.09166230057386605,0.03705224404423859,0.1703910465962036,0.09134075211508687,916623.0057386606,913407.5211508687,0.2295684113865932,Percent,0,0.133338802551965,1.454674405040859,2.2726078404498566
19,3,Janel Parrish,0.08728462820592328,0.028179904166828414,0.16577411078204407,0.0994121180524538,872846.2820592328,994121.180524538,0.2295684113865932,Percent,0,0.13759420661521565,1.5763853205698628,2.2726078404498566
19,3,Alfonso Ribeiro,0.0934326975734439,0.036891875340404445,0.17252794889918702,0.0758940488904741,934326.975734439,758940.488904741,0.2295684113865932,Percent,0,0.13563607355878257,1.4516981429564761,2.2726078404498566
19,3,Randy Couture,0.0397050950315011,0.014756663951581822,0.06285685825546562,0.06539288611655773,397050.950315011,653928.8611655773,0.2295684113865932,Percent,1,0.0481001943038838,1.2114363223591889,2.2726078404498566
19,3,Tommy Chong,0.09243862174641757,0.034719519298476435,0.17944873182986343,0.07853160076957952,924386.2174641757,785316.0076957952,0.2295684113865932,Percent,0,0.14472921253138699,1.5656790397461322,2.2726078404498566
19,3,Betsey Johnson,0.10359532608111909,0.047905687928651304,0.1940700388838086,0.08548959359887151,1035953.2608111908,854895.9359887152,0.2295684113865932,Percent,0,0.1461643509551573,1.4109164620101207,2.2726078404498566
19,3,Michael Waltrip,0.11015972436793141,0.04964444801857475,0.20226373175575155,0.09196867100163926,1101597.2436793142,919686.7100163926,0.2295684113865932,Percent,0,0.15261928373717681,1.3854363254162771,2.2726078404498566
19,3,Bethany Mota,0.08652071054951095,0.02741627012851152,0.16625989810774955,0.06734822422606879,865207.1054951095,673482.2422606879,0.2295684113865932,Percent,0,0.13884362797923802,1.6047444259000345,2.2726078404498566
19,3,Sadie Robertson,0.09390516074633823,0.03476778617709539,0.17514289054883647,0.085804833945838,939051.6074633823,858048.33945838,0.2295684113865932,Percent,0,0.14037510437174108,1.4948603810064285,2.2726078404498566
19,4,Antonio Sabato Jr.,0.11038866059556271,0.05160425007418611,0.18907854170913505,0.10026884196594328,1103886.605955627,1002688.4196594328,0.09686168151879117,Percent,0,0.13747429163494893,1.2453660629022523,2.1955008551048754
19,4,Jonathan Bennett,0.12397854425465628,0.06711578990045433,0.21018847015939884,0.13093811244320921,1239785.4425465628,1309381.124432092,0.09686168151879117,Percent,0,0.1430726802589445,1.1540116164379879,2.1955008551048754
19,4,Lea Thompson,0.09393868524934786,0.03585633471473274,0.17347488195204933,0.11021884724134519,939386.8524934786,1102188.4724134519,0.09686168151879117,Percent,0,0.1376185472373166,1.4649826838860507,2.1955008551048754
19,4,Janel Parrish,0.09381707109547432,0.0384249683893449,0.16681815474027284,0.08604846589321255,938170.7109547432,860484.6589321255,0.09686168151879117,Percent,0,0.12839318635092795,1.36854822743578,2.1955008551048754
19,4,Alfonso Ribeiro,0.10396734009132858,0.043784023865095195,0.18716026714190878,0.09904065434082995,1039673.4009132858,990406.5434082996,0.09686168151879117,Percent,0,0.1433762432768136,1.3790507975953492,2.1955008551048754
19,4,Tommy Chong,0.10559382082659191,0.050706153051352613,0.18647184008351345,0.09177800611874312,1055938.208265919,917780.0611874312,0.09686168151879117,Percent,0,0.13576568703216083,1.2857351497406055,2.1955008551048754
19,4,Betsey Johnson,0.04523452483724166,0.020846139636867773,0.06991493827312993,0.06982759034649612,452345.24837241665,698275.9034649612,0.09686168151879117,Percent,1,0.04906879863626216,1.084764321341201,2.1955008551048754
19,4,Michael Waltrip,0.12790375149597832,0.06758504344947462,0.2128185688841749,0.09657613204021129,1279037.5149597833,965761.3204021129,0.09686168151879117,Percent,0,0.1452335254347003,1.1354907399980905,2.1955008551048754
19,4,Bethany Mota,0.0977851219493092,0.04322458112606295,0.1827506247485085,0.08877384611212952,977851.219493092,887738.4611212952,0.09686168151879117,Percent,0,0.13952604362244556,1.4268637277435152,2.1955008551048754
19,4,Sadie Robertson,0.09739247960450939,0.03722836431443002,0.18205805576960282,0.12652950349787964,973924.7960450939,1265295.0349787965,0.09686168151879117,Percent,0,0.1448296914551728,1.4870726368534415,2.1955008551048754
19,5,Antonio Sabato Jr.,0.11421143835123712,0.04809620318921824,0.19664703806552655,0.12780907698817978,1142114.3835123712,1278090.7698817977,1.0,Percent,0,0.14855083487630832,1.3006651261974869,2.0985323635240793
19,5,Jonathan Bennett,0.1301647117949678,0.05318798889059472,0.21438728384933575,0.1454298735128759,1301647.117949678,1454298.735128759,1.0,Percent,0,0.16119929495874102,1.238425474430106,2.0985323635240793
19,5,Lea Thompson,0.09968306519125426,0.03665514463650055,0.18081114300406212,0.08875088869484334,996830.6519125426,887508.8869484334,1.0,Percent,0,0.14415599836756157,1.4461433152259162,2.0985323635240793
19,5,Janel Parrish,0.09660528140397778,0.03152523028871982,0.19146746178027838,0.11241463381870068,966052.8140397778,1124146.3381870068,1.0,Percent,0,0.15994223149155856,1.6556261641920216,2.0985323635240793
19,5,Alfonso Ribeiro,0.11074944546567245,0.04259019825390563,0.19962452860425295,0.07909801914507843,1107494.4546567246,790980.1914507842,1.0,Percent,0,0.1570343303503473,1.4179243037295495,2.0985323635240793
19,5,Tommy Chong,0.11047685362512363,0.04268112897773297,0.2006323985409418,0.11511294169669439,1104768.5362512362,1151129.416966944,1.0,Percent,0,0.15795126956320885,1.4297227372095345,2.0985323635240793
19,5,Michael Waltrip,0.13033810873631238,0.055048027001011836,0.2267968312236393,0.13262818740032495,1303381.087363124,1326281.8740032495,1.0,Percent,0,0.17174880422262748,1.317717480235142,2.0985323635240793
19,5,Bethany Mota,0.10583543619314476,0.036974097193956675,0.19531140360703236,0.10747601421095734,1058354.3619314476,1074760.1421095734,1.0,Percent,0,0.1583373064130757,1.4960708067959154,2.0985323635240793
19,5,Sadie Robertson,0.10193565923830974,0.03629904236975022,0.19181250250756382,0.09128036453234509,1019356.5923830974,912803.6453234509,1.0,Percent,0,0.1555134601378136,1.5256041045876523,2.0985323635240793
19,6,Antonio Sabato Jr.,0.12787979431127264,0.07265743496756005,0.22281179288747327,0.12637797609648366,1278797.9431127263,1263779.7609648365,0.0574184657785944,Percent,0,0.15015435791991322,1.1741836052255603,2.1049803076490052
19,6,Jonathan Bennett,0.05190658289903634,0.030447468333426857,0.07604178240674646,0.08918907262353994,519065.8289903634,891890.7262353994,0.0574184657785944,Percent,1,0.0455943140733196,0.8783917477674315,2.1049803076490052
19,6,Lea Thompson,0.10947674714151855,0.05349031384359817,0.18049029449828657,0.1196530218686081,1094767.4714151854,1196530.218686081,0.0574184657785944,Percent,0,0.1269999806546884,1.1600635200689504,2.1049803076490052
19,6,Janel Parrish,0.10975688204412407,0.05628009633738613,0.18914959171591111,0.10415714496913303,1097568.8204412407,1041571.4496913303,0.0574184657785944,Percent,0,0.132869495378525,1.2105800830339666,2.1049803076490052
19,6,Alfonso Ribeiro,0.11325741588662692,0.05014174482852688,0.20457167453775885,0.1181320964826567,1132574.1588662693,1181320.964826567,0.0574184657785944,Percent,0,0.15442992970923197,1.3635304010804874,2.1049803076490052
19,6,Tommy Chong,0.13038307676998273,0.07381736782778897,0.2160334226562224,0.1256287948695459,1303830.7676998272,1256287.948695459,0.0574184657785944,Percent,0,0.14221605482843344,1.0907554749557418,2.1049803076490052
19,6,Michael Waltrip,0.13427504634017945,0.07350304636335618,0.2306459489303408,0.1310508137629457,1342750.4634017944,1310508.137629457,0.0574184657785944,Percent,0,0.1571429025669846,1.1703060758502404,2.1049803076490052
19,6,Bethany Mota,0.1104840109676955,0.05037131250094375,0.19191747817373336,0.10418393685335609,1104840.109676955,1041839.3685335609,0.0574184657785944,Percent,0,0.1415461656727896,1.2811461534843842,2.1049803076490052
19,6,Sadie Robertson,0.11258044363956399,0.05273536084620944,0.21176871426916616,0.081627142473731,1125804.4363956398,816271.42473731,0.0574184657785944,Percent,0,0.1590333534229567,1.4126197080206553,2.1049803076490052
19,7,Antonio Sabato Jr.,0.06620289818165162,0.0378806809484188,0.09542701593283887,0.09332793852661478,662028.9818165163,933279.3852661478,0.1339405304045004,Percent,1,0.057546334984420064,0.8692419299608434,1.9986494294941668
19,7,Lea Thompson,0.12658448322463947,0.06651894627923886,0.2106571646606587,0.11783634102635855,1265844.8322463948,1178363.4102635856,0.1339405304045004,Percent,0,0.14413821838141982,1.1386720924209102,1.9986494294941668
19,7,Janel Parrish,0.12458566623334304,0.06393955386241257,0.21011253485740436,0.10679845088637098,1245856.6623334303,1067984.5088637099,0.1339405304045004,Percent,0,0.1461729809949918,1.1732728604686893,1.9986494294941668
19,7,Alfonso Ribeiro,0.1301649580535984,0.06693359551281862,0.21686883588183758,0.1260538545625826,1301649.580535984,1260538.545625826,0.1339405304045004,Percent,0,0.14993524036901895,1.1518863648946107,1.9986494294941668
19,7,Tommy Chong,0.15064295047578666,0.07707094564064904,0.23941417070315782,0.1747483723893259,1506429.5047578665,1747483.723893259,0.1339405304045004,Percent,0,0.16234322506250878,1.0776689154704437,1.9986494294941668
19,7,Michael Waltrip,0.15155058070017724,0.08726730938206224,0.24524368746769082,0.15912097571906422,1515505.8070017723,1591209.7571906422,0.1339405304045004,Percent,0,0.1579763780856286,1.0424003481594302,1.9986494294941668
19,7,Bethany Mota,0.11995180006559199,0.0562143920648121,0.2018053967518584,0.11483949657236708,1199518.0006559198,1148394.9657236708,0.1339405304045004,Percent,0,0.1455910046870463,1.213745892995639,1.9986494294941668
19,7,Sadie Robertson,0.1303166630652113,0.06712133983617992,0.21325352357265492,0.10727457031731602,1303166.6306521131,1072745.70317316,0.1339405304045004,Percent,0,0.14613218373647502,1.121362228737775,1.9986494294941668
19,8,Lea Thompson,0.15328590495507155,0.08760553361974484,0.24697910861114897,0.13235551125020822,1532859.0495507156,1323555.1125020823,0.29850746268656714,Percent,0,0.15937357499140414,1.0397144801938372,1.8756662427737587
19,8,Janel Parrish,0.1397569144702731,0.06616573935164441,0.23327874275751775,0.14196332442783888,1397569.1447027312,1419633.2442783888,0.29850746268656714,Percent,0,0.16711300340587334,1.1957405044271996,1.8756662427737587
19,8,Alfonso Ribeiro,0.14394883022381869,0.06791113941062575,0.23618786151613527,0.14626606186989313,1439488.3022381868,1462660.6186989313,0.29850746268656714,Percent,0,0.16827672210550954,1.1690037483727005,1.8756662427737587
19,8,Tommy Chong,0.17688341713756192,0.10038173147448864,0.2873615719207827,0.19226888335538964,1768834.1713756192,1922688.8335538963,0.29850746268656714,Percent,0,0.18697984044629407,1.0570795356179725,1.8756662427737587
19,8,Michael Waltrip,0.09996885358294332,0.05568906901913883,0.14077016337058101,0.14834529580942193,999688.5358294331,1483452.9580942194,0.29850746268656714,Percent,1,0.08508109435144218,0.8510760232020778,1.8756662427737587
19,8,Bethany Mota,0.1340433268919004,0.06345173477920808,0.23728130617232224,0.11259268816073167,1340433.2689190041,1125926.8816073167,0.29850746268656714,Percent,0,0.17382957139311417,1.2968163012941292,1.8756662427737587
19,8,Sadie Robertson,0.1521127527384307,0.07989586524263709,0.25684011052913247,0.12620823512651644,1521127.527384307,1262082.3512651643,0.29850746268656714,Percent,0,0.17694424528649538,1.163243989087255,1.8756662427737587
19,9,Lea Thompson,0.09724848115283992,0.05581846262287962,0.13280842014052266,0.15092271089789264,972484.8115283992,1509227.1089789264,0.16897600540723218,Percent,1,0.07698995751764304,0.7916828787962487,1.7288908966543324
19,9,Janel Parrish,0.16945410619724335,0.09700827887397204,0.25676093919104975,0.1709899722868194,1694541.0619724335,1709899.7228681939,0.16897600540723218,Percent,0,0.15975266031707772,0.9427488297694407,1.7288908966543324
19,9,Alfonso Ribeiro,0.16935186075635192,0.09649090312113222,0.25171715856434423,0.14841609277200835,1693518.6075635192,1484160.9277200834,0.16897600540723218,Percent,0,0.155226255443212,0.916590197178509,1.7288908966543324
19,9,Tommy Chong,0.21771206791140793,0.14334264457249246,0.31831853315007014,0.19295900743078137,2177120.679114079,1929590.0743078138,0.16897600540723218,Percent,0,0.17497588857757768,0.8037032134056041,1.7288908966543324
19,9,Bethany Mota,0.16313216134613895,0.09559158799036346,0.25364163171998244,0.16883612660545233,1631321.6134613894,1688361.2660545234,0.16897600540723218,Percent,0,0.15805004372961898,0.9688466236542004,1.7288908966543324
19,9,Sadie Robertson,0.1831013226360179,0.11429238914220008,0.27770941887965533,0.1678760900070459,1831013.2263601788,1678760.9000704589,0.16897600540723218,Percent,0,0.16341702973745525,0.8924950807827178,1.7288908966543324
19,10,Janel Parrish,0.2064249309039451,0.1318928974152131,0.3049929467937023,0.1875904897244186,2064249.309039451,1875904.8972441861,0.16355904481517827,Percent,0,0.17310004937848922,0.8385617406796526,1.5710020714625434
19,10,Alfonso Ribeiro,0.21012856842908484,0.13363383834950246,0.315808741495404,0.18921420598805636,2101285.684290848,1892142.0598805635,0.16355904481517827,Percent,0,0.18217490314590154,0.8669687539768434,1.5710020714625434
19,10,Tommy Chong,0.15430838843041889,0.10378445936605686,0.1976756686465887,0.2161954408565574,1543083.884304189,2161954.408565574,0.16355904481517827,Percent,1,0.09389120928053184,0.6084647130046951,1.5710020714625434
19,10,Bethany Mota,0.20959176602357282,0.13227645291522688,0.32698004434707134,0.18211839651757608,2095917.6602357281,1821183.965175761,0.16355904481517827,Percent,0,0.19470359143184446,0.9289658421502404,1.5710020714625434
19,10,Sadie Robertson,0.21954634621297806,0.14237712244427264,0.32136682547129214,0.2248814669133916,2195463.4621297806,2248814.669133916,0.16355904481517827,Percent,0,0.1789897030270195,0.8152706984856161,1.5710020714625434
20,1,Suzanne Somers,0.08374767225084982,0.03788961927462128,0.1471132693070299,0.09928326191451751,837476.7225084982,992832.6191451751,1.0,Percent,0,0.10922365003240861,1.3041992344008138,2.3960480216497957
20,1,Willow Shields,0.0844423525154713,0.03389520646207114,0.14473863512307633,0.08483094823633118,844423.5251547131,848309.4823633118,1.0,Percent,0,0.11084342866100519,1.3126520680566869,2.3960480216497957
20,1,Riker Lynch,0.08384506989219458,0.03450592459996208,0.1497995827537296,0.08462063981709271,838450.6989219458,846206.3981709271,1.0,Percent,0,0.11529365815376752,1.3750797548622546,2.3960480216497957
20,1,Rumer Willis,0.08247329503994774,0.032876344221512366,0.14845449999838245,0.07629793950768439,824732.9503994774,762979.3950768439,1.0,Percent,0,0.11557815577687008,1.4014009713191073,2.3960480216497957
20,1,Nastia Liukin,0.08462611399267966,0.03659401096644208,0.1458079021232185,0.06273913410597387,846261.1399267967,627391.3410597387,1.0,Percent,0,0.10921389115677643,1.2905459792969303,2.3960480216497957
20,1,Michael Sam,0.08313818821216999,0.035310228391808515,0.14543863013577196,0.07675361091395613,831381.8821216999,767536.1091395613,1.0,Percent,0,0.11012840174396345,1.324642791864961,2.3960480216497957
20,1,Robert Herjavec,0.080918040752961,0.03221979188270577,0.14717841891056266,0.09754036229158022,809180.40752961,975403.6229158023,1.0,Percent,0,0.11495862702785689,1.4206798132794665,2.3960480216497957
20,1,Charlotte McKinney,0.08324767561294365,0.034242432402770674,0.15160912567876206,0.08444273019470808,832476.7561294364,844427.3019470808,1.0,Percent,0,0.11736669327599139,1.4098494932360945,2.3960480216497957
20,1,Noah Galloway,0.08182397644812552,0.031205803199008682,0.14242410245682374,0.08264298171086998,818239.7644812552,826429.8171086998,1.0,Percent,0,0.11121829925781507,1.3592385030117042,2.3960480216497957
20,1,Redfoo,0.08420974352021862,0.0357224325789732,0.15171712598915385,0.09260000913439184,842097.4352021862,926000.0913439185,1.0,Percent,0,0.11599469341018065,1.3774497886023191,2.3960480216497957
20,1,Patti LaBelle,0.08255672346973199,0.03484639484853919,0.14806128438500635,0.08486458023048299,825567.2346973199,848645.8023048299,1.0,Percent,0,0.11321488953646716,1.3713588037196687,2.3960480216497957
20,1,Chris Soules,0.08497114829270608,0.03278951875412507,0.15050821994624614,0.07338380194241076,849711.4829270608,733838.0194241076,1.0,Percent,0,0.11771870119212106,1.3853961439547362,2.3960480216497957
20,2,Suzanne Somers,0.08540636385438705,0.03704003770895753,0.15756922997146092,0.08498623827255873,854063.6385438704,849862.3827255873,0.04332380209687202,Percent,0,0.12052919226250339,1.411243692191354,2.359368585265114
20,2,Willow Shields,0.08395896835192254,0.031485543979776744,0.15225936114289487,0.08978951186602387,839589.6835192255,897895.1186602387,0.04332380209687202,Percent,0,0.12077381716311814,1.4384861978875492,2.359368585265114
20,2,Riker Lynch,0.08952911792738732,0.034606946994186094,0.17503121189559245,0.09557182469763328,895291.1792738732,955718.2469763329,0.04332380209687202,Percent,0,0.14042426490140636,1.568475912108255,2.359368585265114
20,2,Rumer Willis,0.08620433116836473,0.03316813623005756,0.1578574991325724,0.06997840766598544,862043.3116836473,699784.0766598544,0.04332380209687202,Percent,0,0.12468936290251485,1.446439653466894,2.359368585265114
20,2,Nastia Liukin,0.08628377973864337,0.029964708550216154,0.16455010480889387,0.07088936855002857,862837.7973864337,708893.6855002857,0.04332380209687202,Percent,0,0.13458539625867771,1.559799497267524,2.359368585265114
20,2,Michael Sam,0.0893630837441617,0.0367394170309721,0.1634248629151626,0.09309814324221004,893630.837441617,930981.4324221003,0.04332380209687202,Percent,0,0.12668544588419048,1.417648547658441,2.359368585265114
20,2,Robert Herjavec,0.08749763312044295,0.03836346043967272,0.1579087821673785,0.09003105422208249,874976.3312044295,900310.5422208249,0.04332380209687202,Percent,0,0.11954532172770578,1.366269205969815,2.359368585265114
20,2,Charlotte McKinney,0.09208706196889058,0.04313329002838087,0.17157255533033713,0.09618568293687668,920870.6196889058,961856.8293687669,0.04332380209687202,Percent,0,0.12843926530195626,1.3947590742480893,2.359368585265114
20,2,Noah Galloway,0.08733303608689794,0.04133953895384807,0.15950051057724537,0.06718790989359563,873330.3608689794,671879.0989359564,0.04332380209687202,Percent,0,0.11816097162339731,1.3529928297216762,2.359368585265114
20,2,Redfoo,0.024060753755730774,0.009516966404744968,0.04004738973238839,0.043521808418611245,240607.53755730775,435218.08418611245,0.04332380209687202,Percent,1,0.03053042332764342,1.2688888983942037,2.359368585265114
20,2,Patti LaBelle,0.08735685881404,0.040027116383375215,0.1591267117913065,0.09676992402825692,873568.5881404,967699.2402825692,0.04332380209687202,Percent,0,0.11909959540793127,1.36336856687422,2.359368585265114
20,2,Chris Soules,0.10091901146913047,0.0530574752984772,0.17639985936408462,0.1019901262061371,1009190.1146913047,1019901.2620613709,0.04332380209687202,Percent,0,0.12334238406560741,1.2221917582232351,2.359368585265114
20,3,Suzanne Somers,0.09783113620305954,0.040724313112422555,0.17072874165172008,0.08912810524292251,978311.3620305954,891281.0524292252,0.1976284584980237,Percent,0,0.13000442853929753,1.3288655696429683,2.2773554314571327
20,3,Willow Shields,0.08969298112955326,0.033145594590291864,0.168990191892892,0.10726528459364859,896929.8112955326,1072652.8459364858,0.1976284584980237,Percent,0,0.13584459730260012,1.5145510338917725,2.2773554314571327
20,3,Riker Lynch,0.09404113774648637,0.03111923963809518,0.1839780362771188,0.11381480701401919,940411.3774648637,1138148.0701401918,0.1976284584980237,Percent,0,0.15285879663902363,1.6254460579910928,2.2773554314571327
20,3,Rumer Willis,0.09011063983913643,0.02996303925807061,0.1754112445249731,0.07355411359555294,901106.3983913644,735541.1359555294,0.1976284584980237,Percent,0,0.14544820526690247,1.6141068971050863,2.2773554314571327
20,3,Nastia Liukin,0.08777252971720356,0.034842353575040425,0.17085337821859337,0.11443890615107286,877725.2971720357,1144389.0615107287,0.1976284584980237,Percent,0,0.13601102464355294,1.549585332469853,2.2773554314571327
20,3,Michael Sam,0.10115222075981006,0.043254204134790544,0.17552232463534925,0.08814979589488763,1011522.2075981006,881497.9589488762,0.1976284584980237,Percent,0,0.1322681205005587,1.3076145981474254,2.2773554314571327
20,3,Robert Herjavec,0.09409797421597028,0.0372142604848237,0.182731423265368,0.07615539607549009,940979.7421597028,761553.9607549008,0.1976284584980237,Percent,0,0.1455171627805443,1.5464430981963389,2.2773554314571327
20,3,Charlotte McKinney,0.042681321376276546,0.01927617010727665,0.06690848832901085,0.06152963998945818,426813.21376276546,615296.3998945818,0.1976284584980237,Percent,1,0.04763231822173419,1.1159991463668588,2.2773554314571327
20,3,Noah Galloway,0.09188814799516123,0.033642797841608736,0.17266309127784873,0.10065988106478764,918881.4799516123,1006598.8106478764,0.1976284584980237,Percent,0,0.13902029343624,1.5129295395480244,2.2773554314571327
20,3,Patti LaBelle,0.10144538406986175,0.04894610602647303,0.18232158085766914,0.08483472709150908,1014453.8406986175,848347.2709150908,0.1976284584980237,Percent,0,0.1333754748311961,1.3147515390088647,2.2773554314571327
20,3,Chris Soules,0.10928652694748132,0.0448470146880177,0.19764694783685227,0.09046934328665132,1092865.2694748132,904693.4328665133,0.1976284584980237,Percent,0,0.15279993314883455,1.3981589260519187,2.2773554314571327
20,4,Suzanne Somers,0.11230891328038245,0.05697553780048407,0.19770137742956098,0.1229957173648647,1123089.1328038245,1229957.173648647,0.11353315168029064,Percent,0,0.14072583962907692,1.2530246755905365,2.194387316425303
20,4,Willow Shields,0.09790209750963481,0.03870232911157979,0.1818654428332592,0.09791267754813078,979020.9750963481,979126.7754813078,0.11353315168029064,Percent,0,0.14316311372167942,1.4623089531620133,2.194387316425303
20,4,Riker Lynch,0.10097792825303105,0.04119073901983172,0.18614675084037968,0.0913138116176387,1009779.2825303104,913138.116176387,0.11353315168029064,Percent,0,0.14495601182054796,1.4355217454780453,2.194387316425303
20,4,Rumer Willis,0.09985282678559748,0.042590117841173336,0.19202855841349045,0.09894860155772393,998528.2678559748,989486.0155772393,0.11353315168029064,Percent,0,0.14943844057231712,1.4965869808892756,2.194387316425303
20,4,Nastia Liukin,0.09746849048633774,0.03921294400556857,0.1768909865144666,0.09391527682371895,974684.9048633773,939152.7682371895,0.11353315168029064,Percent,0,0.13767804250889804,1.4125389838493139,2.194387316425303
20,4,Michael Sam,0.04317854936162052,0.020724458135186183,0.06419782197811508,0.07804901858403275,431785.49361620523,780490.1858403275,0.11353315168029064,Percent,1,0.043473363842928894,1.006827799582596,2.194387316425303
20,4,Robert Herjavec,0.10412452024027823,0.04449742280937112,0.19416097842581284,0.07854562119695324,1041245.2024027823,785456.2119695324,0.11353315168029064,Percent,0,0.14966355561644173,1.4373516945967906,2.194387316425303
20,4,Noah Galloway,0.10428221786600199,0.04771759684885751,0.19074313820405225,0.11729775708079669,1042822.1786600199,1172977.5708079669,0.11353315168029064,Percent,0,0.14302554135519474,1.3715237773229583,2.194387316425303
20,4,Patti LaBelle,0.11467056124601183,0.056845856263542396,0.19418872527184214,0.09485000696530439,1146705.6124601183,948500.0696530439,0.11353315168029064,Percent,0,0.13734286900829973,1.1977168988791047,2.194387316425303
20,4,Chris Soules,0.12523389497110402,0.06364500861391853,0.2056621587171058,0.12617151126083592,1252338.9497110401,1261715.1126083592,0.11353315168029064,Percent,0,0.14201715010318727,1.134015277061819,2.194387316425303
20,5,Suzanne Somers,0.05411708499541585,0.0297790846861987,0.08103485614064798,0.10607393276676653,541170.8499541585,1060739.3276676654,0.1232741617357002,Percent,1,0.05125577145444928,0.9471273528275046,2.0956021482834712
20,5,Willow Shields,0.11237440956827562,0.051155854731536984,0.20044506032450918,0.12192820616698823,1123744.095682756,1219282.0616698822,0.1232741617357002,Percent,0,0.1492892055929722,1.3284982423179557,2.0956021482834712
20,5,Riker Lynch,0.10615908626826111,0.04580534934585414,0.19088994147179578,0.08614804830406086,1061590.862682611,861480.4830406087,0.1232741617357002,Percent,0,0.14508459212594163,1.3666714477865496,2.0956021482834712
20,5,Rumer Willis,0.10557041949980032,0.04609768064915146,0.1992934231006821,0.08592340365261557,1055704.1949980033,859234.0365261557,0.1232741617357002,Percent,0,0.15319574245153064,1.4511237444862137,2.0956021482834712
20,5,Nastia Liukin,0.10186792101826932,0.04089611741999212,0.18967737215183178,0.08132385519628901,1018679.2101826932,813238.5519628901,0.1232741617357002,Percent,0,0.14878125473183967,1.4605309821249495,2.0956021482834712
20,5,Robert Herjavec,0.12939885394394024,0.07185498511221983,0.21276646628450147,0.13368293014751195,1293988.5394394023,1336829.3014751195,0.1232741617357002,Percent,0,0.14091148117228164,1.0889700864995995,2.0956021482834712
20,5,Noah Galloway,0.1184823092811776,0.06287915783912251,0.20282295328021654,0.11584903539991324,1184823.092811776,1158490.3539991325,0.1232741617357002,Percent,0,0.13994379544109403,1.1811366295113717,2.0956021482834712
20,5,Patti LaBelle,0.13060938164004937,0.06781091698962265,0.2247924541723296,0.13025517097066255,1306093.8164004937,1302551.7097066254,0.1232741617357002,Percent,0,0.15698153718270696,1.201916242244661,2.0956021482834712
20,5,Chris Soules,0.1414205337848104,0.07209127754599784,0.23668539537329664,0.1388154173951917,1414205.337848104,1388154.173951917,0.1232741617357002,Percent,0,0.1645941178272988,1.1638629371725466,2.0956021482834712
20,6,Willow Shields,0.13004848202744304,0.07054327882230715,0.2147147531284663,0.1589710265696631,1300484.8202744303,1589710.265696631,0.09117432530999271,Percent,0,0.14417147430615915,1.1085979017866263,1.996716483448466
20,6,Riker Lynch,0.11953668373263461,0.060770774211493225,0.20715812362495192,0.10142289598025755,1195366.8373263462,1014228.9598025755,0.09117432530999271,Percent,0,0.1463873494134587,1.2246228090188653,1.996716483448466
20,6,Rumer Willis,0.1230041305112559,0.06740786261106622,0.20006169588873385,0.11910241726825592,1230041.305112559,1191024.1726825591,0.09117432530999271,Percent,0,0.1326538332776676,1.0784502335515365,1.996716483448466
20,6,Nastia Liukin,0.11928928169598384,0.06219640937419482,0.19770406077215372,0.0988148626365127,1192892.8169598384,988148.6263651269,0.09117432530999271,Percent,0,0.1355076513979589,1.1359583147068366,1.996716483448466
20,6,Robert Herjavec,0.1461589560576065,0.08148117921019468,0.23701761438325855,0.15417805332118967,1461589.5605760652,1541780.5332118967,0.09117432530999271,Percent,0,0.15553643517306387,1.06415945603608,1.996716483448466
20,6,Noah Galloway,0.1424814692086617,0.07811764628020737,0.23873804122844403,0.12893435970827924,1424814.692086617,1289343.5970827923,0.09117432530999271,Percent,0,0.16062039494823666,1.1273072620623446,1.996716483448466
20,6,Patti LaBelle,0.06473263940114735,0.03749837001440814,0.09213746946118757,0.10451140692432023,647326.3940114735,1045114.0692432023,0.09117432530999271,Percent,1,0.054639099446779436,0.8440734064338337,1.996716483448466
20,6,Chris Soules,0.15474835736526676,0.07922321873759956,0.25593265050891667,0.13406497759152164,1547483.5736526677,1340649.7759152164,0.09117432530999271,Percent,0,0.1767094317713171,1.141914749726316,1.996716483448466
20,7,Willow Shields,0.06550027324310954,0.03614329131340174,0.09239098462504676,0.10230355990979031,655002.7324310954,1023035.5990979031,0.10158472165786266,Percent,1,0.05624769331164502,0.8587398269756398,1.863073178185995
20,7,Riker Lynch,0.14239236992941687,0.07793347372128584,0.2302953547231285,0.1528450674764556,1423923.6992941687,1528450.6747645559,0.10158472165786266,Percent,0,0.15236188100184267,1.0700143629702044,1.863073178185995
20,7,Rumer Willis,0.14588347903126134,0.08276695767601788,0.22972865706226317,0.15259474783183888,1458834.7903126134,1525947.4783183888,0.10158472165786266,Percent,0,0.1469616993862453,1.0073909695747858,1.863073178185995
20,7,Nastia Liukin,0.1361383822705821,0.0713386937457994,0.2233301018987532,0.13666686896102015,1361383.822705821,1366668.6896102014,0.10158472165786266,Percent,0,0.1519914081529538,1.1164478791209889,1.863073178185995
20,7,Robert Herjavec,0.1727444439150896,0.10389647739390671,0.26486172438908034,0.14906879299631443,1727444.4391508962,1490687.9299631442,0.10158472165786266,Percent,0,0.16096524699517362,0.93181142818286,1.863073178185995
20,7,Noah Galloway,0.15761501519177748,0.09034150911690803,0.2528780362211689,0.13241181702458776,1576150.1519177747,1324118.1702458777,0.10158472165786266,Percent,0,0.16253652710426086,1.031224892542726,1.863073178185995
20,7,Chris Soules,0.17972603641876259,0.10798646025892203,0.2737205266839357,0.17410914579999281,1797260.364187626,1741091.4579999282,0.10158472165786266,Percent,0,0.16573406642501368,0.9221483415950511,1.863073178185995
20,8,Riker Lynch,0.17884885810419554,0.11794051530911986,0.2683162327437275,0.1583013972284866,1788488.5810419554,1583013.972284866,0.05650355972426263,Percent,0,0.15037571743460765,0.840797749723402,1.747303063498752
20,8,Rumer Willis,0.17716405735172228,0.11338852351508251,0.2610331186100132,0.17396593000121363,1771640.5735172227,1739659.3000121363,0.05650355972426263,Percent,0,0.14764459509493072,0.8333778154663346,1.747303063498752
20,8,Nastia Liukin,0.1778095673580926,0.11958233818379282,0.2590706903913903,0.15527868276356896,1778095.6735809261,1552786.8276356896,0.05650355972426263,Percent,0,0.13948835220759748,0.7844817029821595,1.747303063498752
20,8,Robert Herjavec,0.12772720030662305,0.08528543338715977,0.16654889823972938,0.1556538820019458,1277272.0030662306,1556538.820019458,0.05650355972426263,Percent,1,0.0812634648525696,0.6362267759528731,1.747303063498752
20,8,Noah Galloway,0.21251468450234381,0.15018891565172063,0.3022786903703814,0.1868058116537577,2125146.8450234383,1868058.116537577,0.05650355972426263,Percent,0,0.15208977471866078,0.7156671317787613,1.747303063498752
20,8,Chris Soules,0.1259356323770226,0.08094878657584707,0.16533824690657664,0.1699942963510273,1259356.323770226,1699942.963510273,0.05650355972426263,Percent,1,0.08438946033072957,0.670099945010692,1.747303063498752
20,9,Riker Lynch,0.2705384891178925,0.18980329879612784,0.3682146832614682,0.2432551827679115,2705384.891178925,2432551.827679115,0.2569373072970195,Percent,0,0.17841138446534038,0.6594676603948729,1.344387103726423
20,9,Rumer Willis,0.26395274578659617,0.18169303687059568,0.35819807322864444,0.24099179594113151,2639527.457865962,2409917.959411315,0.2569373072970195,Percent,0,0.17650503635804876,0.6686993758373394,1.344387103726423
20,9,Nastia Liukin,0.1667029007826754,0.11368746787779721,0.21454016066285814,0.22794303600668422,1667029.0078267541,2279430.3600668423,0.2569373072970195,Percent,1,0.10085269278506093,0.6049846302107181,1.344387103726423
20,9,Noah Galloway,0.2988058643128359,0.21315992668643383,0.4123305594147616,0.28780998528427276,2988058.643128359,2878099.8528427277,0.2569373072970195,Percent,0,0.19917063272832777,0.666555300667745,1.344387103726423
21,1,Gary Busey,0.07544428032528458,0.02912334637138224,0.13482169086675455,0.07272594988142583,754442.8032528458,727259.4988142584,1.0,Percent,0,0.10569834449537231,1.4010120321864654,2.4752695625240193
21,1,Alexa PenaVega,0.07911369807764464,0.027556358377658546,0.14330253781292018,0.08300281139728934,791136.9807764464,830028.1139728933,1.0,Percent,0,0.11574617943526164,1.4630358869290214,2.4752695625240193
21,1,Carlos PenaVega,0.07615969474241605,0.031947263764296435,0.13397503366630914,0.06210843351906612,761596.9474241604,621084.3351906613,1.0,Percent,0,0.1020277699020127,1.3396557095861075,2.4752695625240193
21,1,Victor Espinoza,0.08036636802286541,0.03074526202530431,0.14541375235477214,0.05391967886540959,803663.6802286541,539196.7886540958,1.0,Percent,0,0.11466849032946783,1.4268218553418135,2.4752695625240193
21,1,Alek Skarlatos,0.07847481717635398,0.030537716351129045,0.13936378344696645,0.08556128667457025,784748.1717635398,855612.8667457025,1.0,Percent,0,0.1088260670958374,1.3867642004348482,2.4752695625240193
21,1,Chaka Khan,0.07365987009247274,0.03089256765115834,0.12841765820516457,0.09267041098102081,736598.7009247274,926704.1098102082,1.0,Percent,0,0.09752509055400624,1.3239921606102896,2.4752695625240193
21,1,Andy Grammer,0.07718528722123216,0.03223489618716019,0.1384411653324853,0.0871774837873151,771852.8722123216,871774.8378731511,1.0,Percent,0,0.1062062691453251,1.3759911113747834,2.4752695625240193
21,1,Tamar Braxton,0.07550058822845539,0.030717266813821427,0.13872707274570978,0.08616514683024352,755005.8822845538,861651.4683024352,1.0,Percent,0,0.10800980593188836,1.4305823102339827,2.4752695625240193
21,1,Nick Carter,0.07865972017719114,0.035512431973808774,0.13700620515516476,0.08598216798652217,786597.2017719114,859821.6798652217,1.0,Percent,0,0.101493773181356,1.2902890189887304,2.4752695625240193
21,1,Hayes Grier,0.07439354395777117,0.028350150719208284,0.13081652479680592,0.08639238795825878,743935.4395777117,863923.8795825877,1.0,Percent,0,0.10246637407759764,1.3773557304349118,2.4752695625240193
21,1,Bindi Irwin,0.07517870256039937,0.03229796966619097,0.13714707509579854,0.09286993888932245,751787.0256039937,928699.3888932245,1.0,Percent,0,0.10484910542960757,1.3946650029690348,2.4752695625240193
21,1,Kim Zolciak-Biermann,0.07647276263455134,0.030496782158038947,0.1342406863675045,0.051014759771872316,764727.6263455134,510147.5977187232,1.0,Percent,0,0.10374390420946555,1.3566124805146345,2.4752695625240193
21,1,Paula Deen,0.0793906667833623,0.03468202215297421,0.14026258250728155,0.06040954345768394,793906.667833623,604095.4345768394,1.0,Percent,0,0.10558056035430734,1.329886303164714,2.4752695625240193
21,2,Gary Busey,0.09913473398357277,0.054818002838140575,0.17462562589760883,0.09362244805422133,991347.3398357277,936224.4805422133,0.016377870221756363,Percent,0,0.11980762305946825,1.2085332581748907,2.4230897558542575
21,2,Alexa PenaVega,0.0881866703462253,0.03376400775921894,0.1713676678433232,0.09242814370014729,881866.703462253,924281.4370014729,0.016377870221756363,Percent,0,0.13760366008410424,1.5603680187024338,2.4230897558542575
21,2,Carlos PenaVega,0.0862014605386239,0.036704686248096495,0.16044674377754647,0.05697938105454999,862014.605386239,569793.8105454999,0.016377870221756363,Percent,0,0.12374205752944997,1.4354983866428275,2.4230897558542575
21,2,Victor Espinoza,0.037120521270272266,0.01443791421956969,0.06018253746086016,0.0691113145886393,371205.21270272264,691113.1458863929,0.016377870221756363,Percent,1,0.045744623241290465,1.2323270707387601,2.4230897558542575
21,2,Alek Skarlatos,0.08775866941769003,0.038752167303741356,0.16646953957204985,0.08647268358569869,877586.6941769003,864726.8358569869,0.016377870221756363,Percent,0,0.12771737226830848,1.455324848425331,2.4230897558542575
21,2,Chaka Khan,0.04185437624042833,0.015827041695944555,0.06729385992285393,0.07291468640319196,418543.7624042833,729146.8640319196,0.016377870221756363,Percent,1,0.05146681822690938,1.2296639646775125,2.4230897558542575
21,2,Andy Grammer,0.0855655615126317,0.03756183278514311,0.15958901352678623,0.06367412928442756,855655.615126317,636741.2928442756,0.016377870221756363,Percent,0,0.12202718074164312,1.4261249337284925,2.4230897558542575
21,2,Tamar Braxton,0.08170076124075058,0.030120098437102692,0.1638080997858162,0.06386330593437621,817007.6124075059,638633.0593437621,0.016377870221756363,Percent,0,0.1336880013487135,1.6363127995193367,2.4230897558542575
21,2,Nick Carter,0.08980928384686482,0.035646495630411196,0.17383104859607382,0.11597575066480653,898092.8384686481,1159757.5066480653,0.016377870221756363,Percent,0,0.13818455296566262,1.538644414549427,2.4230897558542575
21,2,Hayes Grier,0.08244644999774242,0.0361008466413774,0.15517218034565977,0.06849783248344389,824464.4999774242,684978.3248344389,0.016377870221756363,Percent,0,0.11907133370428237,1.4442263276046794,2.4230897558542575
21,2,Bindi Irwin,0.0840266483642406,0.034839493084464705,0.16985063450046742,0.05725576353508053,840266.4836424061,572557.6353508052,0.016377870221756363,Percent,0,0.1350111414160027,1.606765758771591,2.4230897558542575
21,2,Kim Zolciak-Biermann,0.036706105923453636,0.015390119552541494,0.059509040221346454,0.07129696749551488,367061.05923453637,712969.6749551488,0.016377870221756363,Percent,1,0.04411892066880496,1.2019504537149732,2.4230897558542575
21,2,Paula Deen,0.09948875731750365,0.049220820399867256,0.18020201501386007,0.08790759321590189,994887.5731750365,879075.9321590188,0.016377870221756363,Percent,0,0.13098119461399282,1.3165426742238395,2.4230897558542575
21,3,Gary Busey,0.10953327624834953,0.04432674276785159,0.19511090567616182,0.12566549919731118,1095332.7624834953,1256654.9919731119,1.0,Percent,0,0.15078416290831023,1.3766059783186873,2.195513512643163
21,3,Alexa PenaVega,0.10199958392555857,0.0374656540073893,0.1877865736521125,0.08472691154589375,1019995.8392555857,847269.1154589375,1.0,Percent,0,0.1503209196447232,1.4737405179459413,2.195513512643163
21,3,Carlos PenaVega,0.09591726866263205,0.0348154190960255,0.17822369210247757,0.10788925618150273,959172.6866263205,1078892.5618150274,1.0,Percent,0,0.14340827300645206,1.4951246527969766,2.195513512643163
21,3,Alek Skarlatos,0.09901003540468695,0.03846169070863182,0.17927919937046183,0.1028399844543228,990100.3540468694,1028399.8445432279,1.0,Percent,0,0.14081750866183002,1.4222549066492303,2.195513512643163
21,3,Andy Grammer,0.09998443299922992,0.03794863849196421,0.18448548646811588,0.10145758648219023,999844.3299922992,1014575.8648219024,1.0,Percent,0,0.14653684797615169,1.4655966292000706,2.195513512643163
21,3,Tamar Braxton,0.09338400287706024,0.03374081875992263,0.17692951358508843,0.07055617945068975,933840.0287706024,705561.7945068975,1.0,Percent,0,0.1431886948251658,1.5333321598312004,2.195513512643163
21,3,Nick Carter,0.09917351678572787,0.04098783883314943,0.1806386708726255,0.0956504179992126,991735.1678572787,956504.1799921261,1.0,Percent,0,0.13965083203947606,1.4081464141400026,2.195513512643163
21,3,Hayes Grier,0.09479008406413987,0.0351396273444259,0.1810715009274353,0.09320048905803108,947900.8406413987,932004.8905803107,1.0,Percent,0,0.1459318735830094,1.5395267872561897,2.195513512643163
21,3,Bindi Irwin,0.09427392392317552,0.028927492800061304,0.19254615312354004,0.08974004755186321,942739.2392317551,897400.4755186321,1.0,Percent,0,0.16361866032347874,1.735566459043465,2.195513512643163
21,3,Paula Deen,0.11193387510943931,0.045220977177539146,0.20912383368979642,0.12827362807898282,1119338.751094393,1282736.2807898282,1.0,Percent,0,0.16390285651225728,1.4642828755102704,2.195513512643163
21,4,Gary Busey,0.06062804668944111,0.03366204228338863,0.08920744370023038,0.09460447826502084,606280.4668944111,946044.7826502084,0.27901785714285715,Percent,1,0.05554540141684176,0.9161667652161959,2.2004922648261744
21,4,Alexa PenaVega,0.1094888260821187,0.052871932086191696,0.18465227569462034,0.09229827888264315,1094888.260821187,922982.7888264315,0.27901785714285715,Percent,0,0.13178034360842864,1.2035962784877323,2.2004922648261744
21,4,Carlos PenaVega,0.10228293065515238,0.04237365968419119,0.18917809675292344,0.10030753370414836,1022829.3065515239,1003075.3370414835,0.27901785714285715,Percent,0,0.14680443706873225,1.4352779699252503,2.2004922648261744
21,4,Alek Skarlatos,0.10262667002646546,0.041209447849052755,0.18857369550384442,0.07977709001495488,1026266.7002646546,797770.9001495488,0.27901785714285715,Percent,0,0.14736424765479167,1.4359254530697454,2.2004922648261744
21,4,Andy Grammer,0.10850851222466423,0.04242669450971551,0.19120292515251736,0.11310623163117846,1085085.1222466424,1131062.3163117846,0.27901785714285715,Percent,0,0.14877623064280185,1.3711019310149999,2.2004922648261744
21,4,Tamar Braxton,0.098902316572681,0.03637948233712135,0.1886990393499522,0.09848620332151399,989023.16572681,984862.0332151399,0.27901785714285715,Percent,0,0.15231955701283084,1.540101003608897,2.2004922648261744
21,4,Nick Carter,0.10198480717108242,0.03913463698277049,0.18442754149236512,0.10089066022093773,1019848.0717108243,1008906.6022093773,0.27901785714285715,Percent,0,0.14529290450959464,1.424652441278451,2.2004922648261744
21,4,Hayes Grier,0.09798374962457457,0.04112102031949388,0.1821020736958666,0.08021642771051529,979837.4962457457,802164.277105153,0.27901785714285715,Percent,0,0.1409810533763727,1.438820762795286,2.2004922648261744
21,4,Bindi Irwin,0.09581912722411844,0.038500419374599935,0.1811333476968702,0.10643537469723868,958191.2722411844,1064353.7469723867,0.27901785714285715,Percent,0,0.14263292832227026,1.488564261169438,2.2004922648261744
21,4,Paula Deen,0.12177501372970186,0.0570464951794837,0.20708319150064416,0.13387772155184843,1217750.1372970187,1338777.2155184844,0.27901785714285715,Percent,0,0.15003669632116046,1.2320811283519104,2.2004922648261744
21,5,Alexa PenaVega,0.12157281390695258,0.05253922755253043,0.21616181151430555,0.10730893229063317,1215728.1390695258,1073089.3229063316,1.0,Percent,0,0.16362258396177512,1.3458813586975613,2.096559053144515
21,5,Carlos PenaVega,0.10766097290084337,0.04309632712794586,0.19029206347311234,0.08325253027115,1076609.7290084336,832525.3027115,1.0,Percent,0,0.14719573634516647,1.3672153648540306,2.096559053144515
21,5,Alek Skarlatos,0.10422545006894499,0.03786101730566399,0.18960559869129104,0.1262238415732947,1042254.5006894498,1262238.415732947,1.0,Percent,0,0.15174458138562705,1.4559263719681539,2.096559053144515
21,5,Andy Grammer,0.11554287733627526,0.04491149226240202,0.20540808229944454,0.10148512262425716,1155428.7733627525,1014851.2262425716,1.0,Percent,0,0.16049659003704253,1.3890652001848134,2.096559053144515
21,5,Tamar Braxton,0.10573294204753042,0.03859451628436647,0.186341960525786,0.10758145963730704,1057329.4204753041,1075814.5963730705,1.0,Percent,0,0.14774744424141953,1.3973643538170177,2.096559053144515
21,5,Nick Carter,0.10377267246732627,0.04013103625176132,0.19167247595688158,0.14317809150830377,1037726.7246732627,1431780.9150830377,1.0,Percent,0,0.15154143970512027,1.4603212589791827,2.096559053144515
21,5,Hayes Grier,0.10622166665955483,0.04054772625042489,0.19160701358679735,0.10477788144986253,1062216.6665955484,1047778.8144986252,1.0,Percent,0,0.15105928733637247,1.4221136994632575,2.096559053144515
21,5,Bindi Irwin,0.10101216075388104,0.03778232380291861,0.19287253016571979,0.1004264021023018,1010121.6075388105,1004264.021023018,1.0,Percent,0,0.1550902063628012,1.5353617347190782,2.096559053144515
21,5,Paula Deen,0.13425844385869115,0.05609902512718732,0.23382695860510752,0.1257657385428899,1342584.4385869114,1257657.385428899,1.0,Percent,0,0.1777279334779202,1.323774716657533,2.096559053144515
21,6,Alexa PenaVega,0.13004284841297598,0.06265809883052159,0.22688678913691548,0.10259696168357332,1300428.4841297597,1025969.6168357332,0.2071251035625518,Percent,0,0.1642286903063939,1.262881368030745,2.1054452207714904
21,6,Carlos PenaVega,0.1127370852788197,0.05038945824287292,0.20400723330516207,0.11144585483520159,1127370.852788197,1114458.548352016,0.2071251035625518,Percent,0,0.15361777506228916,1.3626197154411428,2.1054452207714904
21,6,Alek Skarlatos,0.11840675759979698,0.06053956634519147,0.20181106295870824,0.09544634236388799,1184067.5759979698,954463.4236388799,0.2071251035625518,Percent,0,0.14127149661351676,1.1931033285363688,2.1054452207714904
21,6,Andy Grammer,0.12219245989751672,0.049995023899110896,0.22088882514397887,0.1178243770648447,1221924.5989751671,1178243.7706484469,0.2071251035625518,Percent,0,0.17089380124486797,1.3985625740589662,2.1054452207714904
21,6,Tamar Braxton,0.11451342669891755,0.04915330811087078,0.21525596278468934,0.12519769851874987,1145134.2669891755,1251976.9851874986,0.2071251035625518,Percent,0,0.16610265467381857,1.4505081147430956,2.1054452207714904
21,6,Nick Carter,0.10977467465725495,0.04233750498176512,0.21152851369736617,0.11729156733229791,1097746.7465725495,1172915.6733229791,0.2071251035625518,Percent,0,0.16919100871560105,1.541257209314073,2.1054452207714904
21,6,Hayes Grier,0.11532357709714157,0.05944792472844681,0.19400460128219116,0.10411531907345441,1153235.7709714158,1041153.1907345441,0.2071251035625518,Percent,0,0.13455667655374434,1.1667750857259829,2.1054452207714904
21,6,Bindi Irwin,0.10548801333682722,0.04476685587146888,0.19528685880086968,0.11787542496153323,1054880.1333682723,1178754.2496153323,0.2071251035625518,Percent,0,0.15052000292940082,1.4268920057180785,2.1054452207714904
21,6,Paula Deen,0.0715211570207494,0.03946402029342861,0.10111548949539338,0.10820645416645684,715211.5702074941,1082064.5416645685,0.2071251035625518,Percent,1,0.06165146920196477,0.862003241699218,2.1054452207714904
21,7,Alexa PenaVega,0.14904909438593722,0.0775241107383394,0.24441644403764698,0.15585949286753434,1490490.9438593723,1558594.9286753433,0.11870845204178537,Percent,0,0.16689233329930758,1.1197138364837584,1.9953304253271362
21,7,Carlos PenaVega,0.12951053053868836,0.06636806497048323,0.2116007442609566,0.1350367053228708,1295105.3053868837,1350367.053228708,0.11870845204178537,Percent,0,0.14523267929047337,1.12139668246582,1.9953304253271362
21,7,Alek Skarlatos,0.1418795394896553,0.07857786993775753,0.23499666303226172,0.15537569913423072,1418795.394896553,1553756.991342307,0.11870845204178537,Percent,0,0.15641879309450418,1.1024760416980983,1.9953304253271362
21,7,Andy Grammer,0.13735662572246865,0.07213745864800189,0.21854828109163332,0.14488178521269027,1373566.2572246864,1448817.8521269027,0.11870845204178537,Percent,0,0.14641082244363143,1.0659174369895845,1.9953304253271362
21,7,Tamar Braxton,0.13277435666509146,0.06934946503461568,0.21803226325573533,0.10708959727818913,1327743.5666509147,1070895.9727818912,0.11870845204178537,Percent,0,0.14868279822111963,1.1198156176810212,1.9953304253271362
21,7,Nick Carter,0.1319973380344146,0.06844101968463534,0.21569114976655818,0.10759443203373886,1319973.380344146,1075944.3203373887,0.11870845204178537,Percent,0,0.14725013008192284,1.1155537852099071,1.9953304253271362
21,7,Hayes Grier,0.05738353120953178,0.030690485845806657,0.08362808745213748,0.09719119032422945,573835.3120953179,971911.9032422944,0.11870845204178537,Percent,1,0.05293760160633083,0.9225225511659962,1.9953304253271362
21,7,Bindi Irwin,0.12004898395421268,0.06242121549384639,0.19490742838992858,0.09697109782651653,1200489.8395421267,969710.9782651652,0.11870845204178537,Percent,0,0.1324862128960822,1.1036012845107723,1.9953304253271362
21,8,Alexa PenaVega,0.1720486859655188,0.09142750221082621,0.26958720138015796,0.17799656931127308,1720486.8596551882,1779965.6931127307,0.24521824423737126,Percent,0,0.17815969916933175,1.0355190925726552,1.8722014176594002
21,8,Carlos PenaVega,0.14698148788914844,0.07613595367670294,0.23703506644527894,0.13624173291790231,1469814.8788914843,1362417.3291790232,0.24521824423737126,Percent,0,0.160899112768576,1.094689644793391,1.8722014176594002
21,8,Alek Skarlatos,0.16235040862385544,0.09399996883036879,0.2645075617646981,0.14011935754067328,1623504.0862385544,1401193.5754067327,0.24521824423737126,Percent,0,0.1705075929343293,1.0502443103138286,1.8722014176594002
21,8,Andy Grammer,0.08408455756658266,0.04878502382949195,0.11860122987904997,0.12713171884359947,840845.5756658266,1271317.1884359948,0.24521824423737126,Percent,1,0.06981620604955802,0.8303094892813558,1.8722014176594002
21,8,Tamar Braxton,0.14825991914734102,0.08250224566095223,0.25298608058998456,0.1534584498500353,1482599.1914734102,1534584.498500353,0.24521824423737126,Percent,0,0.17048383492903235,1.1498983400874863,1.8722014176594002
21,8,Nick Carter,0.14730019318114257,0.07089343726452965,0.2528237868150164,0.14840587845883949,1473001.9318114256,1484058.784588395,0.24521824423737126,Percent,0,0.18193034955048673,1.2350991918032157,1.8722014176594002
21,8,Bindi Irwin,0.13897474762641124,0.07618438615484713,0.22115315782583614,0.11664629307767706,1389747.4762641124,1166462.9307767705,0.24521824423737126,Percent,0,0.144968771670989,1.0431303106999754,1.8722014176594002
21,9,Alexa PenaVega,0.10541557835878458,0.06560026195699108,0.13995912089392665,0.14489258002388808,1054155.7835878457,1448925.8002388808,0.03859215807347947,Percent,1,0.07435885893693557,0.7053877623651916,1.7334472234230605
21,9,Carlos PenaVega,0.19557327419946538,0.1357929741709744,0.28561955717921533,0.1650438814643053,1955732.7419946538,1650438.8146430529,0.03859215807347947,Percent,0,0.14982658300824092,0.7660892502900608,1.7334472234230605
21,9,Alek Skarlatos,0.20683157230892207,0.14658432702943722,0.2892715071017029,0.1880522654085454,2068315.7230892207,1880522.6540854538,0.03859215807347947,Percent,0,0.1426871800722657,0.6898713696337868,1.7334472234230605
21,9,Tamar Braxton,0.11847770335758613,0.06564259943642803,0.16101057274201466,0.17597545179295618,1184777.0335758612,1759754.5179295617,0.03859215807347947,Percent,1,0.09536797330558663,0.8049444798718765,1.7334472234230605
21,9,Nick Carter,0.19466728906554442,0.13234467483288936,0.28845543719428307,0.1677720090196706,1946672.8906554442,1677720.090196706,0.03859215807347947,Percent,0,0.1561107623613937,0.8019362837524863,1.7334472234230605
21,9,Bindi Irwin,0.17903458270969727,0.11874410783142537,0.2715436333570501,0.15826381229063444,1790345.8270969726,1582638.1229063445,0.03859215807347947,Percent,0,0.15279952552562476,0.8534637454563044,1.7334472234230605
21,10,Carlos PenaVega,0.2530929084696663,0.15269578084161403,0.3626494902295026,0.24660719334379302,2530929.084696663,2466071.9334379304,1.0,Percent,0,0.20995370938788857,0.8295519248539196,1.3488140177682857
21,10,Alek Skarlatos,0.2603696198229305,0.15468696051918535,0.3842601981226844,0.2547880224945697,2603696.198229305,2547880.224945697,1.0,Percent,0,0.22957323760349907,0.8817205239214347,1.3488140177682857
21,10,Nick Carter,0.2525230935586237,0.15187134977173872,0.3672639594083161,0.25636637182533095,2525230.935586237,2563663.7182533094,1.0,Percent,0,0.21539260963657736,0.8529620265663884,1.3488140177682857
21,10,Bindi Irwin,0.23401437814877965,0.1262812081018214,0.3566041493189408,0.2422384123363063,2340143.7814877965,2422384.123363063,1.0,Percent,0,0.2303229412171194,0.9842255977565902,1.3488140177682857
22,1,Mischa Barton,0.0819173306053121,0.031084300182218888,0.14490373917913432,0.09949841665607123,819173.306053121,994984.1665607123,1.0,Percent,0,0.11381943899691543,1.3894427242180494,2.398303912711118
22,1,Kim Fields,0.0848969834133743,0.033946203094363504,0.1464639343303925,0.09047815823804055,848969.8341337431,904781.5823804055,1.0,Percent,0,0.11251773123602901,1.3253442785848555,2.398303912711118
22,1,Jodie Sweetin,0.08508741936426172,0.03752324608543713,0.1469794081174947,0.06849147109057188,850874.1936426172,684914.7109057188,1.0,Percent,0,0.10945616203205755,1.286396541931452,2.398303912711118
22,1,Doug Flutie,0.08468317671271032,0.033096866666517975,0.15195120564505663,0.08648946865464006,846831.7671271032,864894.6865464007,1.0,Percent,0,0.11885433897853864,1.4035177185399503,2.398303912711118
22,1,Von Miller,0.08407948277877478,0.03246752960651441,0.14967207795639403,0.09582836099588476,840794.8277877477,958283.6099588476,1.0,Percent,0,0.11720454834987962,1.3939732319507918,2.398303912711118
22,1,Antonio Brown,0.08275913169429665,0.03632109102407489,0.14642004642915035,0.0576050630947129,827591.3169429664,576050.630947129,1.0,Percent,0,0.11009895540507547,1.3303541633540719,2.398303912711118
22,1,Paige VanZant,0.0832455973815291,0.03327339515224905,0.14667018209515317,0.08376122234712727,832455.9738152911,837612.2234712726,1.0,Percent,0,0.11339678694290412,1.3621956056509132,2.398303912711118
22,1,Geraldo Rivera,0.08255131055541629,0.0340732435631586,0.14362663024109218,0.08934929702754354,825513.1055541629,893492.9702754355,1.0,Percent,0,0.10955338667793357,1.3270944572635335,2.398303912711118
22,1,Nyle DiMarco,0.08303854092328186,0.03399868416879713,0.149881286635919,0.06389001914982911,830385.4092328186,638900.1914982911,1.0,Percent,0,0.11588260246712186,1.395527922078787,2.398303912711118
22,1,Ginger Zee,0.0828412904785191,0.031706955288739076,0.145044204496542,0.07034582507635231,828412.9047851909,703458.2507635232,1.0,Percent,0,0.11333724920780294,1.3681251046806364,2.398303912711118
22,1,Wanya Morris,0.08378868565905466,0.03510898503841617,0.15200854674180903,0.09099574508933474,837886.8565905466,909957.4508933474,1.0,Percent,0,0.11689956170339286,1.395171206994104,2.398303912711118
22,1,Marla Maples,0.0811110504334695,0.03489338219226802,0.13419607610062628,0.10326695257989192,811110.504334695,1032669.5257989193,1.0,Percent,0,0.09930269390835826,1.224280703771803,2.398303912711118
22,2,Mischa Barton,0.08597646327643697,0.03677296918280024,0.15741142536173103,0.08683955038517352,859764.6327643697,868395.5038517351,0.32530904359141183,Percent,0,0.12063845617893079,1.4031567661843263,2.3597426762708387
22,2,Kim Fields,0.0863617565300677,0.030927244698059148,0.16367232425601652,0.11186420001521184,863617.565300677,1118642.0001521185,0.32530904359141183,Percent,0,0.13274507955795736,1.537081746498994,2.3597426762708387
22,2,Jodie Sweetin,0.08777941250441185,0.033409236327478775,0.16640881931455345,0.04959745743259311,877794.1250441185,495974.57432593114,0.32530904359141183,Percent,0,0.13299958298707468,1.515156905161447,2.3597426762708387
22,2,Doug Flutie,0.08754563010638163,0.03207965903134178,0.16674438634863437,0.10124661082043679,875456.3010638163,1012466.1082043679,0.32530904359141183,Percent,0,0.1346647273172926,1.5382232917126064,2.3597426762708387
22,2,Von Miller,0.08871974913317299,0.02943243771143241,0.17058108485029408,0.10204153474817527,887197.4913317299,1020415.3474817527,0.32530904359141183,Percent,0,0.14114864713886166,1.5909495745641724,2.3597426762708387
22,2,Antonio Brown,0.08629480812440744,0.032463949069753126,0.16351064908302546,0.08587370304214743,862948.0812440744,858737.0304214744,0.32530904359141183,Percent,0,0.13104670001327234,1.518593098026802,2.3597426762708387
22,2,Paige VanZant,0.09184621611032172,0.02869851787106484,0.1791109159436993,0.09296901288381995,918462.1611032172,929690.1288381995,0.32530904359141183,Percent,0,0.15041239807263446,1.637654815218142,2.3597426762708387
22,2,Geraldo Rivera,0.041974240943966366,0.016182317758945002,0.0665099552498795,0.07285583977692747,419742.40943966364,728558.3977692748,0.32530904359141183,Percent,1,0.050327637490934496,1.1990124504721722,2.3597426762708387
22,2,Nyle DiMarco,0.08828245707935965,0.03143935253559688,0.17089334195069206,0.06900691346363713,882824.5707935966,690069.1346363713,0.32530904359141183,Percent,0,0.13945398941509518,1.5796342107893073,2.3597426762708387
22,2,Ginger Zee,0.083345803155326,0.028401064576970027,0.16276062864644494,0.07412521644431984,833458.0315532599,741252.1644431984,0.32530904359141183,Percent,0,0.1343595640694749,1.612073541592466,2.3597426762708387
22,2,Wanya Morris,0.08587428176524112,0.02769757678985426,0.16677311979751883,0.059557977619200356,858742.8176524112,595579.7761920035,0.32530904359141183,Percent,0,0.13907554300766456,1.6195249631066777,2.3597426762708387
22,2,Marla Maples,0.0859991812709063,0.03180855804920528,0.1632724323957434,0.09402198336835718,859991.8127090631,940219.8336835718,0.32530904359141183,Percent,0,0.1314638743465381,1.5286642547492786,2.3597426762708387
22,3,Mischa Barton,0.04039537578500416,0.017519645081055878,0.06234354712034058,0.06434319161942251,403953.7578500416,643431.9161942251,0.19546520719311963,Percent,1,0.0448239020392847,1.109629534772753,2.2775682415409637
22,3,Kim Fields,0.09469679869091735,0.038880052422051246,0.1854347221603144,0.10817532717919265,946967.9869091735,1081753.2717919266,0.19546520719311963,Percent,0,0.14655466973826314,1.5476201071654563,2.2775682415409637
22,3,Jodie Sweetin,0.09414635100995085,0.036555836367454124,0.1733058930203741,0.09182494946237545,941463.5100995085,918249.4946237544,0.19546520719311963,Percent,0,0.13675005665291998,1.452526361201892,2.2775682415409637
22,3,Doug Flutie,0.09701521252255171,0.04140557581205887,0.18537871212396442,0.07504742311269683,970152.1252255171,750474.2311269683,0.19546520719311963,Percent,0,0.14397313631190556,1.4840263971842378,2.2775682415409637
22,3,Von Miller,0.10184958036345591,0.043779501592428466,0.18669331601106737,0.08129120098372504,1018495.8036345592,812912.0098372503,0.19546520719311963,Percent,0,0.1429138144186389,1.403185107966503,2.2775682415409637
22,3,Antonio Brown,0.09996861160112705,0.045781407545865536,0.18144731011660936,0.0921847623936059,999686.1160112706,921847.6239360591,0.19546520719311963,Percent,0,0.13566590257074382,1.3570849929580728,2.2775682415409637
22,3,Paige VanZant,0.1001614882356242,0.03774785940393798,0.18307399926010923,0.10921809219420225,1001614.8823562419,1092180.9219420226,0.19546520719311963,Percent,0,0.14532613985617124,1.4509183361403315,2.2775682415409637
22,3,Nyle DiMarco,0.09336197146800208,0.033089598261088767,0.17188425168825952,0.06661897116583869,933619.7146800208,666189.7116583869,0.19546520719311963,Percent,0,0.13879465342717076,1.4866294192891996,2.2775682415409637
22,3,Ginger Zee,0.09627867774205945,0.04064794954325916,0.18114242717375592,0.09243211918381099,962786.7774205945,924321.1918381099,0.19546520719311963,Percent,0,0.14049447763049677,1.459248100673921,2.2775682415409637
22,3,Wanya Morris,0.08886750250916568,0.03099981394232317,0.17252295891925257,0.09112856854130237,888675.0250916568,911285.6854130237,0.19546520719311963,Percent,0,0.1415231449769294,1.59251853580934,2.2775682415409637
22,3,Marla Maples,0.09325843007214155,0.03689234387250958,0.17866028866617753,0.12773539416382748,932584.3007214154,1277353.9416382748,0.19546520719311963,Percent,0,0.14176794479366794,1.5201622489677458,2.2775682415409637
22,4,Kim Fields,0.10473397556738337,0.04493683658631516,0.1905462412982176,0.07644068708585995,1047339.7556738337,764406.8708585995,0.1707067258449983,Percent,0,0.14560940471190242,1.3902785979724486,2.1951062893534394
22,4,Jodie Sweetin,0.11206232874562438,0.05736257282018951,0.189428552676442,0.113282079493518,1120623.2874562438,1132820.7949351799,0.1707067258449983,Percent,0,0.1320659798562525,1.1785046887258195,2.1951062893534394
22,4,Doug Flutie,0.11758612910816763,0.061514247372885536,0.1997496319008167,0.09003914938790458,1175861.2910816763,900391.4938790458,0.1707067258449983,Percent,0,0.13823538452793116,1.1756096197432289,2.1951062893534394
22,4,Von Miller,0.11378466828942235,0.05437591645476231,0.20532720960547926,0.10807456993316233,1137846.6828942236,1080745.6993316233,0.1707067258449983,Percent,0,0.15095129315071695,1.326640007129587,2.1951062893534394
22,4,Antonio Brown,0.10526426296231059,0.0439089536563386,0.19020830865720592,0.09352965654603282,1052642.629623106,935296.5654603282,0.1707067258449983,Percent,0,0.14629935500086733,1.3898292818831512,2.1951062893534394
22,4,Paige VanZant,0.10181765963970277,0.04016578150066004,0.18151010850727894,0.10973092559620223,1018176.5963970277,1097309.2559620223,0.1707067258449983,Percent,0,0.14134432700661892,1.388210331162465,2.1951062893534394
22,4,Nyle DiMarco,0.10008432705910457,0.03900121668357077,0.17511744260997586,0.13275030531328985,1000843.2705910457,1327503.0531328984,0.1707067258449983,Percent,0,0.1361162259264051,1.360015398275316,2.1951062893534394
22,4,Ginger Zee,0.10692870162694215,0.04291423752709045,0.19245786171961782,0.11903634034749971,1069287.0162694214,1190363.403474997,0.1707067258449983,Percent,0,0.14954362419252737,1.3985358647135,2.1951062893534394
22,4,Wanya Morris,0.09318494300527616,0.03607557313569893,0.16674184277983128,0.08946424703378993,931849.4300527616,894642.4703378993,0.1707067258449983,Percent,0,0.13066626964413236,1.4022251388481721,2.1951062893534394
22,4,Marla Maples,0.044553003996065876,0.023812186829548,0.0676755610288935,0.06765203926274041,445530.03996065876,676520.3926274041,0.1707067258449983,Percent,1,0.043863374199345495,0.9845211380857444,2.1951062893534394
22,5,Kim Fields,0.10605377312150432,0.041192194296153554,0.19137554564629566,0.11274781398748872,1060537.7312150432,1127478.1398748872,1.0,Percent,0,0.1501833513501421,1.4161056879898006,2.101370541823907
22,5,Jodie Sweetin,0.11475855634968499,0.04465686938193634,0.19630734029025196,0.08011190666914883,1147585.56349685,801119.0666914883,1.0,Percent,0,0.15165047090831563,1.3214741953202682,2.101370541823907
22,5,Doug Flutie,0.12659276568350342,0.054138290351128965,0.22076366422896387,0.12703527271781537,1265927.6568350343,1270352.7271781536,1.0,Percent,0,0.1666253738778349,1.3162314053112454,2.101370541823907
22,5,Von Miller,0.11874215743736614,0.05125233718669117,0.20839211361325882,0.11676744275068275,1187421.5743736615,1167674.4275068275,1.0,Percent,0,0.15713977642656765,1.3233697266234647,2.101370541823907
22,5,Antonio Brown,0.11014489222381588,0.04266859967662705,0.19624911853980753,0.12071697450159223,1101448.9222381588,1207169.7450159222,1.0,Percent,0,0.15358051886318047,1.3943498946015838,2.101370541823907
22,5,Paige VanZant,0.10804516100766565,0.03815374275219145,0.19483906072923324,0.14172118659160876,1080451.6100766566,1417211.8659160875,1.0,Percent,0,0.15668531797704177,1.4501835761615014,2.101370541823907
22,5,Nyle DiMarco,0.10537183681816223,0.040738111431328904,0.19016537026040606,0.11135557420766003,1053718.3681816224,1113555.7420766002,1.0,Percent,0,0.14942725882907715,1.4180948471738264,2.101370541823907
22,5,Ginger Zee,0.11238933758415066,0.038456730807255875,0.1990399196285076,0.08984648378423622,1123893.3758415068,898464.8378423622,1.0,Percent,0,0.16058318882125172,1.4288115961268681,2.101370541823907
22,5,Wanya Morris,0.09790151977414664,0.03364964297431689,0.18299434803396683,0.09969734478976712,979015.1977414665,996973.4478976713,1.0,Percent,0,0.14934470505964995,1.525458495477699,2.101370541823907
22,6,Kim Fields,0.11911214936360108,0.06183290873027345,0.21240147290405523,0.14658603043717627,1191121.493636011,1465860.3043717628,0.15664160401002505,Percent,0,0.15056856417378178,1.2640907327946624,2.1007613795773556
22,6,Jodie Sweetin,0.12219396541709654,0.05575655550187728,0.20977353448014627,0.11367383887367272,1221939.6541709653,1136738.3887367272,0.15664160401002505,Percent,0,0.154016978978269,1.2604303203725966,2.1007613795773556
22,6,Doug Flutie,0.05927784195912757,0.032151679888832295,0.08642897098214139,0.09956956115504283,592778.4195912756,995695.6115504283,0.15664160401002505,Percent,1,0.054277291093309095,0.9156421573297763,2.1007613795773556
22,6,Von Miller,0.12699679485058726,0.06281841907857218,0.2184586021767976,0.10968345802897983,1269967.9485058726,1096834.5802897983,0.15664160401002505,Percent,0,0.15564018309822542,1.2255441822869413,2.1007613795773556
22,6,Antonio Brown,0.11771759187507176,0.05059989732766186,0.20582937182549393,0.1138393484103359,1177175.9187507175,1138393.484103359,0.15664160401002505,Percent,0,0.1552294744978321,1.318659955791229,2.1007613795773556
22,6,Paige VanZant,0.11645565924665412,0.04674127387217166,0.20741024131575964,0.12764816847754074,1164556.592466541,1276481.6847754074,0.15664160401002505,Percent,0,0.16066896744358797,1.3796578756493891,2.1007613795773556
22,6,Nyle DiMarco,0.11381617933107499,0.0552912063868891,0.1998327304965709,0.08444502455375542,1138161.7933107498,844450.2455375543,0.15664160401002505,Percent,0,0.1445415241096818,1.2699558618044204,2.1007613795773556
22,6,Ginger Zee,0.12085216670716002,0.05857428410412356,0.21218237161515427,0.12456574420844357,1208521.6670716002,1245657.4420844358,0.15664160401002505,Percent,0,0.15360808751103072,1.271041237375929,2.1007613795773556
22,6,Wanya Morris,0.10357765124962677,0.0427723887910777,0.18962794578038,0.07998882585505274,1035776.5124962677,799888.2585505274,0.15664160401002505,Percent,0,0.1468555569893023,1.4178305379350016,2.1007613795773556
22,7,Kim Fields,0.07198686407868037,0.038186420984826955,0.10264856684382409,0.11603270064005013,719868.6407868037,1160327.0064005014,0.030033637674195098,Percent,1,0.06446214585899714,0.8954709540971413,1.9989686315173978
22,7,Jodie Sweetin,0.15050218145017852,0.09132742192607872,0.23930686209276164,0.12820858597227272,1505021.8145017852,1282085.8597227272,0.030033637674195098,Percent,0,0.1479794401666829,0.9832378424074157,1.9989686315173978
22,7,Von Miller,0.07136141927191099,0.041535693877718466,0.10118641946548389,0.10540348934644195,713614.1927191099,1054034.8934644195,0.030033637674195098,Percent,1,0.05965072558776542,0.8358960093054779,1.9989686315173978
22,7,Antonio Brown,0.14897088769596228,0.08423475168379958,0.2372361680057503,0.136746666111626,1489708.8769596228,1367466.66111626,0.030033637674195098,Percent,0,0.1530014163219507,1.0270558139803423,1.9989686315173978
22,7,Paige VanZant,0.14034560087758455,0.08493561318484165,0.22848515476306477,0.13027693070723237,1403456.0087758454,1302769.3070723237,0.030033637674195098,Percent,0,0.14354954157822314,1.0228289357172884,1.9989686315173978
22,7,Nyle DiMarco,0.1363531149540762,0.07942454059942854,0.21288838328326604,0.12565533334442028,1363531.149540762,1256553.3334442028,0.030033637674195098,Percent,0,0.13346384268383749,0.9788103684231062,1.9989686315173978
22,7,Ginger Zee,0.14482922303875534,0.08634563715047631,0.2311105928027206,0.11828640500226544,1448292.2303875533,1182864.0500226542,0.030033637674195098,Percent,0,0.1447649556522443,0.9995562540130879,1.9989686315173978
22,7,Wanya Morris,0.13565070863285145,0.07987127135872416,0.209464918983689,0.139389888875691,1356507.0863285144,1393898.88875691,0.030033637674195098,Percent,0,0.12959364762496484,0.9553481064055442,1.9989686315173978
22,8,Jodie Sweetin,0.09142157536630982,0.05469193339589214,0.1222756860498856,0.14190453643514547,914215.7536630982,1419045.3643514547,0.0841609156707625,Percent,1,0.06758375265399347,0.7392538619379235,1.7331909362810107
22,8,Antonio Brown,0.18798944734516548,0.12013498252773186,0.2821554172628064,0.1806241719239703,1879894.473451655,1806241.719239703,0.0841609156707625,Percent,0,0.16202043473507455,0.8618592002006926,1.7331909362810107
22,8,Paige VanZant,0.18470907240856918,0.11445285796709281,0.27434911543564394,0.1539956695743878,1847090.7240856919,1539956.695743878,0.0841609156707625,Percent,0,0.15989625746855113,0.8656654239206341,1.7331909362810107
22,8,Nyle DiMarco,0.1685076212896713,0.10129711914102073,0.2526064468868684,0.1691819224195585,1685076.212896713,1691819.2241955851,0.0841609156707625,Percent,0,0.15130932774584765,0.8979375923047475,1.7331909362810107
22,8,Ginger Zee,0.18224434446415563,0.11199139246245443,0.2814606034939396,0.1825072711530102,1822443.4446415564,1825072.711530102,0.0841609156707625,Percent,0,0.16946921103148516,0.9299010706190495,1.7331909362810107
22,8,Wanya Morris,0.1851279391261285,0.1214014280457937,0.2751010993141925,0.17178642849392775,1851279.391261285,1717864.2849392775,0.0841609156707625,Percent,0,0.15369967126839884,0.830234874292435,1.7331909362810107
22,9,Antonio Brown,0.15013187506322523,0.09468133743683833,0.19575270243191806,0.190163024660344,1501318.7506322523,1901630.2466034398,0.07461572899567229,Percent,1,0.10107136499507972,0.6732172295358025,1.5626235068090428
22,9,Paige VanZant,0.23848342654097063,0.17220743866382604,0.3362460870670263,0.21864101599277241,2384834.265409706,2186410.159927724,0.07461572899567229,Percent,0,0.16403864840320026,0.6878408733993051,1.5626235068090428
22,9,Nyle DiMarco,0.23119215909337829,0.16759370471925797,0.31043057221558074,0.20374925095456037,2311921.590933783,2037492.5095456038,0.07461572899567229,Percent,0,0.14283686749632277,0.6178274732865447,1.5626235068090428
22,9,Ginger Zee,0.23947668468228325,0.17802328638704154,0.3277527677227743,0.2131807345623576,2394766.8468228327,2131807.345623576,0.07461572899567229,Percent,0,0.14972948133573274,0.6252361541349244,1.5626235068090428
22,9,Wanya Morris,0.14071585462014277,0.09073706126368511,0.18115015703675755,0.1742659738299656,1407158.5462014277,1742659.738299656,0.07461572899567229,Percent,1,0.09041309577307244,0.6425224507724395,1.5626235068090428
23,1,Jake T. Austin,0.07418567405526486,0.027165437600473637,0.13193221492289323,0.08535472208737131,741856.7405526486,853547.2208737131,1.0,Percent,0,0.1047667773224196,1.4122238377772676,2.473795089976661
23,1,Maureen McCormick,0.07886962220168359,0.030610300172645186,0.14227291340009304,0.07551304945014507,788696.2220168358,755130.4945014507,1.0,Percent,0,0.11166261322744786,1.4157873476546747,2.473795089976661
23,1,Marilu Henner,0.07859300491605603,0.034045230422999166,0.1429509868428985,0.06293891195831801,785930.0491605604,629389.11958318,1.0,Percent,0,0.10890575641989933,1.3856927411824993,2.473795089976661
23,1,Ryan Lochte,0.07771314367258214,0.03236184488289418,0.13638045263283907,0.09573145618748422,777131.4367258215,957314.5618748422,1.0,Percent,0,0.1040186077499449,1.3384944017731655,2.473795089976661
23,1,Calvin Johnson Jr.,0.07518551549769971,0.030518552159479705,0.1321283391257105,0.07733387859332787,751855.1549769971,773338.7859332787,1.0,Percent,0,0.1016097869662308,1.3514542833631238,2.473795089976661
23,1,Laurie Hernandez,0.07742931116396043,0.033079570760217177,0.13951788306380203,0.08060621813095276,774293.1116396043,806062.1813095276,1.0,Percent,0,0.10643831230358486,1.374651416931715,2.473795089976661
23,1,Amber Rose,0.07729590801993111,0.03096971029882618,0.1426129091889574,0.056762871996087795,772959.0801993111,567628.7199608779,1.0,Percent,0,0.1116431988901312,1.4443610502815167,2.473795089976661
23,1,Rick Perry,0.07963316751748607,0.03229098093374999,0.1364773173941006,0.07146459482800357,796331.6751748607,714645.9482800358,1.0,Percent,0,0.10418633646035061,1.308328422795352,2.473795089976661
23,1,James Hinchcliffe,0.07487445132800466,0.0326165209365355,0.1287925572972442,0.11662963512498768,748744.5132800466,1166296.351249877,1.0,Percent,0,0.0961760363607087,1.2844973773415391,2.473795089976661
23,1,Babyface,0.07646648511653051,0.029242276954250267,0.1377124337915352,0.05406527560467809,764664.8511653051,540652.7560467809,1.0,Percent,0,0.10847015683728492,1.4185320100954382,2.473795089976661
23,1,Vanilla Ice,0.07909762458873593,0.030195154874274183,0.13889538124848208,0.061768588500401615,790976.2458873593,617685.8850040161,1.0,Percent,0,0.1087002263742079,1.3742539923213775,2.473795089976661
23,1,Jana Kramer,0.0782271045802106,0.0323652942244028,0.13762521314779083,0.07374696412621727,782271.0458021059,737469.6412621727,1.0,Percent,0,0.10525991892338804,1.345568386919641,2.473795089976661
23,1,Terra Jole,0.07242898734185468,0.027268893148695506,0.13026441203874492,0.0880838334120247,724289.8734185469,880838.334120247,1.0,Percent,0,0.10299551889004942,1.422020694613953,2.473795089976661
23,2,Jake T. Austin,0.025725482720249264,0.00988994618262468,0.044342930072443984,0.0516906915106555,257254.82720249263,516906.915106555,0.145602795573675,Percent,1,0.03445298388981931,1.3392550983193166,2.4187009561379296
23,2,Maureen McCormick,0.0804872614540571,0.032019561569456984,0.15805808098488272,0.08721030929427388,804872.614540571,872103.0929427388,0.145602795573675,Percent,0,0.12603851941542574,1.5659436926844594,2.4187009561379296
23,2,Marilu Henner,0.08280269748733013,0.029510077253378855,0.1571656133573782,0.08029649721186997,828026.9748733013,802964.9721186997,0.145602795573675,Percent,0,0.12765553610399932,1.541683302328795,2.4187009561379296
23,2,Ryan Lochte,0.08506305812502145,0.03218726639236546,0.15899563209771977,0.07502290662895514,850630.5812502145,750229.0662895514,0.145602795573675,Percent,0,0.1268083657053543,1.4907571923757748,2.4187009561379296
23,2,Calvin Johnson Jr.,0.0818951128093538,0.02679373777025225,0.16251263398553448,0.08832815642013989,818951.128093538,883281.5642013989,0.145602795573675,Percent,0,0.13571889621528221,1.6572282711329367,2.4187009561379296
23,2,Laurie Hernandez,0.08059390049661265,0.025936939942440316,0.16693986874530026,0.09728208908532752,805939.0049661265,972820.8908532752,0.145602795573675,Percent,0,0.14100292880285994,1.749548389319937,2.4187009561379296
23,2,Amber Rose,0.08156887838772102,0.03181316850749181,0.15560897710835409,0.0557006001886766,815688.7838772102,557006.0018867659,0.145602795573675,Percent,0,0.12379580860086228,1.5176843306882826,2.4187009561379296
23,2,Rick Perry,0.08933447309947401,0.039661908320132,0.16386179787727304,0.08552239316371534,893344.7309947402,855223.9316371534,0.145602795573675,Percent,0,0.12419988955714104,1.390279533174661,2.4187009561379296
23,2,James Hinchcliffe,0.07625666142264002,0.026068917748076573,0.1437648820051951,0.06454564406325823,762566.6142264003,645456.4406325823,0.145602795573675,Percent,0,0.11769596425711853,1.5434187920293019,2.4187009561379296
23,2,Babyface,0.07566420599721407,0.021542597130154197,0.1522623685406727,0.08684404296970334,756642.0599721407,868440.4296970334,0.145602795573675,Percent,0,0.13071977141051852,1.727630253799684,2.4187009561379296
23,2,Vanilla Ice,0.08299012167129816,0.030008570395210547,0.15775421827957434,0.09013871569524824,829901.2167129816,901387.1569524824,0.145602795573675,Percent,0,0.1277456478843638,1.5392873912190466,2.4187009561379296
23,2,Jana Kramer,0.08146577604353937,0.02651616954263401,0.16146133737614832,0.06263487322436806,814657.7604353937,626348.7322436806,0.145602795573675,Percent,0,0.13494516783351432,1.6564645227388848,2.4187009561379296
23,2,Terra Jole,0.0761523702854892,0.02236948195877572,0.1479169400966783,0.07478308054380826,761523.702854892,747830.8054380827,0.145602795573675,Percent,0,0.12554745813790258,1.648634936341904,2.4187009561379296
23,3,Maureen McCormick,0.08844547926861158,0.034632733717188995,0.16348077738598527,0.06498298700374766,884454.7926861158,649829.8700374766,0.11798017932987258,Percent,0,0.12884804366879626,1.4568075692990579,2.3594233806250933
23,3,Marilu Henner,0.09196127366636074,0.031806145496152634,0.16827280918083554,0.07414367582715041,919612.7366636074,741436.7582715041,0.11798017932987258,Percent,0,0.1364666636846829,1.4839579558215945,2.3594233806250933
23,3,Ryan Lochte,0.09183675628898419,0.0399312477076587,0.16979770281673506,0.1155455689905308,918367.5628898419,1155455.689905308,0.11798017932987258,Percent,0,0.12986645510907635,1.414101067555386,2.3594233806250933
23,3,Calvin Johnson Jr.,0.08604093571824774,0.028813729214060176,0.16106693552395573,0.06106196104832176,860409.3571824774,610619.6104832176,0.11798017932987258,Percent,0,0.13225320630989557,1.5370963275315361,2.3594233806250933
23,3,Laurie Hernandez,0.08314538910442143,0.029583689570250912,0.1580267195001598,0.07654263191027284,831453.8910442143,765426.3191027284,0.11798017932987258,Percent,0,0.12844302992990891,1.544800394987612,2.3594233806250933
23,3,Amber Rose,0.08813874277727542,0.03759118224223705,0.16636385062487746,0.10383488451513503,881387.4277727542,1038348.8451513504,0.11798017932987258,Percent,0,0.1287726683826404,1.4610222964950383,2.3594233806250933
23,3,Rick Perry,0.034356794923954485,0.014986338079638253,0.05448503005378982,0.07676441626824891,343567.94923954486,767644.1626824891,0.11798017932987258,Percent,1,0.03949869197415157,1.1496617208205302,2.3594233806250933
23,3,James Hinchcliffe,0.08657507620206249,0.03189506080659613,0.16391200628693162,0.0645943761061853,865750.7620206249,645943.761061853,0.11798017932987258,Percent,0,0.1320169454803355,1.5248839651288741,2.3594233806250933
23,3,Babyface,0.08401898817333807,0.033482157625499394,0.1624666248196144,0.12313195368870503,840189.8817333807,1231319.5368870504,0.11798017932987258,Percent,0,0.12898446719411502,1.5351823438769516,2.3594233806250933
23,3,Vanilla Ice,0.09163988258386845,0.03748725201385286,0.16404443522658146,0.09606708834417073,916398.8258386845,960670.8834417072,0.11798017932987258,Percent,0,0.1265571832127286,1.3810273392363197,2.3594233806250933
23,3,Jana Kramer,0.09002106008685856,0.037756401064715034,0.16487026729348472,0.07017835921887144,900210.6008685856,701783.5921887144,0.11798017932987258,Percent,0,0.1271138662287697,1.4120458713341235,2.3594233806250933
23,3,Terra Jole,0.0838196212060173,0.028904148784906932,0.16387688407255857,0.07315209707866022,838196.2120601729,731520.9707866021,0.11798017932987258,Percent,0,0.13497273528765164,1.6102761304051578,2.3594233806250933
23,4,Maureen McCormick,0.10193168304043122,0.045339593665972545,0.17910797531631165,0.08053552039369642,1019316.8304043122,805355.2039369643,0.04377517072316582,Percent,0,0.1337683816503391,1.3123336891953392,2.280077365564128
23,4,Marilu Henner,0.10939164962701467,0.057565569571094266,0.19481071680650933,0.11617971742990374,1093916.4962701467,1161797.1742990373,0.04377517072316582,Percent,0,0.13724514723541506,1.254621789719513,2.280077365564128
23,4,Ryan Lochte,0.11273434733627355,0.05560212809290584,0.20377936894159515,0.09520813232507823,1127343.4733627355,952081.3232507823,0.04377517072316582,Percent,0,0.1481772408486893,1.314393034153945,2.280077365564128
23,4,Calvin Johnson Jr.,0.10420918948226596,0.050827927280142404,0.19299227272099942,0.1059038761178458,1042091.8948226596,1059038.7611784579,0.04377517072316582,Percent,0,0.14216434544085702,1.3642208153346222,2.280077365564128
23,4,Laurie Hernandez,0.08622523737906376,0.03171433954319308,0.170212413709291,0.07187829546124837,862252.3737906376,718782.9546124836,0.04377517072316582,Percent,0,0.1384980741660979,1.6062359278552296,2.280077365564128
23,4,Amber Rose,0.10006948062407711,0.05014517560529695,0.18583858711408788,0.08311121117462707,1000694.8062407711,831112.1117462707,0.04377517072316582,Percent,0,0.13569341150879094,1.3559919634092972,2.280077365564128
23,4,James Hinchcliffe,0.0959777545922153,0.03994955547942612,0.17327405280733288,0.06912991750023185,959777.545922153,691299.1750023186,0.04377517072316582,Percent,0,0.13332449732790674,1.3891187379238878,2.280077365564128
23,4,Babyface,0.049607291269882364,0.0197845255147239,0.07505744280154274,0.0892104608702512,496072.91269882367,892104.608702512,0.04377517072316582,Percent,1,0.05527291728681884,1.1142095420230331,2.280077365564128
23,4,Vanilla Ice,0.03976161101726618,0.01782920930078528,0.06217109238084318,0.07636680998832486,397616.1101726618,763668.0998832486,0.04377517072316582,Percent,1,0.0443418830800579,1.115193322041272,2.280077365564128
23,4,Jana Kramer,0.10363336692004045,0.05016398222993126,0.1746475380912376,0.10815110867164195,1036333.6692004045,1081511.0867164196,0.04377517072316582,Percent,0,0.12448355586130633,1.2011918512437514,2.280077365564128
23,4,Terra Jole,0.09645838871146983,0.0445676370492955,0.1719134765881916,0.10432495006715056,964583.8871146983,1043249.5006715056,0.04377517072316582,Percent,0,0.12734583953889608,1.3202152891006507,2.280077365564128
23,5,Maureen McCormick,0.10807404143561716,0.043943049722300905,0.1942568597947709,0.08821568727289064,1080740.4143561716,882156.8727289065,1.0,Percent,0,0.15031381007247,1.3908410204315,2.102465739148163
23,5,Marilu Henner,0.12083574761867562,0.049877980248603467,0.21018928035308587,0.11306384511096304,1208357.4761867563,1130638.4511096303,1.0,Percent,0,0.1603113001044824,1.3266877001529447,2.102465739148163
23,5,Ryan Lochte,0.12449039295028556,0.050135403584381566,0.21419066935623748,0.10042303882999297,1244903.9295028558,1004230.3882999297,1.0,Percent,0,0.16405526577185592,1.3178146673323645,2.102465739148163
23,5,Calvin Johnson Jr.,0.11418693629259138,0.04491525142918139,0.20203605239134761,0.12406380986564777,1141869.3629259139,1240638.0986564776,1.0,Percent,0,0.15712080096216624,1.3759962922515196,2.102465739148163
23,5,Laurie Hernandez,0.09820597962333297,0.035551692132916646,0.1868190531000341,0.10463997333200711,982059.7962333297,1046399.7333200711,1.0,Percent,0,0.15126736096711746,1.5403070316827991,2.102465739148163
23,5,Amber Rose,0.11079949668310524,0.03993439242095915,0.20187112382161634,0.11017665528650751,1107994.9668310524,1101766.5528650752,1.0,Percent,0,0.1619367314006572,1.4615294856781547,2.102465739148163
23,5,James Hinchcliffe,0.10296927553956736,0.03826931239149006,0.18742395057867953,0.11590707311701245,1029692.7553956736,1159070.7311701246,1.0,Percent,0,0.14915463818718946,1.4485353752913872,2.102465739148163
23,5,Jana Kramer,0.11182194481844127,0.045158933896205955,0.20159882598031612,0.15850025766308343,1118219.4481844127,1585002.5766308343,1.0,Percent,0,0.15643989208411016,1.3990088648351846,2.102465739148163
23,5,Terra Jole,0.10861618503838293,0.04429606409501877,0.1962676635583774,0.08500965952189536,1086161.8503838293,850096.5952189536,1.0,Percent,0,0.15197159946335864,1.3991616388446595,2.102465739148163
23,6,Maureen McCormick,0.1144104037213845,0.054886299448209115,0.1987841997631881,0.1179407692900789,1144104.037213845,1179407.692900789,0.23277467411545624,Percent,0,0.14389790031497898,1.2577343985727318,2.0982997109887727
23,6,Marilu Henner,0.1319568326799417,0.05987368578232616,0.22641251813897317,0.1268700971847413,1319568.3267994171,1268700.9718474129,0.23277467411545624,Percent,0,0.16653883235664702,1.2620705496969844,2.0982997109887727
23,6,Ryan Lochte,0.13036380439423362,0.06670445785236494,0.228230972253517,0.1282080411066531,1303638.0439423362,1282080.411066531,0.23277467411545624,Percent,0,0.16152651440115207,1.2390441898479672,2.0982997109887727
23,6,Calvin Johnson Jr.,0.11447058316914159,0.05182721536115087,0.20893497707039993,0.10964871197824536,1144705.831691416,1096487.1197824536,0.23277467411545624,Percent,0,0.15710776170924906,1.372472799209093,2.0982997109887727
23,6,Laurie Hernandez,0.10293568464732232,0.0450538085988556,0.18999932942035852,0.12467285591997743,1029356.8464732232,1246728.5591997742,0.23277467411545624,Percent,0,0.14494552082150292,1.4081173241147078,2.0982997109887727
23,6,Amber Rose,0.056426838865271535,0.026005454176407674,0.0867523775223555,0.094800199839571,564268.3886527154,948001.99839571,0.23277467411545624,Percent,1,0.06074692334594782,1.0765608098477961,2.0982997109887727
23,6,James Hinchcliffe,0.10933880194162134,0.04770441596193889,0.19536242873486176,0.09151922499692917,1093388.0194162133,915192.2499692917,0.23277467411545624,Percent,0,0.14765801277292287,1.3504630574950063,2.0982997109887727
23,6,Jana Kramer,0.11855064317241137,0.04762330750935209,0.20683917743100574,0.10962445213386621,1185506.4317241136,1096244.5213386621,0.23277467411545624,Percent,0,0.15921586992165365,1.343019874553542,2.0982997109887727
23,6,Terra Jole,0.12154640740867194,0.06026147245982536,0.216422749464648,0.0967156475499376,1215464.0740867194,967156.475499376,0.23277467411545624,Percent,0,0.15616127700482266,1.2847872704272216,2.0982997109887727
23,7,Maureen McCormick,0.06150770896039651,0.030948979505109997,0.08936080697373046,0.10361482853543885,615077.089603965,1036148.2853543885,0.16823687752355315,Percent,1,0.05841182746862046,0.9496667727655176,1.993263501083736
23,7,Marilu Henner,0.15192619767905158,0.0823756993449092,0.2450941372430586,0.1335368495053585,1519261.9767905157,1335368.495053585,0.16823687752355315,Percent,0,0.16271843789814938,1.0710360713554927,1.993263501083736
23,7,Ryan Lochte,0.1463414880919213,0.07622826789710631,0.23439538784311717,0.17334255266423057,1463414.880919213,1733425.5266423058,0.16823687752355315,Percent,0,0.15816711994601085,1.0808084707096974,1.993263501083736
23,7,Calvin Johnson Jr.,0.12547412725030654,0.05722681181137362,0.21714324723758843,0.11423923803122665,1254741.2725030654,1142392.3803122665,0.16823687752355315,Percent,0,0.1599164354262148,1.27449729223619,1.993263501083736
23,7,Laurie Hernandez,0.12073818049835283,0.06526322458689565,0.20699661298861188,0.11280304607361209,1207381.8049835283,1128030.4607361208,0.16823687752355315,Percent,0,0.14173338840171623,1.1738903784760102,1.993263501083736
23,7,James Hinchcliffe,0.12483612870830699,0.059707688062411,0.21106557128182646,0.1082085284651353,1248361.2870830698,1082085.284651353,0.16823687752355315,Percent,0,0.15135788321941546,1.212452555085871,1.993263501083736
23,7,Jana Kramer,0.12866756495752057,0.06412971850189338,0.21227682131155481,0.14702276723941757,1286675.6495752058,1470227.6723941758,0.16823687752355315,Percent,0,0.14814710280966142,1.1513943149431016,1.993263501083736
23,7,Terra Jole,0.14050860385414385,0.0732815368003893,0.2312170004756307,0.10723218948558037,1405086.0385414385,1072321.8948558038,0.16823687752355315,Percent,0,0.15793546367524142,1.124026994383829,1.993263501083736
23,8,Marilu Henner,0.1807247027809393,0.11120094812910128,0.27305166822155463,0.17359066520154395,1807247.027809393,1735906.6520154395,0.15964240102171137,Percent,0,0.16185072009245335,0.8955650091102181,1.8728328030710475
23,8,Ryan Lochte,0.08375216624510799,0.052711413418358395,0.11796792038299875,0.12531852854195766,837521.6624510799,1253185.2854195766,0.15964240102171137,Percent,1,0.06525650696464036,0.7791620192086915,1.8728328030710475
23,8,Calvin Johnson Jr.,0.14561226357657264,0.08076796284178092,0.241373039516086,0.13800147196436852,1456122.6357657264,1380014.7196436853,0.15964240102171137,Percent,0,0.16060507667430507,1.102963944996626,1.8728328030710475
23,8,Laurie Hernandez,0.134882208299777,0.06812486750668591,0.22469867430186463,0.1303153711027525,1348822.08299777,1303153.711027525,0.15964240102171137,Percent,0,0.15657380679517874,1.16081882680325,1.8728328030710475
23,8,James Hinchcliffe,0.13671555407791683,0.06542333073878139,0.22674904225583167,0.13970791250740647,1367155.5407791683,1397079.1250740646,0.15964240102171137,Percent,0,0.16132571151705027,1.1800099308752217,1.8728328030710475
23,8,Jana Kramer,0.14873612328864072,0.07619217159802731,0.2543523716974945,0.15335444624815459,1487361.2328864073,1533544.4624815458,0.15964240102171137,Percent,0,0.17816020009946715,1.1978273748181898,1.8728328030710475
23,8,Terra Jole,0.16957698173104527,0.10195092878679446,0.26550443952329533,0.13971160443381642,1695769.8173104527,1397116.0443381642,0.15964240102171137,Percent,0,0.16355351073650087,0.9644794303268246,1.8728328030710475
23,9,Marilu Henner,0.10658722660639229,0.06896558022099346,0.14364210148192638,0.146907700399634,1065872.266063923,1469077.0039963399,0.08359806052499583,Percent,1,0.07467652126093292,0.7006141696199683,1.7379769719408018
23,9,Calvin Johnson Jr.,0.1819308144287749,0.11411211259685218,0.2714530284682755,0.1742011044052344,1819308.144287749,1742011.044052344,0.08359806052499583,Percent,0,0.15734091587142335,0.8648392872061902,1.7379769719408018
23,9,Laurie Hernandez,0.16958778652624762,0.1042248742691833,0.2657241511684782,0.1453726492922952,1695877.8652624763,1453726.4929229522,0.08359806052499583,Percent,0,0.16149927689929489,0.9523048811908348,1.7379769719408018
23,9,James Hinchcliffe,0.17577266935060248,0.10833036986670554,0.26197225904066285,0.16142017114968688,1757726.6935060248,1614201.7114968686,0.08359806052499583,Percent,0,0.15364188917395732,0.8740943045445688,1.7379769719408018
23,9,Jana Kramer,0.1705023714913879,0.10518940468693544,0.25973543932949933,0.18083422122360773,1705023.7149138788,1808342.2122360773,0.08359806052499583,Percent,0,0.1545460346425639,0.9064157483016009,1.7379769719408018
23,9,Terra Jole,0.19561913159659491,0.11334329665173812,0.3090973733581789,0.19126415352954182,1956191.315965949,1912641.5352954182,0.08359806052499583,Percent,0,0.19575407670644077,1.0006898359518543,1.7379769719408018
23,10,Calvin Johnson Jr.,0.22815645684217642,0.15915727577431152,0.32583500346225996,0.20006073915264092,2281564.5684217643,2000607.3915264092,0.10546298249314491,Percent,0,0.16667772768794845,0.7305413574302002,1.564970846043424
23,10,Laurie Hernandez,0.21554417741073578,0.14103732194655655,0.30512393637647944,0.2109145329111066,2155441.774107358,2109145.3291110657,0.10546298249314491,Percent,0,0.1640866144299229,0.7612667454117464,1.564970846043424
23,10,James Hinchcliffe,0.21681561037257582,0.14283769874660063,0.3110411696291378,0.2044341837780883,2168156.1037257584,2044341.837780883,0.10546298249314491,Percent,0,0.16820347088253718,0.7757904082344276,1.564970846043424
23,10,Jana Kramer,0.21102509325411514,0.1413558327511883,0.30510735117905524,0.2043933186430298,2110250.9325411515,2043933.1864302978,0.10546298249314491,Percent,0,0.16375151842786695,0.7759812631888207,1.564970846043424
23,10,Terra Jole,0.12845866212039658,0.08471486069100308,0.1664109363088655,0.18019722551513428,1284586.6212039657,1801972.2551513428,0.10546298249314491,Percent,1,0.08169607561786242,0.635971714708453,1.564970846043424
24,1,Charo,0.07937125730038266,0.03168587210087136,0.1334145332038614,0.10420050833799561,793712.5730038267,1042005.0833799562,1.0,Percent,0,0.10172866110299005,1.281681361276604,2.3940428491836228
24,1,Mr. T,0.08357582866242128,0.03165365389926585,0.14956494658161665,0.10442114484593443,835758.2866242127,1044211.4484593442,1.0,Percent,0,0.11791129268235079,1.4108300757461467,2.3940428491836228
24,1,Heather Morris,0.08131059717032317,0.03356292482739437,0.14387564312996062,0.09198966202585483,813105.9717032317,919896.6202585483,1.0,Percent,0,0.11031271830256625,1.3566831648215751,2.3940428491836228
24,1,Nancy Kerrigan,0.08420395563158668,0.03332581472659882,0.15926227717624938,0.07547935948112737,842039.5563158669,754793.5948112737,1.0,Percent,0,0.12593646244965057,1.4956121895348244,2.3940428491836228
24,1,Bonner Bolton,0.08497527247114832,0.033133227708546896,0.15224954447573366,0.09771804643091302,849752.7247114832,977180.4643091302,1.0,Percent,0,0.11911631676718676,1.4017762262266398,2.3940428491836228
24,1,Simone Biles,0.08087806715794596,0.03262429173558518,0.1499217247958481,0.07803029252803895,808780.6715794596,780302.9252803895,1.0,Percent,0,0.11729743306026291,1.4502996570280784,2.3940428491836228
24,1,David Ross,0.08529445871939186,0.03576176678450799,0.15753328835565952,0.07485314353858205,852944.5871939185,748531.4353858205,1.0,Percent,0,0.12177152157115154,1.4276604060735607,2.3940428491836228
24,1,Rashad Jennings,0.08450430169805806,0.03893685067565967,0.15002669869145377,0.0704780902015145,845043.0169805806,704780.902015145,1.0,Percent,0,0.11108984801579411,1.3146058340642675,2.3940428491836228
24,1,Chris Kattan,0.08479292651534914,0.03457014079130602,0.15304823187678646,0.05837384555742954,847929.2651534914,583738.4555742954,1.0,Percent,0,0.11847809108548044,1.3972638515316915,2.3940428491836228
24,1,Erika Jayne,0.0843696070526066,0.03168589947774563,0.15032386667376962,0.07526519672894984,843696.070526066,752651.9672894984,1.0,Percent,0,0.11863796719602399,1.4061694885226879,2.3940428491836228
24,1,Normani,0.08326472744073962,0.03358078680530144,0.1503593335938807,0.07177875222829234,832647.2744073962,717787.5222829235,1.0,Percent,0,0.11677854678857927,1.4024971963271216,2.3940428491836228
24,1,Nick Viall,0.08345900018004702,0.031845637996300115,0.15066450199329245,0.09741195809536761,834590.0018004703,974119.5809536761,1.0,Percent,0,0.11881886399699235,1.4236794562679052,2.3940428491836228
24,2,Charo,0.08865611047367439,0.03429980102207052,0.16859319746843965,0.07585470725447248,886561.1047367438,758547.0725447248,0.18382352941176472,Percent,0,0.13429339644636912,1.5147675183229057,2.3549442144059
24,2,Mr. T,0.09340148352331931,0.041913467088163354,0.1670281542715909,0.09044056646594349,934014.8352331931,904405.6646594349,0.18382352941176472,Percent,0,0.12511468718342755,1.3395364020335983,2.3549442144059
24,2,Heather Morris,0.08550483564185304,0.03094063761014773,0.16009904726800003,0.12208425011926183,855048.3564185305,1220842.5011926184,0.18382352941176472,Percent,0,0.1291584096578523,1.510539242468664,2.3549442144059
24,2,Nancy Kerrigan,0.09246672677496486,0.03357446100686956,0.17841317061234385,0.0969454747590777,924667.2677496485,969454.7475907769,0.18382352941176472,Percent,0,0.1448387096054743,1.5663873336618317,2.3549442144059
24,2,Bonner Bolton,0.09139030577427522,0.03321947345061383,0.18312305212890734,0.09420535357183583,913903.0577427521,942053.5357183584,0.18382352941176472,Percent,0,0.14990357867829351,1.6402568894838818,2.3549442144059
24,2,Simone Biles,0.08414247374191959,0.02801496430309345,0.16619048468469005,0.09593459079454664,841424.7374191959,959345.9079454663,0.18382352941176472,Percent,0,0.1381755203815966,1.6421613750673207,2.3549442144059
24,2,David Ross,0.08831415595343538,0.03386140856592815,0.17090101345943398,0.08701755711246452,883141.5595343538,870175.5711246452,0.18382352941176472,Percent,0,0.13703960489350583,1.5517286375443762,2.3549442144059
24,2,Rashad Jennings,0.08497231054172995,0.029754130282731786,0.16920470504015014,0.062319773475929104,849723.1054172994,623197.734759291,0.18382352941176472,Percent,0,0.13945057475741834,1.64112960879102,2.3549442144059
24,2,Chris Kattan,0.03570884481394929,0.015598484941058257,0.05789812355363385,0.05066438125866651,357088.44813949295,506643.81258666515,0.18382352941176472,Percent,1,0.042299638612575595,1.184570344769363,2.3549442144059
24,2,Erika Jayne,0.0862028461455858,0.03282740703675514,0.16006098964741966,0.09401989405286298,862028.4614558581,940198.9405286298,0.18382352941176472,Percent,0,0.12723358261066453,1.4759789067263853,2.3549442144059
24,2,Normani,0.08153714265330653,0.027590838278774395,0.15292020435721024,0.06674304817296225,815371.4265330653,667430.4817296226,0.18382352941176472,Percent,0,0.12532936607843584,1.5370831255558284,2.3549442144059
24,2,Nick Viall,0.0877027639619863,0.03431888403672583,0.1642452911037545,0.06377040296197664,877027.639619863,637704.0296197664,0.18382352941176472,Percent,0,0.12992640706702865,1.4814402784767842,2.3549442144059
24,3,Charo,0.04028646259358055,0.01934646678925818,0.06278114656410344,0.08400685758245172,402864.6259358055,840068.5758245172,0.1720578114246387,Percent,1,0.04343467977484526,1.078145783436602,2.2782112824722316
24,3,Mr. T,0.10607733128577694,0.05009619979648913,0.18833362710542137,0.0933341817114262,1060773.3128577694,933341.817114262,0.1720578114246387,Percent,0,0.13823742730893224,1.3031759531781073,2.2782112824722316
24,3,Heather Morris,0.09176078212925536,0.0323188149402034,0.18061258897293073,0.10705647574493292,917607.8212925536,1070564.7574493291,0.1720578114246387,Percent,0,0.1482937740327273,1.6160909986996286,2.2782112824722316
24,3,Nancy Kerrigan,0.09891288377102837,0.036063659669667306,0.1780288364102373,0.06673439221166684,989128.8377102837,667343.9221166684,0.1720578114246387,Percent,0,0.14196517674057002,1.4352546536728483,2.2782112824722316
24,3,Bonner Bolton,0.10512724403052075,0.04908149486233331,0.18665292451260063,0.0859829889114164,1051272.4403052074,859829.8891141639,0.1720578114246387,Percent,0,0.1375714296502673,1.3086182456217277,2.2782112824722316
24,3,Simone Biles,0.0877082665833622,0.02819821346324203,0.16557302597469342,0.1098200518593004,877082.665833622,1098200.518593004,0.1720578114246387,Percent,0,0.1373748125114514,1.5662698382128404,2.2782112824722316
24,3,David Ross,0.09696700752210984,0.03586915127070944,0.17585421670842155,0.09006790592298689,969670.0752210984,900679.0592298688,0.1720578114246387,Percent,0,0.1399850654377121,1.4436360264680081,2.2782112824722316
24,3,Rashad Jennings,0.09317278122727077,0.03837851408316738,0.17558664275230998,0.11341590143198839,931727.8122727077,1134159.014319884,0.1720578114246387,Percent,0,0.13720812866914261,1.4726202959902965,2.2782112824722316
24,3,Erika Jayne,0.09922941833290974,0.040998265231151965,0.18300510201195833,0.08032641985759434,992294.1833290975,803264.1985759434,0.1720578114246387,Percent,0,0.14200683678080636,1.4310961322415547,2.2782112824722316
24,3,Normani,0.0840861820872444,0.031248229048821984,0.16565227400104748,0.09016352091301337,840861.820872444,901635.2091301337,0.1720578114246387,Percent,0,0.1344040449522255,1.5984082237527841,2.2782112824722316
24,3,Nick Viall,0.096671640436941,0.04500907741809153,0.16767435990712695,0.07909130385322255,966716.40436941,790913.0385322255,0.1720578114246387,Percent,0,0.12266528248903542,1.2688859104346129,2.2782112824722316
24,4,Mr. T,0.04831604063368156,0.02392594019839393,0.0745661768640595,0.07793255567967683,483160.4063368156,779325.5567967683,0.12906556530717606,Percent,1,0.05064023666566557,1.0481040251125997,2.198360189512899
24,4,Heather Morris,0.10321423882195825,0.04370556218713766,0.1802090264785663,0.10251226925320432,1032142.3882195825,1025122.6925320432,0.12906556530717606,Percent,0,0.13650346429142862,1.322525514400134,2.198360189512899
24,4,Nancy Kerrigan,0.10809834145918559,0.05092506497611859,0.20370629585732133,0.08468010691419339,1080983.4145918558,846801.0691419339,0.12906556530717606,Percent,0,0.15278123088120274,1.413354070181437,2.198360189512899
24,4,Bonner Bolton,0.11198420634326557,0.05274302042725075,0.20202057260112827,0.11290595330281268,1119842.0634326558,1129059.5330281267,0.12906556530717606,Percent,0,0.1492775521738775,1.333023263265326,2.198360189512899
24,4,Simone Biles,0.09392981726564893,0.0371084256841393,0.17767775743784103,0.08924109050849625,939298.1726564893,892410.9050849625,0.12906556530717606,Percent,0,0.14056933175370173,1.4965357736846074,2.198360189512899
24,4,David Ross,0.10771985668067367,0.05231363169803396,0.1924725805933831,0.14761350265124148,1077198.5668067366,1476135.026512415,0.12906556530717606,Percent,0,0.14015894889534913,1.3011431059627045,2.198360189512899
24,4,Rashad Jennings,0.10045131415206121,0.03951588103534041,0.18138767655820223,0.11025635616022554,1004513.1415206121,1102563.5616022553,0.12906556530717606,Percent,0,0.14187179552286183,1.4123438475687746,2.198360189512899
24,4,Erika Jayne,0.11250459618371811,0.05351569240023909,0.19224631814166027,0.1051200629689059,1125045.9618371811,1051200.629689059,0.12906556530717606,Percent,0,0.13873062574142117,1.2331107390037328,2.198360189512899
24,4,Normani,0.09972523880442317,0.047280861555089676,0.18192551284321135,0.0927585535974473,997252.3880442318,927585.5359744729,0.12906556530717606,Percent,0,0.13464465128812167,1.3501562182486315,2.198360189512899
24,4,Nick Viall,0.1140563496553837,0.051577911197004354,0.20186841529002236,0.07697954896379633,1140563.4965538369,769795.4896379632,0.12906556530717606,Percent,0,0.150290504093018,1.3176864290950414,2.198360189512899
24,5,Heather Morris,0.11593752513418361,0.055114943792981555,0.20345003396595832,0.11952776553613828,1159375.251341836,1195277.6553613828,0.11304544426859597,Percent,0,0.14833509017297675,1.2794398535012446,2.101972521695744
24,5,Nancy Kerrigan,0.12196943110558103,0.05367472106371508,0.21472605047098975,0.08708483514803116,1219694.3110558104,870848.3514803116,0.11304544426859597,Percent,0,0.16105132940727468,1.3204237155772496,2.101972521695744
24,5,Bonner Bolton,0.12690039760573912,0.06786580716337914,0.20716615951662862,0.1256764174388322,1269003.9760573911,1256764.174388322,0.11304544426859597,Percent,0,0.13930035235324947,1.0977140732532233,2.101972521695744
24,5,Simone Biles,0.10251722125731988,0.0451246426927596,0.18878424424992973,0.0897369323183463,1025172.2125731988,897369.323183463,0.11304544426859597,Percent,0,0.14365960155717014,1.401321649136219,2.101972521695744
24,5,David Ross,0.12685207010771835,0.06978917140350512,0.21078497418391964,0.10636471546910133,1268520.7010771835,1063647.1546910133,0.11304544426859597,Percent,0,0.14099580278041451,1.1114978467492553,2.101972521695744
24,5,Rashad Jennings,0.11909042801355466,0.061094276241256754,0.2054779978693385,0.09446748387184535,1190904.2801355466,944674.8387184535,0.11304544426859597,Percent,0,0.14438372162808177,1.2123872928867825,2.101972521695744
24,5,Erika Jayne,0.05200541059330831,0.026132810420103503,0.0769102880632523,0.08859523470514345,520054.10593308305,885952.3470514346,0.11304544426859597,Percent,1,0.0507774776431488,0.9763883615925627,2.101972521695744
24,5,Normani,0.1076076401045113,0.04584136931338451,0.19656535530307273,0.12294099985061824,1076076.401045113,1229409.9985061823,0.11304544426859597,Percent,0,0.15072398598968823,1.400681084013191,2.101972521695744
24,5,Nick Viall,0.1271198760780836,0.06644798460975336,0.2149911850995976,0.16560561566194373,1271198.760780836,1656056.1566194373,0.11304544426859597,Percent,0,0.14854320048984426,1.1685285186920837,2.101972521695744
24,6,Heather Morris,0.0510644728873476,0.026607098453505888,0.07629392723134286,0.08814831893361244,510644.728873476,881483.1893361245,0.07197351374694112,Percent,1,0.04968682877783697,0.9730214759574661,1.9918889760819372
24,6,Nancy Kerrigan,0.13563031843704665,0.07284920845577264,0.2220759935912839,0.12913644728234686,1356303.1843704665,1291364.4728234685,0.07197351374694112,Percent,0,0.14922678513551127,1.1002465146078344,1.9918889760819372
24,6,Bonner Bolton,0.14478580844647146,0.08299775077536732,0.23149028178152373,0.14823759536982387,1447858.0844647146,1482375.9536982386,0.07197351374694112,Percent,0,0.1484925310061564,1.0256014218482976,1.9918889760819372
24,6,Simone Biles,0.12306421601470847,0.06737438940921656,0.20253790326567214,0.10384017385189488,1230642.1601470849,1038401.7385189488,0.07197351374694112,Percent,0,0.13516351385645559,1.098316945685503,1.9918889760819372
24,6,David Ross,0.14674486482242724,0.08239381248416718,0.2327144622787476,0.11529477173895336,1467448.6482242723,1152947.7173895335,0.07197351374694112,Percent,0,0.15032064979458043,1.0243673601558745,1.9918889760819372
24,6,Rashad Jennings,0.13482894479120858,0.07336998721068662,0.22732674758803798,0.14862830561739981,1348289.4479120858,1486283.0561739982,0.07197351374694112,Percent,0,0.15395676037735134,1.1418672794314562,1.9918889760819372
24,6,Normani,0.12061859026960779,0.06354557255338145,0.19885299462994316,0.12901427029876122,1206185.902696078,1290142.7029876122,0.07197351374694112,Percent,0,0.1353074220765617,1.1217791699780382,1.9918889760819372
24,6,Nick Viall,0.14326278433118214,0.08241176064476846,0.2279794630772253,0.13770011690720763,1432627.8433118213,1377001.1690720762,0.07197351374694112,Percent,0,0.14556770243245684,1.016088742879284,1.9918889760819372
24,7,Nancy Kerrigan,0.08676189535147066,0.05066290532640995,0.12022497849969904,0.13414250282025972,867618.9535147067,1341425.0282025973,0.04469473496022169,Percent,1,0.0695620731732891,0.8017583397814738,1.8763011344969618
24,7,Bonner Bolton,0.18298755580948906,0.12291556259817334,0.2643987395467564,0.16524809902533408,1829875.5580948906,1652480.9902533407,0.04469473496022169,Percent,0,0.1414831769485831,0.7731846918370954,1.8763011344969618
24,7,Simone Biles,0.15308761474837934,0.0959849173204722,0.2420774112124807,0.13838386991907928,1530876.1474837933,1383838.6991907929,0.04469473496022169,Percent,0,0.1460924938920085,0.9543064220585821,1.8763011344969618
24,7,David Ross,0.18162196565333166,0.12087743564330625,0.26519516888908,0.15313237175528505,1816219.6565333167,1531323.7175528505,0.04469473496022169,Percent,0,0.14431773324577377,0.79460506181966,1.8763011344969618
24,7,Rashad Jennings,0.15661687912795083,0.09391372788351814,0.2408476444333718,0.15225429085365183,1566168.7912795083,1522542.9085365182,0.04469473496022169,Percent,0,0.14693391654985366,0.9381742080929444,1.8763011344969618
24,7,Normani,0.14648342956714897,0.0863336598307037,0.2343509842158873,0.11480443336245436,1464834.2956714896,1148044.3336245436,0.04469473496022169,Percent,0,0.1480173243851836,1.0104714562088506,1.8763011344969618
24,7,Nick Viall,0.09244065974222958,0.05176069220666158,0.12678568368244722,0.14203443226393572,924406.5974222958,1420344.3226393573,0.04469473496022169,Percent,1,0.07502499147578565,0.8116016446117168,1.8763011344969618
24,8,Bonner Bolton,0.1501652931899587,0.09426664983501003,0.1983713954629068,0.22118385435521812,1501652.931899587,2211838.543552181,0.2773155851358846,Percent,1,0.10410474562789677,0.6932676880016779,1.5656557260397501
24,8,Simone Biles,0.20639044776614066,0.1299351556790662,0.3016530565991604,0.18462634094394842,2063904.4776614066,1846263.4094394841,0.2773155851358846,Percent,0,0.17171790092009423,0.8320050795890825,1.5656557260397501
24,8,David Ross,0.24371384316521574,0.16052571149633926,0.36285561840659003,0.23759119363352957,2437138.4316521576,2375911.936335296,0.2773155851358846,Percent,0,0.20232990691025077,0.8301945604833352,1.5656557260397501
24,8,Rashad Jennings,0.2056213864263851,0.13313932775317744,0.30479755764302746,0.1887711151564168,2056213.8642638512,1887711.151564168,0.2773155851358846,Percent,0,0.17165822988985002,0.8348267311742191,1.5656557260397501
24,8,Normani,0.19410902945229985,0.11591759233139749,0.28940609461691585,0.16782749591088694,1941090.2945229986,1678274.9591088693,0.2773155851358846,Percent,0,0.17348850228551838,0.8937683258477744,1.5656557260397501
24,9,Simone Biles,0.16281406950224817,0.11162448456968894,0.20818047612012802,0.2267626527424443,1628140.6950224817,2267626.527424443,0.2041649652919559,Percent,1,0.09655599155043908,0.5930445190985526,1.342952551106302
24,9,David Ross,0.30577469499374355,0.22167645379523906,0.4135173725309788,0.2844029814700608,3057746.9499374353,2844029.814700608,0.2041649652919559,Percent,0,0.19184091873573975,0.6273930507547886,1.342952551106302
24,9,Rashad Jennings,0.2652737090778454,0.1825126750727178,0.35372743879205903,0.24626537654297725,2652737.090778454,2462653.7654297724,0.2041649652919559,Percent,0,0.17121476371934125,0.6454268095942283,1.342952551106302
24,9,Normani,0.2661375264261628,0.18895181420947912,0.3755705093145229,0.24256898924451767,2661375.264261628,2425689.892445177,0.2041649652919559,Percent,0,0.18661869510504378,0.7012115037328991,1.342952551106302
25,1,Sasha Pieterse,0.07685051835467824,0.034443478276240815,0.13727988402366736,0.052406568469106136,768505.1835467824,524065.6846910614,1.0,Percent,0,0.10283640574742656,1.3381354862542243,2.4755826262034404
25,1,Frankie Muniz,0.07526300879411718,0.029729643502556347,0.13554052849032894,0.09035478885442413,752630.0879411718,903547.8885442413,1.0,Percent,0,0.1058108849877726,1.4058816765779252,2.4755826262034404
25,1,Jordan Fisher,0.07540665008466625,0.03135991805437253,0.12965592050257493,0.056925234498722825,754066.5008466626,569252.3449872283,1.0,Percent,0,0.09829600244820241,1.303545540583438,2.4755826262034404
25,1,Derek Fisher,0.07514008906543568,0.03176170770056198,0.13006896270139295,0.07424442580355028,751400.8906543568,742444.2580355029,1.0,Percent,0,0.09830725500083098,1.3083196496509366,2.4755826262034404
25,1,Nikki Bella,0.07539016601701354,0.03180997704075752,0.1303842131468823,0.0677645949879755,753901.6601701353,677645.949879755,1.0,Percent,0,0.09857423610612479,1.3075211438568688,2.4755826262034404
25,1,Terrell Owens,0.07733801838493357,0.03429975035980071,0.13640524716202043,0.09712933067975098,773380.1838493356,971293.3067975098,1.0,Percent,0,0.10210549680221973,1.320249715916062,2.4755826262034404
25,1,Victoria Arlen,0.07685940323031594,0.030227648839521264,0.13744250969552516,0.08917581962708293,768594.0323031594,891758.1962708293,1.0,Percent,0,0.10721486085600389,1.3949478703955736,2.4755826262034404
25,1,Barbara Corcoran,0.07745155087026492,0.03367159397856386,0.14059859723522827,0.06047748555530873,774515.5087026493,604774.8555530873,1.0,Percent,0,0.1069270032566644,1.3805663289528223,2.4755826262034404
25,1,Lindsey Stirling,0.07742362815124323,0.03093481556446646,0.1400663470033809,0.07688908663292428,774236.2815124324,768890.8663292428,1.0,Percent,0,0.10913153143891442,1.409537812226151,2.4755826262034404
25,1,Debbie Gibson,0.07877203362343593,0.031240053683699514,0.1435838871364962,0.05950116279344287,787720.3362343593,595011.6279344287,1.0,Percent,0,0.11234383345279668,1.426189324879542,2.4755826262034404
25,1,Nick Lachey,0.07683562089289149,0.030467143074552575,0.13699698609357797,0.06546436483926117,768356.2089289149,654643.6483926118,1.0,Percent,0,0.10652984301902539,1.386464269840775,2.4755826262034404
25,1,Drew Scott,0.07742737775123032,0.03039581709875101,0.1355146215033108,0.13270496376394308,774273.7775123032,1327049.6376394308,1.0,Percent,0,0.1051188044045598,1.3576438652268508,2.4755826262034404
25,1,Vanessa Lachey,0.07984193477977383,0.02901761222459794,0.14906448682680004,0.0769621734945069,798419.3477977383,769621.7349450691,1.0,Percent,0,0.1200468746022021,1.5035566827548035,2.4755826262034404
25,2,Sasha Pieterse,0.08612183508162197,0.03599831532665232,0.16134483625406273,0.0951150409662387,861218.3508162197,951150.409662387,0.023858376676050962,Percent,0,0.12534652092741042,1.4554557599546416,2.427690263133916
25,2,Frankie Muniz,0.07661226950381438,0.029975859554126575,0.150473429587913,0.05286578176907287,766122.6950381438,528657.8176907287,0.023858376676050962,Percent,0,0.12049757003378642,1.5728233977951414,2.427690263133916
25,2,Jordan Fisher,0.07791456497224754,0.02832641640535654,0.15876207693728359,0.07957002879351179,779145.6497224753,795700.2879351178,0.023858376676050962,Percent,0,0.13043566053192704,1.674085719125648,2.427690263133916
25,2,Derek Fisher,0.08827000529629439,0.04214490920455574,0.16301042064936377,0.07189734505778676,882700.0529629439,718973.4505778677,0.023858376676050962,Percent,0,0.12086551144480803,1.369270467800482,2.427690263133916
25,2,Nikki Bella,0.08640402773460487,0.03940502627924467,0.15815196933100445,0.09270691070466136,864040.2773460487,927069.1070466136,0.023858376676050962,Percent,0,0.11874694305175978,1.3743218477788803,2.427690263133916
25,2,Terrell Owens,0.09462067948539535,0.045676133256013794,0.17735854261748366,0.062341541915447794,946206.7948539535,623415.4191544779,0.023858376676050962,Percent,0,0.13168240936146985,1.3916874205262388,2.427690263133916
25,2,Victoria Arlen,0.08373327432593256,0.03576283314879702,0.15863211785891537,0.09798976220209012,837332.7432593255,979897.6220209012,0.023858376676050962,Percent,0,0.12286928471011835,1.4673889884187319,2.427690263133916
25,2,Barbara Corcoran,0.036690464357249215,0.015864323008536654,0.0584039900889434,0.04172256330392872,366904.6435724922,417225.6330392872,0.023858376676050962,Percent,1,0.04253966708040674,1.159420242442417,2.427690263133916
25,2,Lindsey Stirling,0.08237555088338885,0.03551892963529813,0.1567148841644309,0.07807202580737785,823755.5088338886,780720.2580737785,0.023858376676050962,Percent,0,0.12119595452913279,1.4712612326040557,2.427690263133916
25,2,Debbie Gibson,0.02831879463284864,0.01032727636800273,0.046190453241896495,0.05765691045613505,283187.9463284864,576569.1045613505,0.023858376676050962,Percent,1,0.035863176873893766,1.2664090170099949,2.427690263133916
25,2,Nick Lachey,0.0900186709104442,0.043756924517275884,0.15920234331942323,0.07914806936510303,900186.709104442,791480.6936510303,0.023858376676050962,Percent,0,0.11544541880214734,1.282460823232984,2.427690263133916
25,2,Drew Scott,0.08619965725960911,0.034751709003834175,0.15371518006944887,0.09250655065234277,861996.5725960911,925065.5065234277,0.023858376676050962,Percent,0,0.1189634710656147,1.3800921586884063,2.427690263133916
25,2,Vanessa Lachey,0.08272020555654891,0.0325759125155031,0.15833550205588384,0.09840746900630333,827202.0555654891,984074.6900630333,0.023858376676050962,Percent,0,0.12575958954038075,1.5203007378216606,2.427690263133916
25,3,Sasha Pieterse,0.09077050503451868,0.02935591093461229,0.1676390598049722,0.10298162613915306,907705.0503451868,1029816.2613915305,1.0,Percent,0,0.13828314887035992,1.5234370329632172,2.2768772213249013
25,3,Frankie Muniz,0.08216053592295579,0.025229766920875273,0.1532556590419088,0.1007842790072206,821605.3592295579,1007842.7900722061,1.0,Percent,0,0.12802589212103352,1.5582407135353518,2.2768772213249013
25,3,Jordan Fisher,0.08531910083440102,0.02622400314539827,0.16853911108140426,0.07507059016080553,853191.0083440101,750705.9016080552,1.0,Percent,0,0.142315107936006,1.6680333775695857,2.2768772213249013
25,3,Derek Fisher,0.09442453090896463,0.035812618639067734,0.17350677881336404,0.06603346874676219,944245.3090896463,660334.6874676219,1.0,Percent,0,0.1376941601742963,1.4582456364760576,2.2768772213249013
25,3,Nikki Bella,0.09302866240909474,0.032319811758864135,0.1754935851250235,0.0612040425945164,930286.6240909474,612040.425945164,1.0,Percent,0,0.14317377336615936,1.5390286139614782,2.2768772213249013
25,3,Terrell Owens,0.10203063499197598,0.036106104884629786,0.19192771663732666,0.14995917644846948,1020306.3499197598,1499591.764484695,1.0,Percent,0,0.15582161175269688,1.5272041751475054,2.2768772213249013
25,3,Victoria Arlen,0.08808343796054316,0.02972925289479623,0.1737001915167473,0.08489229143154517,880834.3796054316,848922.9143154516,1.0,Percent,0,0.14397093862195107,1.6344836436384627,2.2768772213249013
25,3,Lindsey Stirling,0.08784213130463772,0.028014587752391493,0.17597823495849044,0.09356123264983143,878421.3130463773,935612.3264983143,1.0,Percent,0,0.14796364720609895,1.684426880456247,2.2768772213249013
25,3,Nick Lachey,0.09627772118272195,0.03577947563156216,0.18129848061911155,0.11159237612206023,962777.2118272195,1115923.7612206023,1.0,Percent,0,0.14551900498754938,1.5114504498021324,2.2768772213249013
25,3,Drew Scott,0.09310251124790954,0.03138143629361558,0.17450814392576278,0.08936916776390398,931025.1124790953,893691.6776390398,1.0,Percent,0,0.1431267076321472,1.5373023317387786,2.2768772213249013
25,3,Vanessa Lachey,0.08696022820227678,0.02813530733005095,0.16965015944478226,0.06455174893573218,869602.2820227678,645517.4893573218,1.0,Percent,0,0.1415148521147313,1.627351434561049,2.2768772213249013
25,4,Sasha Pieterse,0.0950591052863521,0.04176758413174126,0.17646297766688948,0.080628494700055,950591.052863521,806284.94700055,0.10602205258693809,Percent,0,0.13469539353514823,1.4169646677127605,2.275132382559583
25,4,Frankie Muniz,0.09115532090325099,0.04019396507725137,0.17207112504053734,0.06737963908000934,911553.2090325098,673796.3908000934,0.10602205258693809,Percent,0,0.13187715996328597,1.4467302474120594,2.275132382559583
25,4,Jordan Fisher,0.08756091027617029,0.028351315733669384,0.16778418360078953,0.06269322258174609,875609.1027617028,626932.2258174609,0.10602205258693809,Percent,0,0.13943286786712014,1.592409985544278,2.275132382559583
25,4,Derek Fisher,0.03523529221757083,0.016154095897157373,0.05535703818527655,0.07094301767960536,352352.9221757083,709430.1767960535,0.10602205258693809,Percent,1,0.03920294228811917,1.112604432114509,2.275132382559583
25,4,Nikki Bella,0.09870622485396194,0.043413614390827596,0.1878265860447692,0.0979408732078026,987062.2485396194,979408.732078026,0.10602205258693809,Percent,0,0.14441297165394162,1.463058402523284,2.275132382559583
25,4,Terrell Owens,0.1073847242162108,0.046177702319121085,0.19065430751658521,0.11740507416836589,1073847.242162108,1174050.741683659,0.10602205258693809,Percent,0,0.14447660519746414,1.3454111490436174,2.275132382559583
25,4,Victoria Arlen,0.09258574981098253,0.033574737471679834,0.17547534951523416,0.0763496420237556,925857.4981098253,763496.420237556,0.10602205258693809,Percent,0,0.14190061204355434,1.5326398752858843,2.275132382559583
25,4,Lindsey Stirling,0.09394935938164926,0.03869210552364254,0.17439133922258937,0.1235808282435668,939493.5938164926,1235808.282435668,0.10602205258693809,Percent,0,0.13569923369894682,1.4443870037229054,2.275132382559583
25,4,Nick Lachey,0.10422665395733406,0.04571592786259912,0.19611645929547059,0.11070700635050679,1042266.5395733406,1107070.063505068,0.10602205258693809,Percent,0,0.15040053143287146,1.4430141016945532,2.275132382559583
25,4,Drew Scott,0.09968273569323281,0.04154624991264317,0.1836763716760392,0.12138505185635405,996827.3569323281,1213850.5185635404,0.10602205258693809,Percent,0,0.14213012176339604,1.4258248509630826,2.275132382559583
25,4,Vanessa Lachey,0.0944539234032844,0.041936798237092884,0.1754930298869068,0.07098715010823231,944539.234032844,709871.5010823231,0.10602205258693809,Percent,0,0.1335562316498139,1.4139828906796879,2.275132382559583
25,5,Sasha Pieterse,0.04354686476916224,0.020106606661012126,0.06699827325294626,0.07958994678969589,435468.6476916224,795899.4678969588,0.1463271875914545,Percent,1,0.04689166659193413,1.0768092454072726,2.1952035929847598
25,5,Frankie Muniz,0.09715337772335056,0.04299420046239053,0.17777104015964537,0.0831103898457807,971533.7772335056,831103.898457807,0.1463271875914545,Percent,0,0.13477683969725485,1.3872584037277542,2.1952035929847598
25,5,Jordan Fisher,0.09659608661040074,0.0378281704168412,0.18569395956196239,0.10994606758472468,965960.8661040075,1099460.6758472468,0.1463271875914545,Percent,0,0.1478657891451212,1.5307637641833838,2.1952035929847598
25,5,Nikki Bella,0.11097135890874084,0.047671061562053994,0.1980084426626226,0.10836592049695472,1109713.5890874085,1083659.2049695472,0.1463271875914545,Percent,0,0.1503373811005686,1.3547403814726742,2.1952035929847598
25,5,Terrell Owens,0.11791215236410543,0.05729272624789103,0.20794663638012395,0.0970513518832735,1179121.5236410543,970513.518832735,0.1463271875914545,Percent,0,0.15065391013223292,1.2776792477421917,2.1952035929847598
25,5,Victoria Arlen,0.09883240863621497,0.03974491647010922,0.18565016802709058,0.09563841519673544,988324.0863621497,956384.1519673544,0.1463271875914545,Percent,0,0.14590525155698136,1.4762895447993523,2.1952035929847598
25,5,Lindsey Stirling,0.10115858246772536,0.04500546763196226,0.1859316373613465,0.08592172215951452,1011585.8246772536,859217.2215951452,0.1463271875914545,Percent,0,0.14092616972938424,1.3931212388661804,2.1952035929847598
25,5,Nick Lachey,0.11685985971108212,0.06036454328579656,0.1930553736651996,0.14367055112164023,1168598.5971108212,1436705.5112164023,0.1463271875914545,Percent,0,0.13269083037940305,1.1354697045457742,2.1952035929847598
25,5,Drew Scott,0.10955461533302074,0.04886409051338972,0.1948244675230891,0.09931340217000811,1095546.1533302073,993134.0217000812,0.1463271875914545,Percent,0,0.14596037700969938,1.3323069645766499,2.1952035929847598
25,5,Vanessa Lachey,0.10741469347619723,0.05141502581583053,0.18275123147580788,0.0973922327516721,1074146.9347619722,973922.327516721,0.1463271875914545,Percent,0,0.13133620565997733,1.2227024200286067,2.1952035929847598
25,6,Frankie Muniz,0.11760918881884934,0.05459809053409845,0.2004845497976888,0.10254600014347635,1176091.8881884934,1025460.0014347635,0.2044153720359771,Percent,0,0.14588645926359034,1.240434193354533,2.105558591281955
25,6,Jordan Fisher,0.10282293800694932,0.04438258729551822,0.1817859883961774,0.10267946933677227,1028229.3800694932,1026794.6933677227,0.2044153720359771,Percent,0,0.13740340110065918,1.3363107859393468,2.105558591281955
25,6,Nikki Bella,0.12054076910025811,0.05244249407030092,0.21732749334766224,0.10523571436329349,1205407.691002581,1052357.143632935,0.2044153720359771,Percent,0,0.16488499927736133,1.3678774451838822,2.105558591281955
25,6,Terrell Owens,0.129458218031273,0.059371608353299035,0.22120608338613804,0.17693822037843027,1294582.18031273,1769382.2037843026,0.2044153720359771,Percent,0,0.161834475032839,1.2500903959124858,2.105558591281955
25,6,Victoria Arlen,0.11468070151326223,0.05575837340258933,0.21165162485752245,0.10575476697610059,1146807.0151326223,1057547.6697610058,0.2044153720359771,Percent,0,0.15589325145493313,1.3593677872375491,2.105558591281955
25,6,Lindsey Stirling,0.10971216104097829,0.04631803468812603,0.20465176393488319,0.08833062527350848,1097121.610409783,883306.2527350847,0.2044153720359771,Percent,0,0.15833372924675715,1.4431739174987024,2.105558591281955
25,6,Nick Lachey,0.0644346320436075,0.03494020546509855,0.09209644225852173,0.09180000459097427,644346.320436075,918000.0459097427,0.2044153720359771,Percent,1,0.05715623679342318,0.8870421849346714,2.105558591281955
25,6,Drew Scott,0.12437150688786319,0.06398850175175669,0.21109966544877667,0.11095997226406244,1243715.068878632,1109599.7226406245,0.2044153720359771,Percent,0,0.14711116369702,1.1828365465545054,2.105558591281955
25,6,Vanessa Lachey,0.11636988455695899,0.04935304868997606,0.19882823632931346,0.11575522667338198,1163698.8455695899,1157552.2667338199,0.2044153720359771,Percent,0,0.1494751876393374,1.2844834229097695,2.105558591281955
25,7,Frankie Muniz,0.13750600796800344,0.07287269288124627,0.23122018232463173,0.11099262172858108,1375060.0796800344,1109926.2172858107,0.044618954131715155,Percent,0,0.15834748944338545,1.1515677880797155,1.9986006793747726
25,7,Jordan Fisher,0.13572885241914714,0.08108383106748973,0.21150237172156006,0.11327341659706767,1357288.5241914715,1132734.1659706768,0.044618954131715155,Percent,0,0.13041854065407033,0.9608755863589126,1.9986006793747726
25,7,Nikki Bella,0.07735077459498799,0.042627800382427694,0.10820905534267831,0.12527477677957743,773507.7459498799,1252747.7677957744,0.044618954131715155,Percent,1,0.06558125496025062,0.8478422524355692,1.9986006793747726
25,7,Terrell Owens,0.15540577465230668,0.09561664514619446,0.24281984049832733,0.18097729976871735,1554057.746523067,1809772.9976871735,0.044618954131715155,Percent,0,0.1472031953521329,0.9472183107833307,1.9986006793747726
25,7,Victoria Arlen,0.14060945611116676,0.08059641594549684,0.23936177481217816,0.10580684456319081,1406094.5611116677,1058068.445631908,0.044618954131715155,Percent,0,0.1587653588666813,1.1291229143306007,1.9986006793747726
25,7,Lindsey Stirling,0.14232058602625364,0.08503687502326958,0.22019376455697323,0.12351754897836857,1423205.8602625364,1235175.4897836857,0.044618954131715155,Percent,0,0.13515688953370364,0.9496650717048866,1.9986006793747726
25,7,Drew Scott,0.14326735067601268,0.08415816173061506,0.21911975923317328,0.1428077374180931,1432673.5067601267,1428077.3741809311,0.044618954131715155,Percent,0,0.1349615975025582,0.9420261969369612,1.9986006793747726
25,7,Vanessa Lachey,0.06781119755212198,0.034770269559473745,0.09871182972476088,0.09734975416640396,678111.9755212198,973497.5416640396,0.044618954131715155,Percent,1,0.06394156016528713,0.9429351268444932,1.9986006793747726
25,8,Frankie Muniz,0.1781850996458453,0.10647414128441302,0.26866453827283765,0.1569668053894241,1781850.9964584531,1569668.0538942409,0.12330456226880394,Percent,0,0.16219039698842463,0.9102354647542853,1.7336584138795335
25,8,Jordan Fisher,0.16972268699992818,0.09761647173241442,0.26746014782618704,0.14866465226914846,1697226.8699992818,1486646.5226914845,0.12330456226880394,Percent,0,0.16984367609377263,1.0007128634125648,1.7336584138795335
25,8,Terrell Owens,0.09987035219777686,0.06313994982826465,0.13413309507904123,0.15697010462072603,998703.5219777686,1569701.0462072603,0.12330456226880394,Percent,1,0.07099314525077657,0.7108530578743358,1.7336584138795335
25,8,Victoria Arlen,0.1849582075970868,0.11818142052493115,0.2840647527893074,0.18910906485841805,1849582.075970868,1891090.6485841805,0.12330456226880394,Percent,0,0.16588333226437624,0.8968692680334397,1.7336584138795335
25,8,Lindsey Stirling,0.1790299660163124,0.10726683140203289,0.28181038097786876,0.1655538569133067,1790299.660163124,1655538.569133067,0.12330456226880394,Percent,0,0.17454354957583587,0.9749404161755371,1.7336584138795335
25,8,Drew Scott,0.18823368754305073,0.11730814948115993,0.2791864784423609,0.18273551594897663,1882336.8754305074,1827355.1594897662,0.12330456226880394,Percent,0,0.16187832896120097,0.8599859625242583,1.7336584138795335
25,9,Frankie Muniz,0.2217579389462403,0.150009887461121,0.32721569320098204,0.21337880522588618,2217579.389462403,2133788.0522588617,0.14637002341920374,Percent,0,0.17720580573986103,0.7990956562002507,1.557909617291924
25,9,Jordan Fisher,0.2069890695680194,0.13022802066019212,0.30068622359564995,0.18944884764958958,2069890.695680194,1894488.4764958958,0.14637002341920374,Percent,0,0.17045820293545783,0.823513064198025,1.557909617291924
25,9,Victoria Arlen,0.12180802189762376,0.07853744264821087,0.16314575544750406,0.17832373312270444,1218080.2189762376,1783237.3312270443,0.14637002341920374,Percent,1,0.08460831279929319,0.6946037829134449,1.557909617291924
25,9,Lindsey Stirling,0.21140884527181328,0.14049230285009945,0.31336449947549516,0.18147590880829392,2114088.4527181326,1814759.0880829392,0.14637002341920374,Percent,0,0.1728721966253957,0.8177150601391815,1.557909617291924
25,9,Drew Scott,0.23803612431630364,0.16518813417638314,0.3334370217933666,0.23737270519352596,2380361.243163036,2373727.0519352597,0.14637002341920374,Percent,0,0.16824888761698345,0.7068208159590662,1.557909617291924
26,1,Jamie Anderson,0.054978439885925615,0.0276515228089637,0.07934992047794238,0.082489632168588,549784.3988592562,824896.32168588,0.05349882302589343,Percent,1,0.051698397668978685,0.9403394817358829,2.2143834736488177
26,1,Johnny Damon,0.05706222438938889,0.02888021962573082,0.08243060205659554,0.08948066279861501,570622.2438938889,894806.6279861501,0.05349882302589343,Percent,1,0.05355038243086472,0.9384559225283685,2.2143834736488177
26,1,Kareem Abdul-Jabbar,0.12297395549986173,0.07289407290155175,0.20733860011556154,0.10758606788536226,1229739.5549986174,1075860.6788536226,0.05349882302589343,Percent,0,0.1344445272140098,1.0932764313185075,2.2143834736488177
26,1,Arike Ogunbowale,0.11502484659571038,0.06574834896688025,0.18524303815256876,0.09028790396222315,1150248.4659571038,902879.0396222315,0.05349882302589343,Percent,0,0.11949468918568851,1.0388598004889216,2.2143834736488177
26,1,Jennie Finch Daigle,0.11350888392438484,0.06159142483515643,0.18797053299134595,0.11736873819785551,1135088.8392438483,1173687.3819785551,0.05349882302589343,Percent,0,0.12637910815618952,1.1133851711587468,2.2143834736488177
26,1,Chris Mazdzer,0.11162028350886047,0.059049619443645736,0.18497854007043105,0.10473574393751339,1116202.8350886046,1047357.439375134,0.05349882302589343,Percent,0,0.12592892062678532,1.1281902954205363,2.2143834736488177
26,1,Mirai Nagasu,0.1050854553611975,0.05477385687073506,0.18430680304147265,0.07358879083450258,1050854.553611975,735887.9083450258,0.05349882302589343,Percent,0,0.12953294617073757,1.2326439061001324,2.2143834736488177
26,1,Tonya Harding,0.10825926413939024,0.05307020941491608,0.18429724582394424,0.10784663452059108,1082592.6413939025,1078466.3452059107,0.05349882302589343,Percent,0,0.13122703640902816,1.2121552594341076,2.2143834736488177
26,1,Josh Norman,0.10408174220348074,0.053072098852155754,0.17471912846011226,0.1084830458198838,1040817.4220348074,1084830.458198838,0.05349882302589343,Percent,0,0.12164702960795651,1.1687643484112273,2.2143834736488177
26,1,Adam Rippon,0.10740490449179943,0.05336451426037382,0.18046578675185593,0.11813277987486513,1074049.0449179944,1181327.7987486513,0.05349882302589343,Percent,0,0.12710127249148212,1.1833842513326434,2.2143834736488177
26,2,Kareem Abdul-Jabbar,0.08045213526709849,0.046281008868382344,0.10961453630690622,0.13144527656282448,804521.3526709849,1314452.7656282447,0.026505513146734522,Percent,1,0.06333352743852388,0.7872199690941529,2.0027197480387504
26,2,Arike Ogunbowale,0.0664925486210899,0.03378757471352824,0.09385767345924352,0.0922632919497251,664925.486210899,922632.919497251,0.026505513146734522,Percent,1,0.060070098745715284,0.9034109835077435,2.0027197480387504
26,2,Jennie Finch Daigle,0.14831405467317457,0.09585236577262975,0.2190012171034934,0.1313853096991631,1483140.5467317458,1313853.096991631,0.026505513146734522,Percent,0,0.12314885133086366,0.8303248913411136,2.0027197480387504
26,2,Chris Mazdzer,0.14407816647640617,0.08729956441099535,0.22580959453409163,0.12293465720443275,1440781.6647640618,1229346.5720443276,0.026505513146734522,Percent,0,0.1385100301230963,0.9613533647083043,2.0027197480387504
26,2,Mirai Nagasu,0.1322553560711148,0.07862469424397903,0.22082656956013585,0.13998852101537157,1322553.560711148,1399885.2101537157,0.026505513146734522,Percent,0,0.14220187531615683,1.0752069295378381,2.0027197480387504
26,2,Tonya Harding,0.14065698301363005,0.08786878871131608,0.2179014782761764,0.13208153423650826,1406569.8301363005,1320815.3423650826,0.026505513146734522,Percent,0,0.1300326895648603,0.9244666477188678,2.0027197480387504
26,2,Josh Norman,0.14746667865843588,0.09248957016012907,0.23597262796183938,0.12432785513584635,1474666.786584359,1243278.5513584635,0.026505513146734522,Percent,0,0.1434830578017103,0.9729862983762421,2.0027197480387504
26,2,Adam Rippon,0.1402840772190498,0.07429381425288539,0.22693217597178403,0.1255735541961284,1402840.7721904982,1255735.541961284,0.026505513146734522,Percent,0,0.15263836171889864,1.0880661921492198,2.0027197480387504
26,3,Jennie Finch Daigle,0.140239488191838,0.08097476502771014,0.1948455970608252,0.186019862630359,1402394.88191838,1860198.62630359,0.11163206072784104,Percent,1,0.11387083203311504,0.8119740987456225,1.7367779594415291
26,3,Chris Mazdzer,0.1297798686222739,0.07681544192488206,0.17541160481272,0.1735363166851849,1297798.6862227388,1735363.166851849,0.11163206072784104,Percent,1,0.09859616288783794,0.7597184673903735,1.7367779594415291
26,3,Mirai Nagasu,0.11840863528506225,0.0675987731484865,0.1651239691858554,0.1391922162466733,1184086.3528506225,1391922.162466733,0.11163206072784104,Percent,1,0.0975251960373689,0.8236324639886472,1.7367779594415291
26,3,Tonya Harding,0.20662308870865514,0.1498156123766502,0.2876637628891876,0.16438387928645407,2066230.8870865514,1643838.7928645406,0.11163206072784104,Percent,0,0.1378481505125374,0.6671478554214602,1.7367779594415291
26,3,Josh Norman,0.20826204156973527,0.1446479390863542,0.2908417063773091,0.18420908459879795,2082620.4156973527,1842090.8459879796,0.11163206072784104,Percent,0,0.1461937672909549,0.7019702975590144,1.7367779594415291
26,3,Adam Rippon,0.19668687762243506,0.13168569828290477,0.2961065733004721,0.15265864055253076,1966868.7762243506,1526586.4055253076,0.11163206072784104,Percent,0,0.1644208750175673,0.8359524387447628,1.7367779594415291
27,1,Juan Pablo Di Pace,0.07610042821898937,0.03524441370858372,0.1290492065103535,0.07681591387348,761004.2821898937,768159.1387347999,0.11584800741427248,Percent,0,0.09380479280176979,1.232644743231059,2.4775327872265005
27,1,Evanna Lynch,0.08241244367000336,0.04288846864085223,0.13968851949051203,0.08470610267979146,824124.4367000336,847061.0267979146,0.11584800741427248,Percent,0,0.0968000508496598,1.1745805188991534,2.4775327872265005
27,1,Nancy McKeon,0.08206214505056039,0.03834620339411331,0.14063470586291285,0.09116278108734817,820621.4505056039,911627.8108734817,0.11584800741427248,Percent,0,0.10228850246879954,1.2464760993729476,2.4775327872265005
27,1,John Schneider,0.08006512905850527,0.03939814658886724,0.13630481525920496,0.07366677430213227,800651.2905850527,736667.7430213226,0.11584800741427248,Percent,0,0.09690666867033772,1.2103479980595047,2.4775327872265005
27,1,Milo Manheim,0.07888903247601024,0.03828183739023628,0.1384523401119831,0.08750406784750955,788890.3247601024,875040.6784750955,0.11584800741427248,Percent,0,0.10017050272174682,1.2697646247874592,2.4775327872265005
27,1,Danelle Umstead,0.08332292022447552,0.04103719975541465,0.1417000093730712,0.06705438186222239,833229.2022447551,670543.8186222239,0.11584800741427248,Percent,0,0.10066280961765656,1.2081046769180273,2.4775327872265005
27,1,Mary Lou Retton,0.08250462070090968,0.038717807491802085,0.14128420362902058,0.10766675498161682,825046.2070090967,1076667.5498161681,0.11584800741427248,Percent,0,0.10256639613721849,1.2431594165984405,2.4775327872265005
27,1,DeMarcus Ware,0.07744873310901963,0.031926949723560145,0.13503884833824883,0.05591482907114187,774487.3310901963,559148.2907114187,0.11584800741427248,Percent,0,0.1031118986146887,1.3313568147014705,2.4775327872265005
27,1,Nikki Glaser,0.03533927330224016,0.018087180013700722,0.051405269634109574,0.05434994517418349,353392.73302240163,543499.4517418349,0.11584800741427248,Percent,1,0.03331808962040885,0.942806303215545,2.4775327872265005
27,1,Bobby Bones,0.07918306254669101,0.03517537478878393,0.1400193053174695,0.06004872664884732,791830.6254669101,600487.2664884732,0.11584800741427248,Percent,0,0.10484393052868557,1.324070162945054,2.4775327872265005
27,1,Tinashe,0.07603482042703062,0.03163916150165161,0.1310620345222635,0.05974232195441836,760348.2042703063,597423.2195441836,0.11584800741427248,Percent,0,0.0994228730206119,1.3075966045849534,2.4775327872265005
27,1,Alexis Ren,0.07695828253826578,0.03226726829860602,0.13576312066036256,0.08831042644299936,769582.8253826578,883104.2644299936,0.11584800741427248,Percent,0,0.10349585236175654,1.3448305880565299,2.4775327872265005
27,1,Joe Amabile,0.08967910867729875,0.054450425152271394,0.14389395126617566,0.09305697407430893,896791.0867729875,930569.7407430894,0.11584800741427248,Percent,0,0.08944352611390427,0.9973730496782456,2.4775327872265005
27,2,Juan Pablo Di Pace,0.08269107028241236,0.029013073169478338,0.15623468147092376,0.0902110929684902,826910.7028241237,902110.929684902,0.16644474034620507,Percent,0,0.1272216083014454,1.5385168902391664,2.3541400391100797
27,2,Evanna Lynch,0.09165532275922314,0.031746522108631596,0.18123542128656517,0.10919420117328332,916553.2275922314,1091942.0117328332,0.16644474034620507,Percent,0,0.14948889917793357,1.6309898288246518,2.3541400391100797
27,2,Nancy McKeon,0.09409290244658237,0.038256079122836725,0.1736978351108662,0.07525511143850552,940929.0244658238,752551.1143850553,0.16644474034620507,Percent,0,0.1354417559880295,1.4394471045775352,2.3541400391100797
27,2,John Schneider,0.08662624319047996,0.035812098125114496,0.16427264378925982,0.09975370563093719,866262.4319047995,997537.0563093718,0.16644474034620507,Percent,0,0.12846054566414533,1.4829287399856084,2.3541400391100797
27,2,Milo Manheim,0.08325851933634822,0.029557006198724468,0.16474885641408696,0.06230468383503995,832585.1933634821,623046.8383503995,0.16644474034620507,Percent,0,0.13519185021536248,1.6237599622594021,2.3541400391100797
27,2,Danelle Umstead,0.035609033365639746,0.01572593833726641,0.05542139904506688,0.06854881538765353,356090.3336563975,685488.1538765354,0.16644474034620507,Percent,1,0.039695460707800466,1.1147581654407905,2.3541400391100797
27,2,Mary Lou Retton,0.08803682420954004,0.032869241354462266,0.16450011831766967,0.0978993870759477,880368.2420954003,978993.870759477,0.16644474034620507,Percent,0,0.1316308769632074,1.4951797517128445,2.3541400391100797
27,2,DeMarcus Ware,0.08257198436453873,0.027475251056461272,0.15905213593677453,0.057176720588241574,825719.8436453873,571767.2058824158,0.16644474034620507,Percent,0,0.13157688488031327,1.5934809595882755,2.3541400391100797
27,2,Bobby Bones,0.09209014149555021,0.038539925216407644,0.17417102545840007,0.10248069113109573,920901.4149555021,1024806.9113109573,0.16644474034620507,Percent,0,0.13563110024199243,1.4728080339473266,2.3541400391100797
27,2,Tinashe,0.08200390561335444,0.026837846402166833,0.16253272166911562,0.09197981963183584,820039.0561335444,919798.1963183584,0.16644474034620507,Percent,0,0.1356948752669488,1.6547367378664304,2.3541400391100797
27,2,Alexis Ren,0.08324208339375648,0.02974909504230324,0.16190069640996524,0.06321354582832982,832420.8339375647,632135.4582832982,0.16644474034620507,Percent,0,0.132151601367662,1.5875575908227921,2.3541400391100797
27,2,Joe Amabile,0.09812196954257438,0.044709266559856055,0.17364961361331985,0.08198222531063967,981219.6954257438,819822.2531063968,0.16644474034620507,Percent,0,0.1289403470534638,1.3140823370602805,2.3541400391100797
27,3,Juan Pablo Di Pace,0.088375751684383,0.03067675409860174,0.16772631244555108,0.06870570729462615,883757.51684383,687057.0729462615,0.11299435028248588,Percent,0,0.13704955834694935,1.5507597472708972,2.278344791752551
27,3,Evanna Lynch,0.10048459272536149,0.039982441989746376,0.1836089416049433,0.0971334910614337,1004845.9272536149,971334.910614337,0.11299435028248588,Percent,0,0.1436264996151969,1.429338525635948,2.278344791752551
27,3,Nancy McKeon,0.03688703043102015,0.016378327321772686,0.05760613599150532,0.06627633627129226,368870.3043102015,662763.3627129226,0.11299435028248588,Percent,1,0.041227808669732635,1.117677627827208,2.278344791752551
27,3,John Schneider,0.1049627761760611,0.049605548245080025,0.1903634807088318,0.10929297640832143,1049627.761760611,1092929.7640832143,0.11299435028248588,Percent,0,0.1407579324637518,1.341027148783194,2.278344791752551
27,3,Milo Manheim,0.08626452585081051,0.03208949680978957,0.15982510500854272,0.08035932257829838,862645.2585081052,803593.2257829838,0.11299435028248588,Percent,0,0.12773560819875315,1.480743178484102,2.278344791752551
27,3,Mary Lou Retton,0.09736334191379971,0.04138984097148866,0.1785332447273548,0.0969058778313218,973633.4191379971,969058.778313218,0.11299435028248588,Percent,0,0.13714340375586614,1.4085732993561948,2.278344791752551
27,3,DeMarcus Ware,0.0884302464163274,0.03630631592515457,0.16259104681655406,0.09701151647612731,884302.4641632739,970115.1647612731,0.11299435028248588,Percent,0,0.1262847308913995,1.4280716837184206,2.278344791752551
27,3,Bobby Bones,0.10021062325769287,0.04343932379752749,0.18011367895343963,0.11712214965579891,1002106.2325769287,1171221.4965579892,0.11299435028248588,Percent,0,0.13667435515591214,1.3638709221920748,2.278344791752551
27,3,Tinashe,0.08985102125376987,0.03529856934727014,0.17122991216141736,0.07256724412460046,898510.2125376987,725672.4412460045,0.11299435028248588,Percent,0,0.13593134281414723,1.5128525075995614,2.278344791752551
27,3,Alexis Ren,0.09337722994279557,0.038125594473462324,0.17486809730358546,0.06522075675435672,933772.2994279556,652207.5675435672,0.11299435028248588,Percent,0,0.13674250283012312,1.4644095023368526,2.278344791752551
27,3,Joe Amabile,0.11379286034797818,0.05954282888844325,0.19330801901988023,0.129404621543823,1137928.603479782,1294046.2154382302,0.11299435028248588,Percent,0,0.13376519013143698,1.175514788207129,2.278344791752551
27,4,Juan Pablo Di Pace,0.09813210255833647,0.04446558330711932,0.1690825053697337,0.0913206666864835,981321.0255833648,913206.6668648351,0.059227671167969675,Percent,0,0.12461692206261439,1.2698894532350768,2.186599759761821
27,4,Evanna Lynch,0.10581639260461011,0.04946054279247073,0.18856776227209143,0.11003097230101316,1058163.9260461011,1100309.7230101316,0.059227671167969675,Percent,0,0.1391072194796207,1.3146093535753383,2.186599759761821
27,4,John Schneider,0.11988253554799781,0.06118927057683985,0.19988977901331037,0.14918408628529156,1198825.355479978,1491840.8628529157,0.059227671167969675,Percent,0,0.13870050843647053,1.1569700941213283,2.186599759761821
27,4,Milo Manheim,0.08799349525100852,0.03246228026819161,0.17035010036381582,0.0930603983469211,879934.9525100852,930603.983469211,0.059227671167969675,Percent,0,0.1378878200956242,1.5670228771148151,2.186599759761821
27,4,Mary Lou Retton,0.10285063024182374,0.04522957209367216,0.18353558263138406,0.0855170331326313,1028506.3024182374,855170.331326313,0.059227671167969675,Percent,0,0.1383060105377119,1.344726913316185,2.186599759761821
27,4,DeMarcus Ware,0.10187497122361397,0.05332138673941591,0.17318438156265292,0.08733126749494016,1018749.7122361397,873312.6749494016,0.059227671167969675,Percent,0,0.119862994823237,1.1765696066813074,2.186599759761821
27,4,Bobby Bones,0.11596804031747962,0.061244302053172286,0.1921711638362695,0.10627649419473807,1159680.4031747961,1062764.9419473808,0.059227671167969675,Percent,0,0.1309268617830972,1.1289908963251047,2.186599759761821
27,4,Tinashe,0.03080247034791351,0.012357703085876488,0.05033929879590271,0.06626144665016655,308024.7034791351,662614.4665016654,0.059227671167969675,Percent,1,0.037981595710026225,1.2330697921635696,2.186599759761821
27,4,Alexis Ren,0.10137402923244615,0.04553854426264691,0.1808087149177144,0.09436607328959168,1013740.2923244615,943660.7328959168,0.059227671167969675,Percent,0,0.1352701706550675,1.3343671123587186,2.186599759761821
27,4,Joe Amabile,0.13530533267477013,0.08486693699635979,0.21178304330103337,0.11665156161822272,1353053.3267477013,1166515.6161822272,0.059227671167969675,Percent,0,0.1269161063046736,0.9379978142453447,2.186599759761821
27,5,Juan Pablo Di Pace,0.10220764156369866,0.034297828396525176,0.18487806848936783,0.09222272159937071,1022076.4156369866,922227.2159937072,1.0,Percent,0,0.15058024009284265,1.4732777098569174,2.0943377418031304
27,5,Evanna Lynch,0.10843409077966386,0.04136678330345241,0.19292078321534295,0.0854584045875111,1084340.9077966386,854584.045875111,1.0,Percent,0,0.15155399991189053,1.3976600792443177,2.0943377418031304
27,5,John Schneider,0.12144189761986601,0.05155794927260816,0.222145941856942,0.10526862421537883,1214418.9761986602,1052686.2421537882,1.0,Percent,0,0.17058799258433385,1.4046881342245126,2.0943377418031304
27,5,Milo Manheim,0.09599118088938692,0.0317617231985937,0.187834894768914,0.10233282024834046,959911.8088938692,1023328.2024834047,1.0,Percent,0,0.1560731715703203,1.6259115694197719,2.0943377418031304
27,5,Mary Lou Retton,0.10557427857831367,0.042544149448958096,0.1939666290432883,0.11329334680882602,1055742.7857831367,1132933.4680882602,1.0,Percent,0,0.1514224795943302,1.4342743481974818,2.0943377418031304
27,5,DeMarcus Ware,0.10605299249060228,0.04272438773365674,0.19345578711254996,0.11181886497069907,1060529.9249060228,1118188.6497069907,1.0,Percent,0,0.1507313993788932,1.421283792555406,2.0943377418031304
27,5,Bobby Bones,0.11796357919901423,0.0457577287774851,0.21359782216748574,0.11708457120204875,1179635.7919901423,1170845.7120204875,1.0,Percent,0,0.16784009339000064,1.422812825192771,2.0943377418031304
27,5,Alexis Ren,0.105836163157862,0.034323418808705236,0.20210351418881226,0.10199789334563124,1058361.63157862,1019978.9334563124,1.0,Percent,0,0.16778009538010702,1.5852813478305268,2.0943377418031304
27,5,Joe Amabile,0.1364981757215929,0.059599906865052156,0.23557698126018137,0.17052275302219372,1364981.757215929,1705227.5302219372,1.0,Percent,0,0.17597707439512922,1.2892265663246596,2.0943377418031304
27,6,Juan Pablo Di Pace,0.1061880699895569,0.044020695563338964,0.19183481542962363,0.08700672527065528,1061880.6998955691,870067.2527065529,0.1720578114246387,Percent,0,0.14781411986628468,1.3920030741760492,2.0910649907794623
27,6,Evanna Lynch,0.11121096600080874,0.04531050009989456,0.20304631287120056,0.09880311007828506,1112109.6600080873,988031.1007828506,0.1720578114246387,Percent,0,0.157735812771306,1.4183476544045028,2.0910649907794623
27,6,John Schneider,0.13679955431956253,0.07662734727363883,0.21997623489932508,0.11945030598273382,1367995.5431956253,1194503.0598273382,0.1720578114246387,Percent,0,0.14334888762568626,1.0478753994389818,2.0910649907794623
27,6,Milo Manheim,0.10225252228281513,0.04069929189256036,0.18847641259301148,0.11792791908244782,1022525.2228281513,1179279.1908244782,0.1720578114246387,Percent,0,0.14777712070045113,1.4452173638487058,2.0910649907794623
27,6,Mary Lou Retton,0.049242975895659645,0.022685760387838438,0.07321471588892044,0.07158048334258113,492429.75895659643,715804.8334258113,0.1720578114246387,Percent,1,0.050528955501081996,1.0261149855798155,2.0910649907794623
27,6,DeMarcus Ware,0.10927161943307125,0.051314349537334346,0.20932795580636707,0.07791857961547932,1092716.1943307125,779185.7961547932,0.1720578114246387,Percent,0,0.1580136062690327,1.4460626381200097,2.0910649907794623
27,6,Bobby Bones,0.13130440317098085,0.07178201226337283,0.2232236345402285,0.13537235983591656,1313044.0317098086,1353723.5983591655,0.1720578114246387,Percent,0,0.15144162227685568,1.1533628623226952,2.0910649907794623
27,6,Alexis Ren,0.11091573014836568,0.05164504448734153,0.18881200444588048,0.11071491267907149,1109157.3014836567,1107149.126790715,0.1720578114246387,Percent,0,0.13716695995853895,1.2366772483493413,2.0910649907794623
27,6,Joe Amabile,0.14281415875917888,0.07407172457865413,0.24401012169651842,0.18122560411282976,1428141.5875917887,1812256.0411282976,0.1720578114246387,Percent,0,0.1699383971178643,1.189926815340654,2.0910649907794623
27,7,Juan Pablo Di Pace,0.13387523498684323,0.08327419291110363,0.22414917129366052,0.11308359491239159,1338752.3498684324,1130835.949123916,0.027861361863367882,Percent,0,0.1408749783825569,1.0522855731786507,1.995351754585021
27,7,Evanna Lynch,0.1352203837682193,0.07618907082013822,0.21881978206746994,0.14430125270408542,1352203.837682193,1443012.527040854,0.027861361863367882,Percent,0,0.14263071124733173,1.054801852151333,1.995351754585021
27,7,John Schneider,0.07325507883466385,0.04084617211245823,0.10014476496266486,0.10369795620916532,732550.7883466386,1036979.5620916532,0.027861361863367882,Percent,1,0.05929859285020663,0.8094809778860944,1.995351754585021
27,7,Milo Manheim,0.12995988728109423,0.07404387120843352,0.20628486683096972,0.11518149608623507,1299598.8728109424,1151814.9608623507,0.027861361863367882,Percent,0,0.13224099562253622,1.0175524032004437,1.995351754585021
27,7,DeMarcus Ware,0.06784963193645446,0.03314455485663672,0.10034680172145259,0.11350141366396724,678496.3193645446,1135014.1366396723,0.027861361863367882,Percent,1,0.06720224686481588,0.9904585322991155,1.995351754585021
27,7,Bobby Bones,0.15550285190485622,0.09139186649330937,0.24898426794295103,0.16047256410592528,1555028.519048562,1604725.641059253,0.027861361863367882,Percent,0,0.15759240144964165,1.0134373712069533,1.995351754585021
27,7,Alexis Ren,0.1389711248328542,0.08621572533007017,0.21430609294365582,0.11044737724045034,1389711.248328542,1104473.7724045033,0.027861361863367882,Percent,0,0.12809036761358567,0.9217049064519321,1.995351754585021
27,7,Joe Amabile,0.1653658064550145,0.10070213507483132,0.2598249035640068,0.1393143450777799,1653658.064550145,1393143.450777799,0.027861361863367882,Percent,0,0.15912276848917545,0.9622471047692838,1.995351754585021
27,8,Juan Pablo Di Pace,0.0937201190706791,0.05586435691869336,0.1280740573195741,0.12318988470445291,937201.190706791,1231898.8470445292,0.046193643754619367,Percent,1,0.07220970040088075,0.7704823800578373,1.7274435111681359
27,8,Evanna Lynch,0.18253506365356,0.120586384461723,0.2711717603801126,0.16387978745263346,1825350.6365356,1638797.8745263345,0.046193643754619367,Percent,0,0.1505853759183896,0.8249668469406575,1.7274435111681359
27,8,Milo Manheim,0.1884887264795167,0.1255891693377453,0.27476185923495466,0.19259747433249383,1884887.264795167,1925974.7433249382,0.046193643754619367,Percent,0,0.14917268989720936,0.7914143868621243,1.7274435111681359
27,8,Bobby Bones,0.21974603434482884,0.15556800289156278,0.3131840622359635,0.17961178151684515,2197460.3434482883,1796117.8151684515,0.046193643754619367,Percent,0,0.15761605934440073,0.7172646360346472,1.7274435111681359
27,8,Alexis Ren,0.18825779672996903,0.12206058172699757,0.27588206198681015,0.16528770788777572,1882577.9672996902,1652877.0788777573,0.046193643754619367,Percent,0,0.15382148025981257,0.8170789360742875,1.7274435111681359
27,8,Joe Amabile,0.12725225972144671,0.07793144922946997,0.16671589135111944,0.1754333641057987,1272522.5972144671,1754333.641057987,0.046193643754619367,Percent,1,0.08878444212164947,0.6977042475787643,1.7274435111681359
28,1,Kate Flannery,0.08357921957763934,0.03689658356856707,0.1443881768845144,0.06584048733463056,835792.1957763934,658404.8733463056,1.0,Rank,0,0.10749159331594735,1.2861042955312003,2.3971442314951577
28,1,James Van Der Beek,0.08248424011472176,0.03411567006813824,0.1458811492548842,0.0773957449368661,824842.4011472176,773957.449368661,1.0,Rank,0,0.11176547918674598,1.3549919236850447,2.3971442314951577
28,1,Kel Mitchell,0.08615231800040478,0.03142694628917825,0.15834484535371635,0.09404267451909813,861523.1800040478,940426.7451909813,1.0,Rank,0,0.1269178990645381,1.4731803160994668,2.3971442314951577
28,1,Ray Lewis,0.08210143724128886,0.03259151912806417,0.14138675869363304,0.1019182242640026,821014.3724128887,1019182.242640026,1.0,Rank,0,0.10879523956556887,1.3251319735832308,2.3971442314951577
28,1,Lamar Odom,0.08234774325701914,0.03292903095816685,0.14234236201759135,0.07261036721768355,823477.4325701914,726103.6721768355,1.0,Rank,0,0.1094133310594245,1.3286743113035868,2.3971442314951577
28,1,Sailor Brinkley-Cook,0.08258398868824315,0.033210534450861556,0.1477455168412147,0.11468399233863245,825839.8868824316,1146839.9233863244,1.0,Rank,0,0.11453498239035315,1.386890899914339,2.3971442314951577
28,1,Sean Spicer,0.08215238521267633,0.03141837487363521,0.14316469218007402,0.07407426166034449,821523.8521267633,740742.6166034449,1.0,Rank,0,0.1117463173064388,1.360232171191982,2.3971442314951577
28,1,Mary Wilson,0.08214285835134785,0.03516346487598799,0.14224448026831607,0.05569140229212523,821428.5835134785,556914.0229212523,1.0,Rank,0,0.10708101539232809,1.303594950814991,2.3971442314951577
28,1,Lauren Alaina,0.08562436206556438,0.03644668701601055,0.1479018344164353,0.09835271763204478,856243.6206556439,983527.1763204478,1.0,Rank,0,0.11145514740042475,1.3016756529535507,2.3971442314951577
28,1,Ally Brooke,0.08351312969097163,0.032249152809364356,0.14989383323359504,0.07950833386877802,835131.2969097163,795083.3386877802,1.0,Rank,0,0.11764468042423068,1.4086968223985612,2.3971442314951577
28,1,Karamo Brown,0.08306482680604095,0.032500789806765934,0.14597670307757338,0.09556463795184454,830648.2680604095,955646.3795184455,1.0,Rank,0,0.11347591327080744,1.3661126813130828,2.3971442314951577
28,1,Hannah Brown,0.08425349099408165,0.035177646822408905,0.14782650156149316,0.07031715598394951,842534.9099408165,703171.5598394951,1.0,Rank,0,0.11264885473908426,1.33702299346857,2.3971442314951577
28,2,Kate Flannery,0.08577650369324738,0.026620316146656612,0.17130272334838506,0.0622900775893041,857765.0369324738,622900.7758930409,0.11376564277588168,Rank,0,0.14468240720172845,1.686737054696697,2.354294918760891
28,2,James Van Der Beek,0.08548870947205667,0.02366539835893164,0.17009757134579945,0.07208112090706578,854887.0947205666,720811.2090706578,0.11376564277588168,Rank,0,0.1464321729868678,1.7128831852904678,2.354294918760891
28,2,Kel Mitchell,0.08632919888499656,0.028686274795171402,0.1656861424932596,0.10700971443138117,863291.9888499656,1070097.1443138118,0.11376564277588168,Rank,0,0.1369998676980882,1.5869470523014186,2.354294918760891
28,2,Ray Lewis,0.04503197712297297,0.015730042393172196,0.07300227847151083,0.0633832689871141,450319.77122972975,633832.6898711411,0.11376564277588168,Rank,1,0.05727223607833864,1.271812603784641,2.354294918760891
28,2,Lamar Odom,0.1098964061368729,0.06496143985226599,0.1797554544805034,0.09981316703688714,1098964.061368729,998131.6703688714,0.11376564277588168,Rank,0,0.1147940146282374,1.044565683842879,2.354294918760891
28,2,Sailor Brinkley-Cook,0.09150177375998066,0.0367561726219972,0.16964650484751456,0.09635175062537867,915017.7375998065,963517.5062537866,0.11376564277588168,Rank,0,0.13289033222551735,1.4523252038163053,2.354294918760891
28,2,Sean Spicer,0.09831883566777565,0.046550810814821666,0.1743598525747843,0.09396889059979,983188.3566777565,939688.9059979,0.11376564277588168,Rank,0,0.12780904175996266,1.2999446229391478,2.354294918760891
28,2,Mary Wilson,0.04697881502765569,0.01925271297342563,0.07669111197091079,0.042689256817441026,469788.1502765569,426892.56817441026,0.11376564277588168,Rank,1,0.05743839899748516,1.222644695564843,2.354294918760891
28,2,Lauren Alaina,0.090700996198579,0.031502588685993364,0.17014748666430987,0.10496179549052889,907009.96198579,1049617.954905289,0.11376564277588168,Rank,0,0.1386448979783165,1.5285928908076163,2.354294918760891
28,2,Ally Brooke,0.0839655372843002,0.031099650205148353,0.16437270930217576,0.07194519805024044,839655.372843002,719451.9805024044,0.11376564277588168,Rank,0,0.1332730590970274,1.5872352325428005,2.354294918760891
28,2,Karamo Brown,0.08717527092855666,0.030754975725800902,0.1593557558106466,0.09129845866973309,871752.7092855666,912984.5866973309,0.11376564277588168,Rank,0,0.12860078008484568,1.4751979399093438,2.354294918760891
28,2,Hannah Brown,0.0888359758230056,0.025396139407346197,0.17410486357176116,0.09420730079513537,888359.758230056,942073.0079513537,0.11376564277588168,Rank,0,0.14870872416441497,1.6739696140750253,2.354294918760891
28,3,Kate Flannery,0.09603700424277296,0.035446195802501766,0.18806732206944035,0.12328714191295931,960370.0424277296,1232871.419129593,1.0,Rank,0,0.15262112626693858,1.5891908277472506,2.191938424758305
28,3,James Van Der Beek,0.10111543165289802,0.035542123987708486,0.19736630906960081,0.1070456257590472,1011154.3165289802,1070456.257590472,1.0,Rank,0,0.16182418508189234,1.6003905876344482,2.191938424758305
28,3,Kel Mitchell,0.09320900702879192,0.03161445836074737,0.1842262255812744,0.0876419629475187,932090.0702879193,876419.629475187,1.0,Rank,0,0.15261176722052705,1.6373070809925678,2.191938424758305
28,3,Lamar Odom,0.11810306910467845,0.042684742136580404,0.20460740914421555,0.11757814667072915,1181030.6910467844,1175781.4667072915,1.0,Rank,0,0.16192266700763513,1.371028443504021,2.191938424758305
28,3,Sailor Brinkley-Cook,0.100606702810739,0.03221951243785611,0.1890496789526249,0.11344015444331981,1006067.0281073899,1134401.5444331982,1.0,Rank,0,0.15683016651476878,1.5588441140924494,2.191938424758305
28,3,Sean Spicer,0.10715626069592354,0.040651101701312184,0.19051012271113077,0.10260292160790817,1071562.6069592354,1026029.2160790816,1.0,Rank,0,0.14985902100981857,1.3985092428250394,2.191938424758305
28,3,Lauren Alaina,0.09876554974530961,0.03349475155371305,0.18816696880819775,0.10112648499294785,987655.4974530961,1011264.8499294785,1.0,Rank,0,0.1546722172544847,1.5660543342627433,2.191938424758305
28,3,Ally Brooke,0.09078020784658532,0.03043163607461719,0.16599515192059616,0.06206658061131836,907802.0784658531,620665.8061131836,1.0,Rank,0,0.13556351584597898,1.4933157685106377,2.191938424758305
28,3,Karamo Brown,0.09442711156775052,0.03375885495436109,0.17331110434222072,0.09994791705024776,944271.1156775053,999479.1705024776,1.0,Rank,0,0.13955224938785962,1.4778832802455497,2.191938424758305
28,3,Hannah Brown,0.09979965530455043,0.03927136315507551,0.18962139520937368,0.08526306400400363,997996.5530455043,852630.6400400363,1.0,Rank,0,0.15035003205429817,1.5065185505449623,2.191938424758305
28,4,Kate Flannery,0.1039309071630003,0.04342626728378744,0.18651530501211244,0.11522571405528056,1039309.0716300029,1152257.1405528057,0.26852846401718583,Rank,0,0.14308903772832499,1.3767707954661739,2.1973894523526707
28,4,James Van Der Beek,0.1069724286721296,0.04279002379163095,0.1896367484221428,0.12258642863080979,1069724.286721296,1225864.286308098,0.26852846401718583,Rank,0,0.14684672463051185,1.3727530210667362,2.1973894523526707
28,4,Kel Mitchell,0.08859582044882147,0.03228842937899785,0.16669049382086118,0.0686342630742764,885958.2044882147,686342.6307427641,0.26852846401718583,Rank,0,0.13440206444186334,1.5170248862868474,2.1973894523526707
28,4,Lamar Odom,0.06691864313840995,0.03382777971978106,0.0983196842222873,0.08568989381296369,669186.4313840995,856898.9381296368,0.26852846401718583,Rank,1,0.06449190450250625,0.9637359856372999,2.1973894523526707
28,4,Sailor Brinkley-Cook,0.10498034058058614,0.037313542123482896,0.19454910459719726,0.09868000117108017,1049803.4058058613,986800.0117108016,0.26852846401718583,Rank,0,0.15723556247371437,1.4977619771867239,2.1973894523526707
28,4,Sean Spicer,0.1293482380618307,0.06551161109939942,0.21281480972155567,0.11691272641238698,1293482.380618307,1169127.2641238698,0.26852846401718583,Rank,0,0.14730319862215624,1.138811017678824,2.1973894523526707
28,4,Lauren Alaina,0.101695807996881,0.039013800431486736,0.18813747104027653,0.07187014604578403,1016958.07996881,718701.4604578402,0.26852846401718583,Rank,0,0.14912367060878978,1.4663698882589478,2.1973894523526707
28,4,Ally Brooke,0.09277483585958912,0.032046566475544117,0.17906273897549027,0.10845899430658243,927748.3585958913,1084589.9430658242,0.26852846401718583,Rank,0,0.14701617249994614,1.584655700414809,2.1973894523526707
28,4,Karamo Brown,0.10236884167691715,0.03766422911362941,0.18729442401177712,0.08896330137940592,1023688.4167691715,889633.0137940592,0.26852846401718583,Rank,0,0.14963019489814772,1.4616771318990844,2.1973894523526707
28,4,Hannah Brown,0.10241413640183461,0.03734725094648602,0.1981446169443244,0.1229785311114301,1024141.3640183461,1229785.311114301,0.26852846401718583,Rank,0,0.16079736599783837,1.570070027900542,2.1973894523526707
28,5,Kate Flannery,0.11063171620973712,0.04325209460412049,0.2043811162564878,0.10152807928849922,1106317.1620973712,1015280.7928849922,1.0,Rank,0,0.1611290216523673,1.4564451060932355,2.095136064309171
28,5,James Van Der Beek,0.11231810436530769,0.04234491457575487,0.199214804409336,0.1031614220510006,1123181.043653077,1031614.220510006,1.0,Rank,0,0.15686988983358113,1.3966572060669,2.095136064309171
28,5,Kel Mitchell,0.0971734963624514,0.03005138540947102,0.1883062259823134,0.06163875383807261,971734.963624514,616387.5383807261,1.0,Rank,0,0.15825484057284236,1.6285802867745045,2.095136064309171
28,5,Sailor Brinkley-Cook,0.11110694698550362,0.04157283340603221,0.1993269458399742,0.1108377287474629,1111069.4698550361,1108377.287474629,1.0,Rank,0,0.157754112433942,1.4198402234427747,2.095136064309171
28,5,Sean Spicer,0.13814084582760228,0.05479974532833248,0.22096274250382383,0.13329304423165708,1381408.4582760227,1332930.4423165708,1.0,Rank,0,0.16616299717549135,1.202852032503553,2.095136064309171
28,5,Lauren Alaina,0.10773759176694267,0.040124716397966775,0.2017472066546697,0.14876913564502797,1077375.9176694266,1487691.3564502797,1.0,Rank,0,0.16162249025670292,1.5001494613535056,2.095136064309171
28,5,Ally Brooke,0.09955158890632013,0.034118063807103596,0.18675683875192137,0.12196373831972984,995515.8890632013,1219637.3831972985,1.0,Rank,0,0.15263877494481776,1.5332630711545312,2.095136064309171
28,5,Karamo Brown,0.1104072509736815,0.04341130204167874,0.18983461553786435,0.09268270705182563,1104072.509736815,926827.0705182563,1.0,Rank,0,0.1464233134961856,1.3262110251353825,2.095136064309171
28,5,Hannah Brown,0.1129324586024537,0.04129246662706243,0.20469188583324396,0.12612539082672403,1129324.586024537,1261253.9082672403,1.0,Rank,0,0.16339941920618153,1.4468773745675925,2.095136064309171
28,6,Kate Flannery,0.06783883898837495,0.050249217559148976,0.0847613736875484,0.08012237992397835,678388.3898837495,801223.7992397834,8e-05,Rank,0,0.03451215612839942,0.5087374230315692,2.0845169796191803
28,6,James Van Der Beek,0.07514361098133947,0.06382685603151678,0.09118129481976926,0.09230489630077161,751436.1098133947,923048.9630077161,8e-05,Rank,0,0.027354438788252486,0.3640288033941496,2.0845169796191803
28,6,Kel Mitchell,0.0910800224172648,0.08163873727447275,0.10219613862613222,0.09263671202508682,910800.224172648,926367.1202508681,8e-05,Rank,0,0.02055740135165947,0.2257070299947871,2.0845169796191803
28,6,Sailor Brinkley-Cook,0.04668451663207608,0.029306966676249685,0.05864739793327198,0.052183341039974025,466845.1663207608,521833.41039974027,8e-05,Rank,1,0.029340431257022292,0.6284831326038196,2.0845169796191803
28,6,Sean Spicer,0.23454903456061518,0.1720188127642773,0.30284740806960164,0.15611019643104435,2345490.345606152,1561101.9643104435,8e-05,Rank,0,0.13082859530532434,0.5577878227058485,2.0845169796191803
28,6,Lauren Alaina,0.09781227776819805,0.07973469946165573,0.11984360492904166,0.12186053501488776,978122.7776819805,1218605.3501488776,8e-05,Rank,0,0.04010890546738592,0.41006002909408407,2.0845169796191803
28,6,Ally Brooke,0.1211495075258232,0.09529148780087648,0.15509682824083304,0.12352226218157115,1211495.075258232,1235222.6218157115,8e-05,Rank,0,0.059805340439956556,0.49364905942526394,2.0845169796191803
28,6,Karamo Brown,0.12763368847875742,0.11246130605337108,0.14664833109160003,0.15003694287601857,1276336.8847875742,1500369.4287601856,8e-05,Rank,0,0.034187025038228944,0.2678526762463566,2.0845169796191803
28,6,Hannah Brown,0.1381085026475509,0.113399476345834,0.16657537036453374,0.13122273420666739,1381085.026475509,1312227.3420666738,8e-05,Rank,0,0.05317589401869974,0.385029835233267,2.0845169796191803
28,7,Kate Flannery,0.12113567992901923,0.07331664565329395,0.19166797939180116,0.09609083488923309,1211356.7992901923,960908.3488923309,0.05784359093012494,Rank,0,0.11835133373850722,0.9770146484327035,1.940110784547658
28,7,James Van Der Beek,0.07809396078481166,0.025918116066936888,0.1560906088001869,0.07249232883159404,780939.6078481167,724923.2883159404,0.05784359093012494,Rank,0,0.13017249273325002,1.666870157757026,1.940110784547658
28,7,Kel Mitchell,0.11535219290961109,0.06468534028292668,0.19422797446808648,0.09793028773890282,1153521.9290961109,979302.8773890282,0.05784359093012494,Rank,0,0.12954263418515982,1.1230183919144756,1.940110784547658
28,7,Sean Spicer,0.24610275427809475,0.15514226538503706,0.35325401133781525,0.26613570345530285,2461027.5427809474,2661357.0345530286,0.05784359093012494,Rank,0,0.1981117459527782,0.8049960535139441,1.940110784547658
28,7,Lauren Alaina,0.10318105505206032,0.0400927124429633,0.19305888182440992,0.14222374871135168,1031810.5505206032,1422237.4871135168,0.05784359093012494,Rank,0,0.1529661693814466,1.482502473969345,1.940110784547658
28,7,Ally Brooke,0.12708303176623498,0.05525126141956297,0.22836080573210674,0.09206147026560252,1270830.3176623497,920614.7026560252,0.05784359093012494,Rank,0,0.17310954431254377,1.362176695870563,1.940110784547658
28,7,Karamo Brown,0.06563351791155922,0.032368170716531516,0.10004525433591842,0.09164518439491419,656335.1791155922,916451.8439491419,0.05784359093012494,Rank,1,0.0676770836193869,1.0311360075286742,1.940110784547658
28,7,Hannah Brown,0.14341780736860854,0.06644720942519607,0.23816947197118457,0.14142044171309884,1434178.0736860854,1414204.4171309883,0.05784359093012494,Rank,0,0.1717222625459885,1.197356630230949,1.940110784547658
28,8,Kate Flannery,0.07587720656622002,0.038391780722261924,0.11860298941817482,0.13306738046789363,758772.0656622002,1330673.8046789363,0.177430801987225,Rank,1,0.08021120869591289,1.057118630558842,1.8148026190941946
28,8,James Van Der Beek,0.08511487777034443,0.02670429366768864,0.15786032155335553,0.05843495018666676,851148.7777034444,584349.5018666675,0.177430801987225,Rank,0,0.13115602788566688,1.5409295216231165,1.8148026190941946
28,8,Kel Mitchell,0.13685319610149885,0.07155960753660284,0.21853812291387434,0.13531882503977674,1368531.9610149884,1353188.2503977674,0.177430801987225,Rank,0,0.1469785153772715,1.073986721276594,1.8148026190941946
28,8,Sean Spicer,0.26869888717741947,0.1708748107290351,0.3898332628422195,0.2533807198776842,2686988.8717741948,2533807.1987768416,0.177430801987225,Rank,0,0.21895845211318438,0.8148841047064258,1.8148026190941946
28,8,Lauren Alaina,0.1521411182010498,0.09270236006883052,0.22549616700807792,0.14380166066179378,1521411.1820104981,1438016.6066179378,0.177430801987225,Rank,0,0.13279380693924742,0.872833120391323,1.8148026190941946
28,8,Ally Brooke,0.1314936472648034,0.062441640866440044,0.2186230390934805,0.1451099951851905,1314936.4726480339,1451099.9518519049,0.177430801987225,Rank,0,0.15618139822704044,1.1877486211369632,1.8148026190941946
28,8,Hannah Brown,0.14982106691866384,0.07286640518833112,0.24985720403031558,0.13088646858099437,1498210.6691866384,1308864.6858099436,0.177430801987225,Rank,0,0.17699079884198446,1.1813478737143872,1.8148026190941946
28,9,James Van Der Beek,0.09940685733951614,0.03157595734452956,0.18363298474604714,0.12221074831174576,994068.5733951614,1222107.4831174577,0.10208248264597795,Rank,0,0.15205702740151758,1.5296432406285516,1.699521933805922
28,9,Kel Mitchell,0.15070777029722823,0.06290029855315664,0.26204209894903824,0.11774376601224205,1507077.7029722824,1177437.6601224206,0.10208248264597795,Rank,0,0.19914180039588159,1.3213771260972875,1.699521933805922
28,9,Sean Spicer,0.20051344321918896,0.13729015797702596,0.2967888163063164,0.30235331979239594,2005134.4321918895,3023533.1979239592,0.10208248264597795,Rank,1,0.15949865832929047,0.795451196531179,1.699521933805922
28,9,Lauren Alaina,0.21810269529077858,0.13424208985892044,0.3137371338274341,0.200075999279574,2181026.952907786,2000759.99279574,0.10208248264597795,Rank,0,0.17949504396851368,0.8229840705508363,1.699521933805922
28,9,Ally Brooke,0.14206006608937405,0.05686899457961054,0.25646358678308706,0.10746365932426657,1420600.6608937406,1074636.5932426658,0.10208248264597795,Rank,0,0.19959459220347653,1.405001403264911,1.699521933805922
28,9,Hannah Brown,0.18920916776391383,0.10070883211992876,0.3017961658860262,0.15015250727977564,1892091.6776391384,1501525.0727977564,0.10208248264597795,Rank,0,0.20108733376609744,1.062777962307855,1.699521933805922
28,10,James Van Der Beek,0.11526587930833115,0.04922028176291737,0.1896126298121386,0.11281426870619869,1152658.7930833115,1128142.687061987,0.931098696461825,Rank,1,0.14039234804922124,1.2179870477860832,1.521658990340291
28,10,Kel Mitchell,0.1897349082009894,0.09961955446303267,0.29589426860331985,0.19269573207481722,1897349.082009894,1926957.3207481722,0.931098696461825,Rank,0,0.1962747141402872,1.034468121872281,1.521658990340291
28,10,Lauren Alaina,0.28019680385879986,0.17336790725763082,0.3976886293113617,0.2783618496550641,2801968.0385879986,2783618.496550641,0.931098696461825,Rank,0,0.22432072205373085,0.8005827295830727,1.521658990340291
28,10,Ally Brooke,0.17375558946186462,0.08988683269326989,0.277937370048783,0.16127838374898687,1737555.8946186462,1612783.8374898687,0.931098696461825,Rank,0,0.1880505373555131,1.0822704347982193,1.521658990340291
28,10,Hannah Brown,0.2410468191700146,0.1516707051898447,0.3521962118988444,0.2548497658149332,2410468.191700146,2548497.658149332,0.931098696461825,Rank,0,0.2005255067089997,0.8318944319591519,1.521658990340291
29,1,Anne Heche,0.06625924036401999,0.027516480675581132,0.11845046706899569,0.049508350839556764,662592.4036401999,495083.50839556765,1.0,Rank,0,0.09093398639341456,1.3723970557741771,2.618564938101811
29,1,Jesse Metcalfe,0.0654313014491388,0.02543021010852701,0.11040562840090698,0.05509288068067011,654313.0144913881,550928.8068067011,1.0,Rank,0,0.08497541829237998,1.298696746211494,2.618564938101811
29,1,Chrishell Stause,0.06543552309853205,0.027152193437631762,0.11923296944332919,0.06949018965130535,654355.2309853205,694901.8965130536,1.0,Rank,0,0.09208077600569742,1.4071985925296762,2.618564938101811
29,1,Skai Jackson,0.06702699495599428,0.026686998526560434,0.12084815235860738,0.07176592054019522,670269.9495599428,717659.2054019521,1.0,Rank,0,0.09416115383204694,1.4048243382217456,2.618564938101811
29,1,Justina Machado,0.06562530485188817,0.025493698072487515,0.11310284827249716,0.06211883933398028,656253.0485188817,621188.3933398029,1.0,Rank,0,0.08760915020000964,1.3349903729626478,2.618564938101811
29,1,Charles Oakley,0.06557725331535759,0.027908546983388884,0.12004156406775247,0.07800219238426848,655772.5331535758,780021.9238426847,1.0,Rank,0,0.09213301708436358,1.4049538891374531,2.618564938101811
29,1,Veron Davis,0.06756395297443575,0.026393955843703087,0.1167723663828916,0.09721556082442014,675639.5297443575,972155.6082442014,1.0,Rank,0,0.0903784105391885,1.3376720360542713,2.618564938101811
29,1,Johnny Weir,0.06857946136975171,0.0246921308094679,0.12407326410310618,0.0505595671935937,685794.6136975171,505595.671935937,1.0,Rank,0,0.09938113329363828,1.449138434579077,2.618564938101811
29,1,Nev Schulman,0.0658309770012546,0.02702612905071741,0.12026804199277788,0.04715027508866912,658309.7700125461,471502.7508866912,1.0,Rank,0,0.09324191294206047,1.4163835505628826,2.618564938101811
29,1,AJ McLean,0.0691222592943581,0.02809640301884257,0.12569434989788345,0.09807755532837609,691222.5929435809,980775.5532837609,1.0,Rank,0,0.09759794687904087,1.411961181179259,2.618564938101811
29,1,Nelly,0.06478854253526166,0.026037594075152305,0.11281657313631739,0.06776100088996176,647885.4253526166,677610.0088996176,1.0,Rank,0,0.08677897906116508,1.3394186018914527,2.618564938101811
29,1,Kaitlyn Bristowe,0.0656341401225045,0.029121948328740557,0.11366860416070418,0.057307887936078813,656341.401225045,573078.8793607882,1.0,Rank,0,0.08454665583196362,1.2881505825193929,2.618564938101811
29,1,Carole Baskin,0.06723574556391329,0.029729295389614222,0.12287141716413352,0.05709112016365548,672357.4556391329,570911.2016365548,1.0,Rank,0,0.0931421217745193,1.3853065953731383,2.618564938101811
29,1,Monica Aldama,0.06931582643127929,0.02730708292551186,0.12787367027385482,0.06987297100731275,693158.2643127929,698729.7100731275,1.0,Rank,0,0.10056658734834296,1.4508459687492312,2.618564938101811
29,1,Jeannie Mai,0.06657347667230995,0.028362428479898442,0.116783536120275,0.06898568813795596,665734.7667230995,689856.8813795595,1.0,Rank,0,0.08842110764037656,1.3281732014028005,2.618564938101811
29,2,Anne Heche,0.06886237552780633,0.015827686264156534,0.15356548784433138,0.05569497503602707,688623.7552780634,556949.7503602707,0.3004807692307692,Rank,0,0.13773780158017485,2.0001895160377807,2.5447999215048784
29,2,Jesse Metcalfe,0.06521615931262485,0.01845099219248257,0.13372068645996424,0.07337287450548381,652161.5931262486,733728.7450548381,0.3004807692307692,Rank,0,0.11526969426748167,1.767502034502164,2.5447999215048784
29,2,Chrishell Stause,0.06828331227454097,0.01722836784111976,0.1421898873286419,0.04269845274837363,682833.1227454097,426984.52748373634,0.3004807692307692,Rank,0,0.12496151948752215,1.8300447843698602,2.5447999215048784
29,2,Skai Jackson,0.0773904555993999,0.0333905251146245,0.14844318813853508,0.07141557069703804,773904.555993999,714155.7069703804,0.3004807692307692,Rank,0,0.11505266302391057,1.486651837527142,2.5447999215048784
29,2,Justina Machado,0.06653985488194716,0.018510726956773384,0.14340504745351884,0.08498228877661354,665398.5488194716,849822.8877661354,0.3004807692307692,Rank,0,0.12489432049674545,1.8769851650312264,2.5447999215048784
29,2,Charles Oakley,0.029802407685920556,0.009672073459218455,0.05353532374416741,0.04181672231463817,298024.07685920555,418167.22314638173,0.3004807692307692,Rank,1,0.04386325028494896,1.471802236490816,2.5447999215048784
29,2,Veron Davis,0.06902282458542704,0.01917288024215196,0.1420488799238246,0.0682368204854766,690228.2458542704,682368.2048547659,0.3004807692307692,Rank,0,0.12287599968167262,1.7802227077739115,2.5447999215048784
29,2,Johnny Weir,0.06996872311077049,0.01955030043961528,0.14196815171235677,0.10419016720269704,699687.2311077049,1041901.6720269704,0.3004807692307692,Rank,0,0.12241785127274149,1.7496081939202541,2.5447999215048784
29,2,Nev Schulman,0.06546516477757036,0.01651320118386831,0.13685955233684075,0.034137088619381105,654651.6477757036,341370.886193811,0.3004807692307692,Rank,0,0.12034635115297243,1.8383265598104082,2.5447999215048784
29,2,AJ McLean,0.07203448677611635,0.017902189210769307,0.14597106792679299,0.08268891635160773,720344.8677611635,826889.1635160773,0.3004807692307692,Rank,0,0.12806887871602368,1.777882850946972,2.5447999215048784
29,2,Nelly,0.0656944571724617,0.015878985645429035,0.13724357200913825,0.04279195547522943,656944.5717246169,427919.5547522943,0.3004807692307692,Rank,0,0.12136458636370923,1.8474098361921432,2.5447999215048784
29,2,Kaitlyn Bristowe,0.06748009907017179,0.018404233723172153,0.14101345033242732,0.09590653034338331,674800.9907017179,959065.3034338331,0.3004807692307692,Rank,0,0.12260921660925517,1.8169685329263556,2.5447999215048784
29,2,Carole Baskin,0.07011284326943312,0.020481820012852044,0.1454485411374789,0.06914682723960226,701128.4326943313,691468.2723960226,0.3004807692307692,Rank,0,0.12496672112462687,1.7823656165875135,2.5447999215048784
29,2,Monica Aldama,0.0772819677082145,0.02544692360262074,0.15336378775710596,0.06881586186623319,772819.6770821449,688158.6186623318,0.3004807692307692,Rank,0,0.12791686415448522,1.6551967806700736,2.5447999215048784
29,2,Jeannie Mai,0.06684486824759482,0.01598929549193308,0.13714183230593535,0.06410494833821513,668448.6824759482,641049.4833821513,0.3004807692307692,Rank,0,0.12115253681400227,1.8124433481602609,2.5447999215048784
29,3,Anne Heche,0.08124958309053898,0.031611882289034894,0.14597537509868702,0.06845687825406072,812495.8309053897,684568.7825406071,0.33444816053511706,Rank,0,0.11436349280965213,1.4075579031859557,2.4842365186390114
29,3,Jesse Metcalfe,0.0695010473441717,0.02034391199204733,0.1415144759899386,0.08724118326320042,695010.473441717,872411.8326320042,0.33444816053511706,Rank,0,0.12117056399789128,1.7434350794434832,2.4842365186390114
29,3,Chrishell Stause,0.07228673745443903,0.018407212264089732,0.15945641138850689,0.058503880860014706,722867.3745443904,585038.808600147,0.33444816053511706,Rank,0,0.14104919912441716,1.951245886748144,2.4842365186390114
29,3,Skai Jackson,0.08293649848655857,0.032539877580718586,0.16363870199376385,0.08618823203021182,829364.9848655857,861882.3203021182,0.33444816053511706,Rank,0,0.13109882441304527,1.5807132782955904,2.4842365186390114
29,3,Justina Machado,0.07473200231197981,0.021865417304382444,0.15618186570872894,0.09443528483848004,747320.023119798,944352.8483848005,0.33444816053511706,Rank,0,0.1343164484043465,1.7973083049966012,2.4842365186390114
29,3,Veron Davis,0.07388298259451906,0.018304240331744492,0.1583640091395422,0.05788896635345472,738829.8259451906,578889.6635345472,0.33444816053511706,Rank,0,0.14005976880779772,1.895697275466894,2.4842365186390114
29,3,Johnny Weir,0.07489840494053714,0.018578971989292047,0.15756181253150414,0.08140619063034747,748984.0494053713,814061.9063034747,0.33444816053511706,Rank,0,0.1389828405422121,1.8556181623968158,2.4842365186390114
29,3,Nev Schulman,0.07202387910114348,0.01791903330519615,0.15213939793912248,0.04112259585757484,720238.7910114349,411225.95857574843,0.33444816053511706,Rank,0,0.13422036463392634,1.86355367565582,2.4842365186390114
29,3,AJ McLean,0.07401154776358794,0.02164150633035656,0.15156366123573348,0.05987614612941148,740115.4776358794,598761.4612941148,0.33444816053511706,Rank,0,0.12992215490537692,1.7554308595245427,2.4842365186390114
29,3,Nelly,0.07130311303256444,0.024402120493737012,0.14059595489946114,0.08378956692609409,713031.1303256444,837895.6692609409,0.33444816053511706,Rank,0,0.11619383440572413,1.6295758973757275,2.4842365186390114
29,3,Kaitlyn Bristowe,0.0691408933611899,0.020376341685840106,0.14301327977958314,0.06606005545223793,691408.933611899,660600.5545223793,0.33444816053511706,Rank,0,0.12263693809374304,1.7737251014835957,2.4842365186390114
29,3,Carole Baskin,0.035405818989073225,0.014250712277981536,0.05889257496598554,0.06770714487553076,354058.18989073223,677071.4487553076,0.33444816053511706,Rank,1,0.044641862688004005,1.2608623091526612,2.4842365186390114
29,3,Monica Aldama,0.07875583463209569,0.022741762636117928,0.1562814319392786,0.06407015060040737,787558.346320957,640701.5060040737,0.33444816053511706,Rank,0,0.13353966930316066,1.6956162032563704,2.4842365186390114
29,3,Jeannie Mai,0.06987165689760097,0.018332968613934825,0.14297477528947572,0.08325372392897347,698716.5689760097,832537.2392897347,0.33444816053511706,Rank,0,0.1246418066755409,1.7838679116799425,2.4842365186390114
29,4,Anne Heche,0.03756332326461907,0.014837972265634871,0.06174448156204785,0.05944698829105257,375633.23264619074,594469.8829105257,0.14885382554331647,Rank,1,0.046906509296412977,1.2487316142391016,2.427735371287387
29,4,Jesse Metcalfe,0.08338054483103631,0.035705891233576655,0.14968483487456527,0.06480634792575343,833805.4483103631,648063.4792575344,0.14885382554331647,Rank,0,0.11397894364098862,1.3669728816471205,2.427735371287387
29,4,Chrishell Stause,0.07724468117411273,0.024983080481293992,0.15566737480072498,0.06771500663798757,772446.8117411273,677150.0663798758,0.14885382554331647,Rank,0,0.130684294319431,1.6918225608940392,2.427735371287387
29,4,Skai Jackson,0.0867948184088026,0.026573864176139272,0.17553371531799175,0.10416731451206271,867948.1840880259,1041673.1451206271,0.14885382554331647,Rank,0,0.14895985114185248,1.7162297689276023,2.427735371287387
29,4,Justina Machado,0.079024066363158,0.02342716201753442,0.15820767213016082,0.06030987056190207,790240.66363158,603098.7056190207,0.14885382554331647,Rank,0,0.1347805101126264,1.7055628280786972,2.427735371287387
29,4,Veron Davis,0.08178672314167398,0.02661976196856399,0.1545625104071769,0.062077545793859594,817867.2314167399,620775.4579385959,0.14885382554331647,Rank,0,0.1279427484386129,1.56434618632398,2.427735371287387
29,4,Johnny Weir,0.07751699782729683,0.022557151930269585,0.14918062215242478,0.09133593023605281,775169.9782729683,913359.3023605281,0.14885382554331647,Rank,0,0.1266234702221552,1.6334929598830001,2.427735371287387
29,4,Nev Schulman,0.07396131447324936,0.022083226874742158,0.14567179112257933,0.06950106247232393,739613.1447324936,695010.6247232393,0.14885382554331647,Rank,0,0.12358856424783718,1.670989288495369,2.427735371287387
29,4,AJ McLean,0.0793906839651106,0.023097356992283956,0.15997126401506198,0.07513006766142569,793906.839651106,751300.6766142569,0.14885382554331647,Rank,0,0.13687390702277802,1.7240550173736915,2.427735371287387
29,4,Nelly,0.08585735560461656,0.039460833810830785,0.15915304433172933,0.06055567916897574,858573.5560461656,605556.7916897574,0.14885382554331647,Rank,0,0.11969221052089854,1.3940821922363362,2.427735371287387
29,4,Kaitlyn Bristowe,0.07188910194520565,0.021405490153441075,0.1461048678586502,0.08199426745515345,718891.0194520565,819942.6745515345,0.14885382554331647,Rank,0,0.12469937770520913,1.734607532032544,2.427735371287387
29,4,Monica Aldama,0.07910071954556411,0.026607793752883017,0.1590678241236631,0.08631502823902831,791007.195455641,863150.2823902832,0.14885382554331647,Rank,0,0.13246003037078008,1.6745742786129727,2.427735371287387
29,4,Jeannie Mai,0.08648966945555406,0.0389417762925214,0.16575840611110707,0.11664489104442222,864896.6945555406,1166448.9104442222,0.14885382554331647,Rank,0,0.12681662981858566,1.4662633192713854,2.427735371287387
29,5,Jesse Metcalfe,0.04554298442740403,0.01794837494099833,0.073867276659689,0.06377394866490284,455429.8442740403,637739.4866490284,0.30175015087507545,Rank,1,0.05591890171869066,1.2278269072995414,2.3528658726034974
29,5,Chrishell Stause,0.09680320258706673,0.04784643722461994,0.17091231178272748,0.0822195231172085,968032.0258706673,822195.2311720849,0.30175015087507545,Rank,0,0.12306587455810754,1.2712996189089885,2.3528658726034974
29,5,Skai Jackson,0.09697680181809429,0.03393990386793386,0.18403142190706093,0.11169758011290164,969768.0181809429,1116975.8011290163,0.30175015087507545,Rank,0,0.15009151803912707,1.5477053813412358,2.3528658726034974
29,5,Justina Machado,0.08651895064280399,0.028556356436608227,0.16936923216249172,0.06048497098625204,865189.5064280399,604849.7098625203,0.30175015087507545,Rank,0,0.1408128757258835,1.6275379518555833,2.3528658726034974
29,5,Veron Davis,0.09436702462517214,0.03912263628600947,0.1650782078163832,0.0860621823627879,943670.2462517214,860621.823627879,0.30175015087507545,Rank,0,0.12595557153037373,1.3347413678737035,2.3528658726034974
29,5,Johnny Weir,0.08039349827499334,0.025783513737102335,0.160860944644187,0.08052232121812444,803934.9827499334,805223.2121812444,0.30175015087507545,Rank,0,0.13507743090708466,1.6802034219861897,2.3528658726034974
29,5,Nev Schulman,0.07609457201471688,0.021237329706060657,0.15544980875476194,0.05591320079042292,760945.7201471688,559132.0079042292,0.30175015087507545,Rank,0,0.1342124790487013,1.763758905467584,2.3528658726034974
29,5,AJ McLean,0.08142761248876809,0.02502843119822835,0.15619587556681794,0.10984053594219156,814276.1248876809,1098405.3594219156,0.30175015087507545,Rank,0,0.1311674443685896,1.6108472342435742,2.3528658726034974
29,5,Nelly,0.08983993106736826,0.030141534618370606,0.17648101412381326,0.1274774360426094,898399.3106736826,1274774.360426094,0.30175015087507545,Rank,0,0.14633947950544265,1.6288912710285484,2.3528658726034974
29,5,Kaitlyn Bristowe,0.0765658273918268,0.021247588418068158,0.158728810527932,0.06568335275959868,765658.2739182679,656833.5275959867,0.30175015087507545,Rank,0,0.13748122210986385,1.7955950688849946,2.3528658726034974
29,5,Monica Aldama,0.08209949265213803,0.024302219024034115,0.1637335754610286,0.06058282495383523,820994.9265213803,605828.2495383524,0.30175015087507545,Rank,0,0.13943135643699447,1.6983217792560061,2.3528658726034974
29,5,Jeannie Mai,0.09337010200964747,0.03317202006445669,0.17379668400671636,0.09574212304916489,933701.0200964748,957421.2304916489,0.30175015087507545,Rank,0,0.14062466394225967,1.5060994998991177,2.3528658726034974
29,6,Chrishell Stause,0.10794173387453616,0.045145642525263256,0.1914160374494745,0.10620796775690233,1079417.3387453617,1062079.6775690233,0.28735632183908044,Rank,0,0.14627039492421123,1.3550865793412732,2.2758897447943247
29,6,Skai Jackson,0.11366333396322982,0.0569558307537692,0.19265960616175243,0.10900329308259864,1136633.339632298,1090032.9308259864,0.28735632183908044,Rank,0,0.13570377540798323,1.193909862364969,2.2758897447943247
29,6,Justina Machado,0.0918094684648632,0.03447265338135282,0.17203904728463448,0.08424414366248431,918094.684648632,842441.4366248432,0.28735632183908044,Rank,0,0.13756639390328165,1.4983900484722912,2.2758897447943247
29,6,Veron Davis,0.05470062235037552,0.026452999448617058,0.08729281975313229,0.09358950962105515,547006.2235037552,935895.0962105516,0.28735632183908044,Rank,1,0.06083982030451523,1.112232689325107,2.2758897447943247
29,6,Johnny Weir,0.09571123257057404,0.04202274463201171,0.17603743733636074,0.09446460410982356,957112.3257057404,944646.0410982356,0.28735632183908044,Rank,0,0.13401469270434901,1.4001981701106123,2.2758897447943247
29,6,Nev Schulman,0.08072426156610654,0.02398749906254917,0.16991977610193837,0.11441350013317568,807242.6156610654,1144135.0013317568,0.28735632183908044,Rank,0,0.1459322770393892,1.807787079227509,2.2758897447943247
29,6,AJ McLean,0.08640228621725572,0.02880204577840302,0.16989284843161664,0.06469023107766848,864022.8621725573,646902.3107766848,0.28735632183908044,Rank,0,0.1410908026532136,1.6329521917793401,2.2758897447943247
29,6,Nelly,0.09986784518421507,0.03869519120300773,0.1782065764952718,0.08589066896206807,998678.4518421507,858906.6896206806,0.28735632183908044,Rank,0,0.13951138529226406,1.3969600028409843,2.2758897447943247
29,6,Kaitlyn Bristowe,0.07815494022694221,0.02041953378580931,0.15772377811841462,0.05451984284667237,781549.4022694221,545198.4284667236,0.28735632183908044,Rank,0,0.1373042443326053,1.75682105230851,2.2758897447943247
29,6,Monica Aldama,0.08706576515361589,0.02851912453315956,0.1650432509922441,0.0572152892382799,870657.6515361589,572152.892382799,0.28735632183908044,Rank,0,0.13652412645908454,1.5680575047862497,2.2758897447943247
29,6,Jeannie Mai,0.1039585104282855,0.03703324471437978,0.19325592291523516,0.13576094950927162,1039585.1042828549,1357609.495092716,0.28735632183908044,Rank,0,0.1562226782008554,1.5027406371758634,2.2758897447943247
29,7,Chrishell Stause,0.11982628564456743,0.055171796176368956,0.20722132630376283,0.13328094062140633,1198262.8564456743,1332809.4062140633,0.10447137484329294,Rank,0,0.15204953012739386,1.2689163259087246,2.1927287269361497
29,7,Skai Jackson,0.12448469947343815,0.05326848284557832,0.22257668234625133,0.1322646337941003,1244846.9947343816,1322646.337941003,0.10447137484329294,Rank,0,0.169308199500673,1.3600723640482342,2.1927287269361497
29,7,Justina Machado,0.10981120655412153,0.04921476403338497,0.1961469053209448,0.09401489034480599,1098112.0655412152,940148.9034480599,0.10447137484329294,Rank,0,0.14693214128755983,1.338043227993701,2.1927287269361497
29,7,Johnny Weir,0.09945656048040023,0.035704166355043476,0.1860276391303389,0.11833431640546603,994565.6048040023,1183343.1640546604,0.10447137484329294,Rank,0,0.15032347277529542,1.5114485364182633,2.1927287269361497
29,7,Nev Schulman,0.09046819311694375,0.02963183637121963,0.1870148019148525,0.06367788391519895,904681.9311694375,636778.8391519894,0.10447137484329294,Rank,0,0.15738296554363287,1.7396497058385119,2.1927287269361497
29,7,AJ McLean,0.10131401276668729,0.038554436252063465,0.1820637384918694,0.07525858993233635,1013140.1276668729,752585.8993233634,0.10447137484329294,Rank,0,0.14350930223980596,1.416480290542719,2.1927287269361497
29,7,Nelly,0.10811982769136451,0.03872781965711608,0.19838654484170798,0.13338832415073798,1081198.276913645,1333883.2415073798,0.10447137484329294,Rank,0,0.1596587251845919,1.4766831264321723,2.1927287269361497
29,7,Kaitlyn Bristowe,0.1187246871736264,0.06846277888757761,0.1978107932116455,0.08895734244669005,1187246.871736264,889573.4244669005,0.10447137484329294,Rank,0,0.1293480143240679,1.089478670387277,2.1927287269361497
29,7,Monica Aldama,0.06708635395877552,0.024086182743911676,0.10922507448069196,0.08841025002613362,670863.5395877552,884102.5002613362,0.10447137484329294,Rank,1,0.08513889173678028,1.2690940364578172,2.1927287269361497
29,7,Jeannie Mai,0.06070817314007511,0.028596460985454476,0.09423947868843562,0.07241282836312438,607081.731400751,724128.2836312437,0.10447137484329294,Rank,1,0.06564301770298114,1.0812879766867571,2.1927287269361497
29,8,Chrishell Stause,0.07349485964693764,0.041167778040707814,0.1073547090691218,0.11079281121149204,734948.5964693764,1107928.1121149203,0.10273268954181221,Rank,1,0.06618693102841398,0.9005654456157852,1.991490813699016
29,8,Skai Jackson,0.15911181375800984,0.0947401087064489,0.24299723726600125,0.17702020982865285,1591118.1375800984,1770202.0982865286,0.10273268954181221,Rank,0,0.14825712855955236,0.9317795144050952,1.991490813699016
29,8,Justina Machado,0.12526202431067943,0.05603488754445009,0.2154287507480167,0.09066758263524463,1252620.2431067943,906675.8263524463,0.10273268954181221,Rank,0,0.15939386320356663,1.2724835326645543,1.991490813699016
29,8,Johnny Weir,0.11166493076736761,0.04170284292704744,0.20731403720846475,0.11867032052213213,1116649.3076736762,1186703.2052213212,0.10273268954181221,Rank,0,0.1656111942814173,1.4831083773869556,1.991490813699016
29,8,Nev Schulman,0.10203044830192881,0.042527496286462525,0.17922033178310134,0.10257144531934768,1020304.4830192882,1025714.4531934769,0.10273268954181221,Rank,0,0.13669283549663883,1.3397259129170636,1.991490813699016
29,8,AJ McLean,0.13216954474879275,0.07438827955549274,0.219379995329829,0.12729586162099782,1321695.4474879275,1272958.6162099782,0.10273268954181221,Rank,0,0.14499171577433626,1.0970130528172273,1.991490813699016
29,8,Nelly,0.15916878487145944,0.10205815782514896,0.2362284524465037,0.12739131658360853,1591687.8487145945,1273913.1658360853,0.10273268954181221,Rank,0,0.13417029462135474,0.8429435126347617,1.991490813699016
29,8,Kaitlyn Bristowe,0.13709759359482462,0.06557417842729074,0.2397476597783041,0.1455904522785245,1370975.9359482462,1455904.522785245,0.10273268954181221,Rank,0,0.17417348135101335,1.270434270828721,1.991490813699016
29,9,Skai Jackson,0.17358525150700155,0.08733640422635906,0.2885811660526253,0.1711215516609132,1735852.5150700156,1711215.516609132,0.28835063437139563,Rank,0,0.20124476182626622,1.1593425137166622,1.8619221145228502
29,9,Justina Machado,0.15535305533601368,0.09529575503480871,0.23987002014492795,0.13894460408433945,1553530.5533601367,1389446.0408433946,0.28835063437139563,Rank,0,0.14457426511011923,0.9306174558164887,1.8619221145228502
29,9,Johnny Weir,0.12037722517752276,0.054181242027272425,0.2156250141903018,0.09956407053227613,1203772.2517752277,995640.7053227613,0.28835063437139563,Rank,0,0.16144377216302938,1.3411488088792953,1.8619221145228502
29,9,Nev Schulman,0.11505425732115342,0.04341710467718245,0.20179150939540608,0.12266392079643995,1150542.5732115342,1226639.2079643996,0.28835063437139563,Rank,0,0.15837440471822362,1.3765192910345747,1.8619221145228502
29,9,AJ McLean,0.09249794679903578,0.04924696753977086,0.13306040766821847,0.11826719293025892,924979.4679903578,1182671.9293025893,0.28835063437139563,Rank,1,0.0838134401284476,0.9061113573747055,1.8619221145228502
29,9,Nelly,0.19436463606021498,0.12153453455106271,0.27909224826637297,0.21334191045146617,1943646.3606021497,2133419.1045146617,0.28835063437139563,Rank,0,0.15755771371531024,0.810629530705875,1.8619221145228502
29,9,Kaitlyn Bristowe,0.14876762779905783,0.0724980233894943,0.2436154885467419,0.13609674954430603,1487676.2779905784,1360967.4954430603,0.28835063437139563,Rank,0,0.17111746515724757,1.1502332038820833,1.8619221145228502
29,10,Skai Jackson,0.13966122739060985,0.07863777770028549,0.19739303541099254,0.18527438014259395,1396612.2739060984,1852743.8014259394,0.20275750202757503,Rank,1,0.11875525771070705,0.8503094232343227,1.7102659683569599
29,10,Justina Machado,0.1907190059404003,0.12454035237241814,0.27088099193488235,0.1940185485339657,1907190.0594040032,1940185.485339657,0.20275750202757503,Rank,0,0.1463406395624642,0.7673102050888188,1.7102659683569599
29,10,Johnny Weir,0.1080091289069948,0.04988415518852098,0.1667067676006938,0.12470981757394177,1080091.289069948,1247098.1757394178,0.20275750202757503,Rank,1,0.11682261241217282,1.081599431403314,1.7102659683569599
29,10,Nev Schulman,0.13453231057040108,0.051319824199643566,0.23831100214853482,0.09442414559292381,1345323.1057040107,944241.4559292381,0.20275750202757503,Rank,0,0.18699117794889125,1.3899350806960111,1.7102659683569599
29,10,Nelly,0.256681906414232,0.18512966651471421,0.353182912874594,0.23418635768094173,2566819.06414232,2341863.5768094175,0.20275750202757503,Rank,0,0.1680532463598798,0.6547140338309484,1.7102659683569599
29,10,Kaitlyn Bristowe,0.17039642077736203,0.08762912646293049,0.2627734443118522,0.167386750475633,1703964.2077736203,1673867.50475633,0.20275750202757503,Rank,0,0.1751443178489217,1.0278638310000843,1.7102659683569599
30,1,Martin Kove,0.0657391832457101,0.025602317844490914,0.11895314551623466,0.06056342481094393,657391.832457101,605634.2481094393,1.0,Rank,0,0.09335082767174374,1.4200180632429058,2.6193276490381123
30,1,Brian Austin Green,0.06525938547848989,0.02703353950944956,0.11636099031173282,0.060395096656981236,652593.8547848989,603950.9665698124,1.0,Rank,0,0.08932745080228326,1.3688061900571593,2.6193276490381123
30,1,Melora Hardin,0.06656067478678453,0.028341186325594757,0.11633016991153058,0.07228721938253964,665606.7478678452,722872.1938253964,1.0,Rank,0,0.08798898358593582,1.3219364717649442,2.6193276490381123
30,1,Matt James,0.06585127538912451,0.025436008220811365,0.11229059172013875,0.07042187477631583,658512.7538912451,704218.7477631583,1.0,Rank,0,0.08685458349932738,1.3189506655124195,2.6193276490381123
30,1,"Mike ""The Miz"" Mizanin",0.06535237766777173,0.027129220934287608,0.11663717572895463,0.07033090353052679,653523.7766777173,703309.0353052679,1.0,Rank,0,0.08950795479466703,1.369620478840015,2.6193276490381123
30,1,Suni Lee,0.06569384293958255,0.027200432993201927,0.1140921786331964,0.08038330785505814,656938.4293958255,803833.0785505814,1.0,Rank,0,0.08689174563999447,1.3226771604746466,2.6193276490381123
30,1,Iman Shumpert,0.06707928556734437,0.02711304539380431,0.11865620219962306,0.09177061298426659,670792.8556734436,917706.1298426659,1.0,Rank,0,0.09154315680581875,1.3647008317331262,2.6193276490381123
30,1,Cody Rigsby,0.06718814607686331,0.02791480673532406,0.12068376430138884,0.07706908678207099,671881.4607686332,770690.8678207098,1.0,Rank,0,0.09276895756606479,1.3807339982254758,2.6193276490381123
30,1,Melanie C,0.06698666295408284,0.02724796741445872,0.1237354710765055,0.03972285265902705,669866.6295408284,397228.5265902705,1.0,Rank,0,0.09648750366204678,1.4403987212825604,2.6193276490381123
30,1,Jimmie Allen,0.06687212163120734,0.026811848161072318,0.11715273120752039,0.03862414926656485,668721.2163120734,386241.4926656485,1.0,Rank,0,0.09034088304644806,1.3509498553772297,2.6193276490381123
30,1,Olivia Jade,0.06521593979079658,0.027320264043114145,0.11352183600365372,0.06944040739448824,652159.3979079658,694404.0739448825,1.0,Rank,0,0.08620157196053957,1.3217868551317653,2.6193276490381123
30,1,JoJo Siwa,0.06721658630950045,0.027036972862059628,0.1198099232739667,0.06272937149645287,672165.8630950045,627293.7149645287,1.0,Rank,0,0.09277295041190707,1.3802091939738164,2.6193276490381123
30,1,Christine Chiu,0.06800999458218611,0.0271396494787159,0.12269525179029626,0.06065980590778035,680099.945821861,606598.0590778035,1.0,Rank,0,0.09555560231158036,1.4050229366818578,2.6193276490381123
30,1,Kenya Moore,0.06841410238034507,0.02631487130706112,0.12360942962258166,0.07342512939085548,684141.0238034506,734251.2939085548,1.0,Rank,0,0.09729455831552054,1.4221418527808185,2.6193276490381123
30,1,Amanda Kloots,0.06856042120021036,0.028047124479839255,0.12251183467603544,0.07217675710612798,685604.2120021036,721767.5710612797,1.0,Rank,0,0.09446471019619618,1.3778315322821608,2.6193276490381123
30,2,Martin Kove,0.03146728280560094,0.011367312754745644,0.05262171427598462,0.04764976593313647,314672.82805600937,476497.6593313647,0.32938076416337286,Rank,1,0.04125440152123897,1.3110252250281997,2.541576073686014
30,2,Brian Austin Green,0.07481533099426396,0.020650914437813177,0.15695711877915974,0.0967946643651838,748153.3099426397,967946.6436518381,0.32938076416337286,Rank,0,0.13630620434134658,1.8219020424008694,2.541576073686014
30,2,Melora Hardin,0.06406621052591009,0.017041180683643662,0.13473115399687693,0.10735958453966155,640662.1052591009,1073595.8453966156,0.32938076416337286,Rank,0,0.11768997331323328,1.8370053784535343,2.541576073686014
30,2,Matt James,0.07756091180546103,0.03380209440853953,0.15154802093339548,0.07788059834889528,775609.1180546103,778805.9834889529,0.32938076416337286,Rank,0,0.11774592652485594,1.518109106558563,2.541576073686014
30,2,"Mike ""The Miz"" Mizanin",0.06762809713663386,0.016236730901241326,0.14370236327629368,0.04804646335997373,676280.9713663385,480464.6335997373,0.32938076416337286,Rank,0,0.12746563237505235,1.884802881818846,2.541576073686014
30,2,Suni Lee,0.06566123176271194,0.01729392382612332,0.13300000478080812,0.03802097830278197,656612.3176271194,380209.7830278197,0.32938076416337286,Rank,0,0.11570608095468479,1.7621673832258598,2.541576073686014
30,2,Iman Shumpert,0.06791924731326442,0.017769773230035694,0.14422236903573102,0.03800513264094153,679192.4731326442,380051.32640941534,0.32938076416337286,Rank,0,0.12645259580569532,1.861807967665736,2.541576073686014
30,2,Cody Rigsby,0.07000830323644065,0.019245570305259967,0.14803649187629175,0.06322372139939793,700083.0323644065,632237.2139939793,0.32938076416337286,Rank,0,0.12879092157103178,1.8396520929247955,2.541576073686014
30,2,Melanie C,0.06730701487321455,0.016830278646049312,0.14419556287067342,0.07218684033713976,673070.1487321455,721868.4033713976,0.32938076416337286,Rank,0,0.12736528422462412,1.8923032683077778,2.541576073686014
30,2,Jimmie Allen,0.06958443849606594,0.017209284161160767,0.14027231651660868,0.06227216830809325,695844.3849606593,622721.6830809325,0.32938076416337286,Rank,0,0.12306303235544791,1.7685424358551871,2.541576073686014
30,2,Olivia Jade,0.06715499724605671,0.015008670870256488,0.14067893363884248,0.0964965778948071,671549.9724605671,964965.7789480711,0.32938076416337286,Rank,0,0.125670262768586,1.8713464064055974,2.541576073686014
30,2,JoJo Siwa,0.07155221585040242,0.019203414124415695,0.1517780618229751,0.059873495995090356,715522.1585040241,598734.9599509035,0.32938076416337286,Rank,0,0.1325746476985594,1.8528377650209946,2.541576073686014
30,2,Christine Chiu,0.0695847435438165,0.019042875673205843,0.14520936057953365,0.05617210862357112,695847.435438165,561721.0862357111,0.32938076416337286,Rank,0,0.1261664849063278,1.813134294687493,2.541576073686014
30,2,Kenya Moore,0.06819637554329677,0.020461619671594402,0.14635555414438542,0.07962312574115205,681963.7554329677,796231.2574115205,0.32938076416337286,Rank,0,0.125893934472791,1.8460502258344067,2.541576073686014
30,2,Amanda Kloots,0.06749359886686021,0.019563327542412186,0.13742798908199227,0.05639477421017404,674935.9886686021,563947.7421017404,0.32938076416337286,Rank,0,0.11786466153958008,1.7463087391751515,2.541576073686014
30,3,Brian Austin Green,0.09637206335645311,0.05545529984229705,0.1652251565966186,0.06276266286954932,963720.6335645311,627626.6286954932,0.01709343270315545,Rank,0,0.10976985675432155,1.1390215476482408,2.4865007225469364
30,3,Melora Hardin,0.059353965055346125,0.017527641903079667,0.1317984554616751,0.060549217366235086,593539.6505534613,605492.1736623509,0.01709343270315545,Rank,0,0.11427081355859543,1.9252431316431966,2.4865007225469364
30,3,Matt James,0.08729099456334083,0.042843771423723455,0.16350980302179358,0.060621553905506644,872909.9456334083,606215.5390550664,0.01709343270315545,Rank,0,0.12066603159807013,1.3823422702614692,2.4865007225469364
30,3,"Mike ""The Miz"" Mizanin",0.0601297745664125,0.017323342281665047,0.1262507697751703,0.05267977730195171,601297.745664125,526797.7730195171,0.01709343270315545,Rank,0,0.10892742749350526,1.8115389302382372,2.4865007225469364
30,3,Suni Lee,0.06530724224513774,0.025887434641976032,0.13441302736461433,0.08002672804487392,653072.4224513775,800267.2804487392,0.01709343270315545,Rank,0,0.1085255927226383,1.661769644402926,2.4865007225469364
30,3,Iman Shumpert,0.09442945658007329,0.05188666829858032,0.1667754984767971,0.09060182658799878,944294.5658007329,906018.2658799879,0.01709343270315545,Rank,0,0.11488883017821677,1.216663044976803,2.4865007225469364
30,3,Cody Rigsby,0.10744162702646955,0.0671986372041802,0.17652447275390037,0.08070568358224564,1074416.2702646954,807056.8358224564,0.01709343270315545,Rank,0,0.10932583554972017,1.0175370438385714,2.4865007225469364
30,3,Melanie C,0.06269554965067745,0.018759045195470225,0.1382924371030753,0.0647233863243489,626955.4965067744,647233.8632434891,0.01709343270315545,Rank,0,0.11953339190760506,1.906569008065367,2.4865007225469364
30,3,Jimmie Allen,0.08198555810257688,0.03908012096220921,0.15467791888783164,0.0867757356498539,819855.5810257688,867757.356498539,0.01709343270315545,Rank,0,0.11559779792562243,1.4099775692322705,2.4865007225469364
30,3,Olivia Jade,0.0614530976018296,0.019473108053475102,0.13750107568706837,0.05916054245189746,614530.976018296,591605.4245189746,0.01709343270315545,Rank,0,0.11802796763359327,1.9206186870892463,2.4865007225469364
30,3,JoJo Siwa,0.06792596461332354,0.020719319692816596,0.14170182965342418,0.10184139988411503,679259.6461332353,1018413.9988411503,0.01709343270315545,Rank,0,0.12098250996060758,1.781093734175357,2.4865007225469364
30,3,Christine Chiu,0.023616551276727113,0.00929873743272021,0.04004205630977109,0.042008762275865516,236165.51276727114,420087.62275865517,0.01709343270315545,Rank,1,0.030743318877050882,1.3017700390211855,2.4865007225469364
30,3,Kenya Moore,0.06629869342541726,0.025802049904633778,0.13048909816283302,0.0870908185640696,662986.9342541726,870908.185640696,0.01709343270315545,Rank,0,0.10468704825819924,1.5790212875909384,2.4865007225469364
30,3,Amanda Kloots,0.06569946193621479,0.020126748627042345,0.14098447764430522,0.07045190519148847,656994.6193621479,704519.0519148847,0.01709343270315545,Rank,0,0.12085772901726287,1.8395543198603246,2.4865007225469364
30,4,Brian Austin Green,0.05384853099520814,0.024044917305539287,0.08664072929112535,0.06872806754822834,538485.3099520814,687280.6754822835,0.09179364787956673,Rank,1,0.06259581198558606,1.1624423327566042,2.410782140983091
30,4,Melora Hardin,0.06293279636376495,0.01247344418182315,0.13436085473315904,0.04230562779950805,629327.9636376494,423056.2779950805,0.09179364787956673,Rank,0,0.12188741055133588,1.936786820131124,2.410782140983091
30,4,Matt James,0.04948275397130323,0.020274157255487982,0.07880120206527927,0.06854532784643541,494827.5397130323,685453.2784643541,0.09179364787956673,Rank,1,0.05852704480979129,1.1827766264531914,2.410782140983091
30,4,"Mike ""The Miz"" Mizanin",0.07278329109501348,0.022181506005600798,0.1411142234158268,0.06569277001067096,727832.9109501349,656927.7001067096,0.09179364787956673,Rank,0,0.118932717410226,1.6340662207067234,2.410782140983091
30,4,Suni Lee,0.07157002581372535,0.01648302528412226,0.15176950632438932,0.055789911991950894,715700.2581372535,557899.1199195089,0.09179364787956673,Rank,0,0.13528648104026705,1.8902673221381245,2.410782140983091
30,4,Iman Shumpert,0.10811360973316594,0.047681784672323604,0.1912552882399395,0.14347640767576184,1081136.0973316594,1434764.0767576185,0.09179364787956673,Rank,0,0.1435735035676159,1.327987326683182,2.410782140983091
30,4,Cody Rigsby,0.12018277087193126,0.06405317122618927,0.2060462836722997,0.09072267282863036,1201827.7087193127,907226.7282863036,0.09179364787956673,Rank,0,0.14199311244611046,1.1814764413895953,2.410782140983091
30,4,Melanie C,0.06918069897343614,0.019907390315043124,0.1403117507431741,0.07421043006042874,691806.9897343614,742104.3006042874,0.09179364787956673,Rank,0,0.12040436042813096,1.7404328405869907,2.410782140983091
30,4,Jimmie Allen,0.09484927056512424,0.03351217975338295,0.17618259469524536,0.10422881127361315,948492.7056512424,1042288.1127361315,0.09179364787956673,Rank,0,0.14267041494186242,1.5041804126886122,2.410782140983091
30,4,Olivia Jade,0.061913349518274,0.014032915331220138,0.13372241471339644,0.07495766997250577,619133.49518274,749576.6997250577,0.09179364787956673,Rank,0,0.1196894993821763,1.9331775830808413,2.410782140983091
30,4,JoJo Siwa,0.07335166213903059,0.017769951488859397,0.15717885299142278,0.0835789020259651,733516.6213903059,835789.020259651,0.09179364787956673,Rank,0,0.13940890150256338,1.9005554535128057,2.410782140983091
30,4,Kenya Moore,0.08949127301363985,0.04081274677113707,0.16426793257527086,0.07310644055419478,894912.7301363985,731064.4055419478,0.09179364787956673,Rank,0,0.1234551858041338,1.3795220656355769,2.410782140983091
30,4,Amanda Kloots,0.07229996694638259,0.017674267737225417,0.14875225555466606,0.05465696041210649,722999.6694638259,546569.6041210649,0.09179364787956673,Rank,0,0.13107798781744065,1.8129743809516212,2.410782140983091
30,5,Melora Hardin,0.06768744309278867,0.02998886601837401,0.1257387333274163,0.07612583144881029,676874.4309278866,761258.3144881028,0.03579610538373425,Rank,0,0.0957498673090423,1.4145883332863458,2.2473746199870774
30,5,"Mike ""The Miz"" Mizanin",0.11705819935794977,0.07403532714061248,0.19045983988177584,0.10519173513676211,1170581.9935794978,1051917.3513676212,0.03579610538373425,Rank,0,0.11642451274116336,0.9945865678759617,2.2473746199870774
30,5,Suni Lee,0.07492083910321702,0.032512803644836726,0.14170299699244296,0.07695640008254225,749208.3910321702,769564.0008254225,0.03579610538373425,Rank,0,0.10919019334760624,1.457407507104625,2.2473746199870774
30,5,Iman Shumpert,0.1391001296116571,0.08845967226795112,0.2130909518467514,0.11315094944327028,1391001.296116571,1131509.494432703,0.03579610538373425,Rank,0,0.12463127957880027,0.8959824834581298,2.2473746199870774
30,5,Cody Rigsby,0.14569171059700659,0.08270377783076246,0.24211587378151905,0.14658339258821484,1456917.1059700658,1465833.9258821486,0.03579610538373425,Rank,0,0.1594120959507566,1.0941740974659948,2.2473746199870774
30,5,Melanie C,0.028676232138658716,0.010384373423860475,0.05040777791167457,0.052635179847696126,286762.32138658717,526351.7984769612,0.03579610538373425,Rank,1,0.04002340448781409,1.3956995568416446,2.2473746199870774
30,5,Jimmie Allen,0.10822174443824659,0.054889958392626,0.19880569214152907,0.10364298390442347,1082217.444382466,1036429.8390442347,0.03579610538373425,Rank,0,0.14391573374890307,1.3298227125790247,2.2473746199870774
30,5,Olivia Jade,0.07284023631185914,0.03003442738797726,0.14759121913217274,0.0543411251972269,728402.3631185914,543411.251972269,0.03579610538373425,Rank,0,0.11755679174419548,1.6138990988563833,2.2473746199870774
30,5,JoJo Siwa,0.0744513256689364,0.0252585122719749,0.14534810303226192,0.12160633179436603,744513.2566893641,1216063.3179436603,0.03579610538373425,Rank,0,0.12008959076028702,1.6129946603542136,2.2473746199870774
30,5,Kenya Moore,0.09607341589223058,0.04308650278450583,0.17917999629171377,0.09031987468537095,960734.1589223058,903198.7468537095,0.03579610538373425,Rank,0,0.13609349350720795,1.4165572468024819,2.2473746199870774
30,5,Amanda Kloots,0.07527872378744921,0.02607355108521812,0.14680842033609898,0.05944619587131662,752787.2378744921,594461.9587131662,0.03579610538373425,Rank,0,0.12073486925088085,1.6038378864096827,2.2473746199870774
30,6,Melora Hardin,0.08629650448141796,0.03002317616733449,0.1598593091754561,0.08537045888647078,862965.0448141795,853704.5888647079,0.30921459492888065,Rank,0,0.1298361330081216,1.5045352507421543,2.156141256243676
30,6,"Mike ""The Miz"" Mizanin",0.12608935707287,0.05852864142072443,0.20948312096941732,0.12635520256194652,1260893.5707287,1263552.0256194652,0.30921459492888065,Rank,0,0.1509544795486929,1.1972023892663102,2.156141256243676
30,6,Suni Lee,0.07750626460365052,0.02211907137725845,0.14996076627160235,0.04495225669926994,775062.6460365052,449522.56699269934,0.30921459492888065,Rank,0,0.12784169489434388,1.6494369267838844,2.156141256243676
30,6,Iman Shumpert,0.14834295974326944,0.06670418061032587,0.24988212827964604,0.13946368678573764,1483429.5974326944,1394636.8678573763,0.30921459492888065,Rank,0,0.18317794766932016,1.2348273756054085,2.156141256243676
30,6,Cody Rigsby,0.15022439720427067,0.07106321926948883,0.2545661376532744,0.18786128785140682,1502243.9720427066,1878612.8785140682,0.30921459492888065,Rank,0,0.18350291838378557,1.221525409978938,2.156141256243676
30,6,Jimmie Allen,0.11567638726185896,0.04453523623734216,0.20946881348414104,0.12557879111366615,1156763.8726185896,1255787.9111366617,0.30921459492888065,Rank,0,0.16493357724679888,1.4258188827546578,2.156141256243676
30,6,Olivia Jade,0.07894683089568852,0.022448701987447587,0.1629325096333937,0.07043573151240481,789468.3089568852,704357.3151240482,0.30921459492888065,Rank,0,0.14048380764594612,1.7794736793369914,2.156141256243676
30,6,JoJo Siwa,0.08015469820767081,0.021953051559868982,0.16560465797842575,0.08120771603243018,801546.9820767081,812077.1603243018,0.30921459492888065,Rank,0,0.14365160641855676,1.7921794932890072,2.156141256243676
30,6,Kenya Moore,0.055249658205785854,0.022704451971279807,0.08940235231378908,0.07474145718559379,552496.5820578586,747414.5718559378,0.30921459492888065,Rank,1,0.06669790034250928,1.2072092843377,2.156141256243676
30,6,Amanda Kloots,0.0815129423235172,0.021183063991502393,0.1650791284127685,0.0640334113710734,815129.423235172,640334.1137107341,0.30921459492888065,Rank,0,0.14389606442126612,1.7653155476851292,2.156141256243676
30,7,Melora Hardin,0.09565561796750734,0.03206414023079298,0.18580485740969155,0.066144323115231,956556.1796750734,661443.2311523099,0.21891418563922943,Rank,0,0.15374071717889856,1.6072314459472918,2.074093217360294
30,7,"Mike ""The Miz"" Mizanin",0.07695302020033093,0.0389034780689151,0.11618763353463585,0.10967850291221859,769530.2020033093,1096785.029122186,0.21891418563922943,Rank,1,0.07728415546572075,1.0043030834206088,2.074093217360294
30,7,Suni Lee,0.10731865179023174,0.044098933083062335,0.1887050537604401,0.10513327728882953,1073186.5179023175,1051332.7728882954,0.21891418563922943,Rank,0,0.14460612067737777,1.3474463037425146,2.074093217360294
30,7,Iman Shumpert,0.1559866631571525,0.0777770211649431,0.25223736674477776,0.15519042303639463,1559866.631571525,1551904.2303639464,0.21891418563922943,Rank,0,0.17446034557983464,1.1184311661572655,2.074093217360294
30,7,Cody Rigsby,0.16440461835382117,0.08332115423420983,0.26554086077381694,0.20785509608614128,1644046.1835382117,2078550.9608614128,0.21891418563922943,Rank,0,0.18221970653960712,1.1083612392654654,2.074093217360294
30,7,Jimmie Allen,0.12625387717054745,0.04678648908792172,0.22700024577214584,0.14321171006068445,1262538.7717054745,1432117.1006068445,0.21891418563922943,Rank,0,0.18021375668422412,1.4273918609310199,2.074093217360294
30,7,Olivia Jade,0.08458357851077591,0.025027507582494318,0.16862968047442992,0.057313581775337435,845835.7851077592,573135.8177533743,0.21891418563922943,Rank,0,0.1436021728919356,1.697754758314473,2.074093217360294
30,7,JoJo Siwa,0.08929856272537175,0.0277106105681348,0.17231041333749916,0.054580066116152556,892985.6272537175,545800.6611615255,0.21891418563922943,Rank,0,0.14459980276936435,1.6192847718508718,2.074093217360294
30,7,Amanda Kloots,0.09954541012426137,0.036248408172602456,0.17881593088026496,0.10089301960901048,995454.1012426136,1008930.1960901048,0.21891418563922943,Rank,0,0.1425675227076625,1.4321857987193696,2.074093217360294
30,8,Melora Hardin,0.1045834607555304,0.03725528533484148,0.20203958904946379,0.0745685914616115,1045834.6075553041,745685.914616115,0.4187604690117253,Rank,0,0.1647843037146223,1.5756248887174873,1.9573677180747804
30,8,Suni Lee,0.1226153747791618,0.0473881230560441,0.2155667827604642,0.1309097122374036,1226153.747791618,1309097.1223740361,0.4187604690117253,Rank,0,0.1681786597044201,1.3715952017218127,1.9573677180747804
30,8,Iman Shumpert,0.18783210375983606,0.11393584682860401,0.29531583673768536,0.19536060321960907,1878321.0375983606,1953606.0321960908,0.4187604690117253,Rank,0,0.18137998990908133,0.965649568302741,1.9573677180747804
30,8,Cody Rigsby,0.18730749601825478,0.09904036265191632,0.2939042435115539,0.17643204375518057,1873074.9601825478,1764320.4375518057,0.4187604690117253,Rank,0,0.1948638808596376,1.0403421379390305,1.9573677180747804
30,8,Jimmie Allen,0.11021415816215309,0.05237022640835086,0.17366165564025074,0.12887731634223537,1102141.581621531,1288773.1634223538,0.4187604690117253,Rank,1,0.12129142923189988,1.1005067883696875,1.9573677180747804
30,8,Olivia Jade,0.06898966892790444,0.0215029100026713,0.12065180030880521,0.08087595872773867,689896.6892790444,808759.5872773867,0.4187604690117253,Rank,1,0.09914889030613391,1.4371556183252083,1.9573677180747804
30,8,JoJo Siwa,0.11307152471924403,0.04201831199387448,0.1993106102811773,0.11684936657784933,1130715.2471924403,1168493.6657784933,0.4187604690117253,Rank,0,0.15729229828730282,1.3910867362747492,1.9573677180747804
30,8,Amanda Kloots,0.1053862128779149,0.03715762951329486,0.19939474691642697,0.0961264076783717,1053862.128779149,961264.076783717,0.4187604690117253,Rank,0,0.16223711740313213,1.5394529604273417,1.9573677180747804
30,9,Melora Hardin,0.12644927631605538,0.05247802279758198,0.20325249277663116,0.14262038302880756,1264492.7631605538,1426203.8302880756,0.28620492272467085,Rank,1,0.15077446997904917,1.1923711576030998,1.6883693248778437
30,9,Suni Lee,0.10312112066899808,0.0525601547473521,0.1530636412711159,0.1421638493394378,1031211.2066899808,1421638.4933943779,0.28620492272467085,Rank,1,0.10050348652376381,0.9746159261240339,1.6883693248778437
30,9,Iman Shumpert,0.23354464523511745,0.14422693542433057,0.34871694432509265,0.22908620660681508,2335446.4523511743,2290862.066068151,0.28620492272467085,Rank,0,0.20449000890076208,0.8755927959508338,1.6883693248778437
30,9,Cody Rigsby,0.2582607026530975,0.17908584451047144,0.3541608600626217,0.22992099864514887,2582607.0265309745,2299209.9864514885,0.28620492272467085,Rank,0,0.17507501555215027,0.6779003299906436,1.6883693248778437
30,9,JoJo Siwa,0.141984773833348,0.0621886072577615,0.22921532148304885,0.15256836902957074,1419847.7383334802,1525683.6902957074,0.28620492272467085,Rank,0,0.16702671422528736,1.1763706045081417,1.6883693248778437
30,9,Amanda Kloots,0.13663948129338346,0.06101617148248433,0.22141936911761534,0.10364019335022,1366394.8129338347,1036401.9335022,0.28620492272467085,Rank,0,0.160403197635131,1.173915446083432,1.6883693248778437
31,1,Jason Lewis,0.03469021809694126,0.01743564928316666,0.052281478868502186,0.03972438753471222,346902.1809694126,397243.8753471222,0.2051702913418137,Rank,1,0.034845829585335525,1.004485745461715,2.6797194331601677
31,1,Cheryl Ladd,0.06244038644816702,0.023237821081846296,0.11376506663925151,0.060024264025034066,624403.8644816702,600242.6402503407,0.2051702913418137,Rank,0,0.09052724555740521,1.449818790480319,2.6797194331601677
31,1,Selma Blair,0.06367118281953767,0.027035791748225062,0.10758493109332029,0.06296724580797322,636711.8281953767,629672.4580797323,0.2051702913418137,Rank,0,0.08054913934509522,1.265079990321438,2.6797194331601677
31,1,Joseph Baena,0.061505022923522126,0.02410115648929907,0.10883391020817222,0.04026525736481687,615050.2292352213,402652.5736481687,0.2051702913418137,Rank,0,0.08473275371887315,1.377655835105262,2.6797194331601677
31,1,Trevor Donovan,0.06362907173635331,0.02402927915192982,0.11138536519989331,0.0777511246581192,636290.7173635331,777511.246581192,0.2051702913418137,Rank,0,0.0873560860479635,1.3728958110519502,2.6797194331601677
31,1,Daniel Durant,0.0632902988249651,0.026582306520738907,0.1139732351210584,0.06492068165057706,632902.988249651,649206.8165057705,0.2051702913418137,Rank,0,0.0873909286003195,1.3807950068620596,2.6797194331601677
31,1,Wayne Brady,0.06138690763751755,0.023938650488232103,0.10988619560989198,0.07918691661520806,613869.0763751755,791869.1661520806,0.2051702913418137,Rank,0,0.08594754512165988,1.4000956951467567,2.6797194331601677
31,1,Sam Champion,0.06561618823139535,0.030052320731985268,0.11134447100718615,0.0676224142975499,656161.8823139535,676224.1429754989,0.2051702913418137,Rank,0,0.08129215027520088,1.2389038812880182,2.6797194331601677
31,1,Jessie James Decker,0.06566610351672134,0.031904633845821276,0.11584614043434312,0.05725611392640269,656661.0351672134,572561.1392640269,0.2051702913418137,Rank,0,0.08394150658852184,1.2783080172732775,2.6797194331601677
31,1,Jordin Sparks,0.06415368808622675,0.02470535504034709,0.1185442603580825,0.05507837604345459,641536.8808622675,550783.7604345459,0.2051702913418137,Rank,0,0.09383890531773542,1.4627203535299451,2.6797194331601677
31,1,Heidi D'Amelio,0.06464940323374328,0.027555034542377687,0.11374870051455428,0.09727686970534545,646494.0323374328,972768.6970534545,0.2051702913418137,Rank,0,0.08619366597217659,1.3332476660386006,2.6797194331601677
31,1,Charli D'Amelio,0.060891529956240656,0.022841821235235885,0.10639809952818928,0.07978747537887165,608915.2995624066,797874.7537887165,0.2051702913418137,Rank,0,0.0835562782929534,1.3722151234005884,2.6797194331601677
31,1,Teresa Giudice,0.06799971429415683,0.03402992474151066,0.11756541608803041,0.05635015095579168,679997.1429415683,563501.5095579168,0.2051702913418137,Rank,0,0.08353549134651975,1.228468269515919,2.6797194331601677
31,1,Vinny Guadagnino,0.07363522054272573,0.041936704856652504,0.12207893451064188,0.05983730395726248,736352.2054272572,598373.0395726248,0.2051702913418137,Rank,0,0.08014222965398937,1.0883681621824988,2.6797194331601677
31,1,Shangela,0.06273527079744547,0.0229546038928017,0.11050936894514894,0.05977219728363395,627352.7079744546,597721.9728363395,0.2051702913418137,Rank,0,0.08755476505234724,1.395622652766367,2.6797194331601677
31,1,Gabby Windey,0.06403979285434046,0.02452931896642665,0.11765183727879806,0.04217922079524707,640397.9285434046,421792.20795247075,0.2051702913418137,Rank,0,0.09312251831237142,1.4541352206460145,2.6797194331601677
31,2,Cheryl Ladd,0.07661740271270424,0.030932089510050526,0.14336442898633656,0.08508705887229968,766174.0271270424,850870.5887229969,0.2222222222222222,Rank,0,0.11243233947628603,1.4674517210910776,2.5445614408742614
31,2,Selma Blair,0.06459853162752173,0.01669875709826237,0.1397386105235129,0.06840753260958085,645985.3162752173,684075.3260958085,0.2222222222222222,Rank,0,0.12303985342525055,1.9046849878059817,2.5445614408742614
31,2,Joseph Baena,0.07374702155604804,0.024042652886625212,0.14489345688429373,0.08437300089194728,737470.2155604804,843730.0089194728,0.2222222222222222,Rank,0,0.12085080399766851,1.638721150329053,2.5445614408742614
31,2,Trevor Donovan,0.06973524616723772,0.021922930423139725,0.13887558631770236,0.02391712443772083,697352.4616723772,239171.2443772083,0.2222222222222222,Rank,0,0.11695265589456263,1.6770953330269893,2.5445614408742614
31,2,Daniel Durant,0.06371147422205509,0.016471674209637008,0.1324544842191236,0.07837432004928835,637114.7422205509,783743.2004928835,0.2222222222222222,Rank,0,0.11598281000948658,1.8204383343139885,2.5445614408742614
31,2,Wayne Brady,0.06348678330944614,0.013140395513689914,0.1363103760258604,0.058880414103556225,634867.8330944614,588804.1410355623,0.2222222222222222,Rank,0,0.1231699805121705,1.940088536409501,2.5445614408742614
31,2,Sam Champion,0.07296947539836457,0.022932727122096076,0.14704732858139757,0.04503551433804854,729694.7539836457,450355.1433804854,0.2222222222222222,Rank,0,0.1241146014593015,1.7009112479117978,2.5445614408742614
31,2,Jessie James Decker,0.07346500904743347,0.022620837743448186,0.14883415709877024,0.07673214192880395,734650.0904743347,767321.4192880396,0.2222222222222222,Rank,0,0.12621331935532204,1.718005905012971,2.5445614408742614
31,2,Jordin Sparks,0.06792313274077266,0.01780883876654445,0.14144765450209149,0.08420712510992921,679231.3274077267,842071.2510992921,0.2222222222222222,Rank,0,0.12363881573554704,1.8202755194966083,2.5445614408742614
31,2,Heidi D'Amelio,0.07006488968779018,0.01995497939102421,0.1432958483577683,0.06282876010152277,700648.8968779017,628287.6010152277,0.2222222222222222,Rank,0,0.12334086896674408,1.76038054889335,2.5445614408742614
31,2,Charli D'Amelio,0.06333649103797047,0.012806267871918084,0.13871170864520113,0.06402005431860892,633364.9103797047,640200.5431860893,0.2222222222222222,Rank,0,0.12590544077328306,1.9878815310087554,2.5445614408742614
31,2,Teresa Giudice,0.031089241453756827,0.010843250423457665,0.05455241129613738,0.04538978912081182,310892.4145375683,453897.8912081182,0.2222222222222222,Rank,1,0.04370916087267972,1.4059256137752405,2.5445614408742614
31,2,Vinny Guadagnino,0.07821924297498307,0.023900269992002957,0.160133257687125,0.10298470014283498,782192.4297498307,1029847.0014283498,0.2222222222222222,Rank,0,0.13623298769512204,1.7416812348681712,2.5445614408742614
31,2,Shangela,0.06621022903081604,0.01573113590558332,0.14212495596135855,0.06997658482493413,662102.2903081604,699765.8482493412,0.2222222222222222,Rank,0,0.12639382005577524,1.9089772366887316,2.5445614408742614
31,2,Gabby Windey,0.06482582903309958,0.017517677512996432,0.13305188575743387,0.04978587915011234,648258.2903309958,497858.7915011234,0.2222222222222222,Rank,0,0.11553420824443744,1.7822249243499306,2.5445614408742614
31,3,Cheryl Ladd,0.03503746376246381,0.013317209411771084,0.05809017452266213,0.05032634349372398,350374.6376246381,503263.4349372398,0.20080321285140562,Rank,1,0.044772965110891044,1.277859762179962,2.486176895473157
31,3,Selma Blair,0.069042333052035,0.018844104074706533,0.14358655309291543,0.036139653320915316,690423.33052035,361396.53320915316,0.20080321285140562,Rank,0,0.1247424490182089,1.8067530963096874,2.486176895473157
31,3,Joseph Baena,0.07475014940204447,0.02122869552660909,0.1530450488853581,0.12294866802906537,747501.4940204447,1229486.6802906538,0.20080321285140562,Rank,0,0.13181635335874903,1.763425951830188,2.486176895473157
31,3,Trevor Donovan,0.07651423540014901,0.02743922043817484,0.1522975538080129,0.10410673683072551,765142.3540014902,1041067.3683072551,0.20080321285140562,Rank,0,0.12485833336983806,1.631831419563462,2.486176895473157
31,3,Daniel Durant,0.06435177808787873,0.014869036507187008,0.1416456990205306,0.04984428676884659,643517.7808787873,498442.8676884659,0.20080321285140562,Rank,0,0.12677666251334357,1.970056869916127,2.486176895473157
31,3,Wayne Brady,0.0641978917246948,0.01646072587034814,0.12918257831199112,0.07079534317762874,641978.917246948,707953.4317762874,0.20080321285140562,Rank,0,0.11272185244164298,1.7558497547713492,2.486176895473157
31,3,Sam Champion,0.08765311486706745,0.0364269482543181,0.16880011731420483,0.08248390293174016,876531.1486706745,824839.0293174016,0.20080321285140562,Rank,0,0.13237316905988672,1.5101935539956635,2.486176895473157
31,3,Jessie James Decker,0.08490292465043597,0.02986405979684296,0.15552471559269035,0.05715581467946811,849029.2465043598,571558.1467946811,0.20080321285140562,Rank,0,0.1256606557958474,1.4800509677754916,2.486176895473157
31,3,Jordin Sparks,0.07100207995933498,0.01973730685221546,0.14886090719858294,0.08317763605389202,710020.7995933498,831776.3605389202,0.20080321285140562,Rank,0,0.1291236003463675,1.8185889824681256,2.486176895473157
31,3,Heidi D'Amelio,0.07458976272001995,0.019966287639033735,0.16043224464615966,0.07873282393506056,745897.6272001995,787328.2393506056,0.20080321285140562,Rank,0,0.1404659570071259,1.8831801025346973,2.486176895473157
31,3,Charli D'Amelio,0.06679773485359741,0.020419247410285616,0.14130198736010244,0.07888208536687258,667977.3485359742,788820.8536687258,0.20080321285140562,Rank,0,0.12088273994981683,1.809683220767278,2.486176895473157
31,3,Vinny Guadagnino,0.0931668390755308,0.04379865840199951,0.1619857585892804,0.07662527087661465,931668.3907553081,766252.7087661466,0.20080321285140562,Rank,0,0.1181871001872809,1.2685532895611715,2.486176895473157
31,3,Shangela,0.06831639237425825,0.01709093351740111,0.1415715195878431,0.047295047474608796,683163.9237425826,472950.474746088,0.20080321285140562,Rank,0,0.12448058607044198,1.8221188465061058,2.486176895473157
31,3,Gabby Windey,0.06967730007048942,0.019440973590593904,0.14366661934936764,0.061486387060837665,696773.0007048942,614863.8706083767,0.20080321285140562,Rank,0,0.12422564575877373,1.782871116319091,2.486176895473157
31,4,Selma Blair,0.07189232697411632,0.022174108676051005,0.14884763623430025,0.08611819217120577,718923.2697411632,861181.9217120577,0.23741690408357075,Rank,0,0.12667352755824923,1.7619895319824048,2.4237659207751503
31,4,Joseph Baena,0.09123555847090402,0.03562403925659513,0.17242937290771254,0.060087818296944324,912355.5847090402,600878.1829694433,0.23741690408357075,Rank,0,0.1368053336511174,1.4994738448907075,2.4237659207751503
31,4,Trevor Donovan,0.0896073889627917,0.0381007753898286,0.15892225482560732,0.07285149162608758,896073.8896279171,728514.9162608758,0.23741690408357075,Rank,0,0.12082147943577871,1.348342818982799,2.4237659207751503
31,4,Daniel Durant,0.07275867848115773,0.018244768623864028,0.1463274035664849,0.04740290845798159,727586.7848115773,474029.0845798159,0.23741690408357075,Rank,0,0.12808263494262087,1.7603760488281868,2.4237659207751503
31,4,Wayne Brady,0.06671579644133085,0.014650574908125864,0.14345122121329248,0.03681784193931984,667157.9644133085,368178.4193931984,0.23741690408357075,Rank,0,0.12880064630516663,1.9305869550464336,2.4237659207751503
31,4,Sam Champion,0.04464653847894465,0.01989700507873511,0.07341865658005901,0.06968933627291991,446465.3847894465,696893.3627291991,0.23741690408357075,Rank,1,0.0535216515013239,1.198786139412908,2.4237659207751503
31,4,Jessie James Decker,0.08995739615602814,0.028602606404188498,0.16347919302450598,0.0861753652982722,899573.9615602815,861753.652982722,0.23741690408357075,Rank,0,0.13487658662031748,1.4993384911495047,2.4237659207751503
31,4,Jordin Sparks,0.07531001275416209,0.024041937897394568,0.15075819042926172,0.08001349691331446,753100.1275416209,800134.9691331446,0.23741690408357075,Rank,0,0.12671625253186716,1.6825950215346903,2.4237659207751503
31,4,Heidi D'Amelio,0.07951960419806349,0.020682623146836485,0.16539780521875494,0.12225096993550545,795196.0419806349,1222509.6993550544,0.23741690408357075,Rank,0,0.14471518207191847,1.8198679876658976,2.4237659207751503
31,4,Charli D'Amelio,0.07040723344352456,0.021612579327492963,0.14246241339690693,0.036831087490573115,704072.3344352456,368310.8749057312,0.23741690408357075,Rank,0,0.12084983406941396,1.7164406007566069,2.4237659207751503
31,4,Vinny Guadagnino,0.09872327062976578,0.03665467283973201,0.18212684993839204,0.14511661032218603,987232.7062976578,1451166.1032218602,0.23741690408357075,Rank,0,0.14547217709866003,1.4735348228505623,2.4237659207751503
31,4,Shangela,0.07363821618736277,0.018549760094627277,0.14534866213490363,0.08644818205409315,736382.1618736277,864481.8205409314,0.23741690408357075,Rank,0,0.12679890204027636,1.7219170779158095,2.4237659207751503
31,4,Gabby Windey,0.0755879788218476,0.01990100501937415,0.15338513865199552,0.07019669922159656,755879.788218476,701966.9922159656,0.23741690408357075,Rank,0,0.13348413363262138,1.7659439465530429,2.4237659207751503
31,5,Selma Blair,0.02722170792817882,0.009010535887823086,0.046799058308710687,0.04913216880592726,272217.0792817882,491321.6880592726,0.00232,Rank,1,0.0377885224208876,1.3881760292406355,2.3462947662967655
31,5,Joseph Baena,0.05841983675228676,0.03291969253694217,0.09366535949366728,0.0691365201380482,584198.3675228676,691365.2013804821,0.00232,Rank,1,0.060745666956725106,1.039812336592113,2.3462947662967655
31,5,Trevor Donovan,0.09730119179138705,0.056580904185950624,0.17056419958624325,0.09464194078447666,973011.9179138705,946419.4078447666,0.00232,Rank,0,0.11398329540029262,1.1714480912491994,2.3462947662967655
31,5,Daniel Durant,0.11533319648143966,0.07949376314872587,0.17494256455922091,0.09866526874169633,1153331.9648143966,986652.6874169633,0.00232,Rank,0,0.09544880141049504,0.8275917456762366,2.3462947662967655
31,5,Wayne Brady,0.05791646305979886,0.022675522266844814,0.12115820726017214,0.05704071859697834,579164.6305979886,570407.1859697833,0.00232,Rank,0,0.09848268499332732,1.7004264381898417,2.3462947662967655
31,5,Jessie James Decker,0.10353044430093804,0.05851139494697051,0.17698845532265203,0.11694867945645458,1035304.4430093804,1169486.7945645459,0.00232,Rank,0,0.11847706037568152,1.1443692836021961,2.3462947662967655
31,5,Jordin Sparks,0.1030441289639925,0.06570143420847586,0.16753500574977603,0.08763929464098968,1030441.289639925,876392.9464098968,0.00232,Rank,0,0.10183357154130017,0.988252048565374,2.3462947662967655
31,5,Heidi D'Amelio,0.06808290135519166,0.0342473690447029,0.12510940550643945,0.06770315156678365,680829.0135519166,677031.5156678365,0.00232,Rank,0,0.09086203646173655,1.3345793826809038,2.3462947662967655
31,5,Charli D'Amelio,0.06727045626332694,0.02426832691601488,0.14112599792929223,0.05442384694354088,672704.5626332694,544238.4694354088,0.00232,Rank,0,0.11685767101327735,1.7371321305722034,2.3462947662967655
31,5,Vinny Guadagnino,0.1483474666040085,0.10382918039200428,0.21458837498041772,0.11578842086922979,1483474.666040085,1157884.2086922978,0.00232,Rank,0,0.11075919458841343,0.7466200611572872,2.3462947662967655
31,5,Shangela,0.08594216671875599,0.047593303460766706,0.15784900903556512,0.09166431478978204,859421.6671875599,916643.1478978205,0.00232,Rank,0,0.11025570557479841,1.2829058166011569,2.3462947662967655
31,5,Gabby Windey,0.06759003978069524,0.02901341248631628,0.13843568392889438,0.09721567466609254,675900.3978069524,972156.7466609254,0.00232,Rank,0,0.1094222714425781,1.6189111856956,2.3462947662967655
31,6,Trevor Donovan,0.11355346426404345,0.0485228445494802,0.20466647781596092,0.12870337108658955,1135534.6426404344,1287033.7108658955,0.2587991718426501,Rank,0,0.15614363326648073,1.3750671041035196,2.1650038774197653
31,6,Daniel Durant,0.12944213013097133,0.0619012611602178,0.20845506951240242,0.11585308260738601,1294421.3013097134,1158530.82607386,0.2587991718426501,Rank,0,0.14655380835218462,1.1321955858104271,2.1650038774197653
31,6,Wayne Brady,0.07504224885640792,0.020229366887176636,0.14723164674224917,0.0568558337590078,750422.4885640793,568558.337590078,0.2587991718426501,Rank,0,0.12700227985507254,1.692410366033796,2.1650038774197653
31,6,Jessie James Decker,0.06364577221144238,0.030195036775746517,0.09876366132488464,0.10244186415934452,636457.7221144238,1024418.6415934452,0.2587991718426501,Rank,1,0.06856862454913812,1.0773476723849176,2.1650038774197653
31,6,Jordin Sparks,0.11984654205298022,0.05258298974168992,0.21356539671648378,0.12467574004283212,1198465.420529802,1246757.4004283212,0.2587991718426501,Rank,0,0.16098240697479385,1.3432378124320752,2.1650038774197653
31,6,Heidi D'Amelio,0.08078580229620796,0.023027430452652542,0.16574181835323737,0.04540286724311005,807858.0229620796,454028.6724311005,0.2587991718426501,Rank,0,0.14271438790058483,1.7665775896773355,2.1650038774197653
31,6,Charli D'Amelio,0.07574215820072616,0.0223645544755349,0.1489127152092512,0.0919854987867958,757421.5820072616,919854.9878679579,0.2587991718426501,Rank,0,0.1265481607337163,1.6707757441813038,2.1650038774197653
31,6,Vinny Guadagnino,0.16958519003783215,0.09636689167511556,0.26186933445893495,0.16348520876859357,1695851.9003783215,1634852.0876859357,0.2587991718426501,Rank,0,0.1655024427838194,0.9759250955044957,2.1650038774197653
31,6,Shangela,0.09692060894822566,0.03278413291373499,0.17861931268658895,0.12120605077338313,969206.0894822566,1212060.5077338314,0.2587991718426501,Rank,0,0.14583517977285396,1.5046869943910293,2.1650038774197653
31,6,Gabby Windey,0.07543608300116289,0.019165671617677345,0.14491815572811712,0.04939048277295751,754360.8300116289,493904.8277295751,0.2587991718426501,Rank,0,0.12575248411043977,1.6670070754933182,2.1650038774197653
31,7,Trevor Donovan,0.12762202747161644,0.05333341057394549,0.20832964027504658,0.11995958602653625,1276220.2747161645,1199595.8602653625,0.23551577955723033,Rank,0,0.15499622970110108,1.2144943374729942,2.071375125980169
31,7,Daniel Durant,0.14317625835077263,0.0695337173135019,0.23744518553102728,0.1400635469145168,1431762.5835077264,1400635.469145168,0.23551577955723033,Rank,0,0.1679114682175254,1.1727605550785738,2.071375125980169
31,7,Wayne Brady,0.08273234787342264,0.025478713602544716,0.1633446465830504,0.06156807149122534,827323.4787342264,615680.7149122534,0.23551577955723033,Rank,0,0.13786593298050567,1.666409047056604,2.071375125980169
31,7,Jordin Sparks,0.07214347517720027,0.03416113107872105,0.11111423185251965,0.0878967417179421,721434.7517720027,878967.4171794209,0.23551577955723033,Rank,1,0.0769531007737986,1.0666675064485713,2.071375125980169
31,7,Heidi D'Amelio,0.10331971818820411,0.04377046724033928,0.17767581383793846,0.0906612354339153,1033197.1818820412,906612.354339153,0.23551577955723033,Rank,0,0.13390534659759917,1.2960289569671608,2.071375125980169
31,7,Charli D'Amelio,0.08350961833210663,0.02356137707647264,0.16482962538465515,0.09861217043366681,835096.1833210663,986121.7043366681,0.23551577955723033,Rank,0,0.14126824830818252,1.6916404496830235,2.071375125980169
31,7,Vinny Guadagnino,0.18533921345725562,0.1124046986065887,0.2872717781881236,0.1977578715259958,1853392.1345725562,1977578.715259958,0.23551577955723033,Rank,0,0.1748670795815349,0.9434974731985907,2.071375125980169
31,7,Shangela,0.11330326122968476,0.04216136741680554,0.2037704133861092,0.1035613609090192,1133032.6122968476,1035613.609090192,0.23551577955723033,Rank,0,0.16160904596930367,1.4263406385249138,2.071375125980169
31,7,Gabby Windey,0.08885407991973737,0.030502075823996194,0.16171453834801272,0.09991941554718237,888540.7991973737,999194.1554718236,0.23551577955723033,Rank,0,0.13121246252401653,1.4767184876883743,2.071375125980169
31,8,Trevor Donovan,0.1718680755497526,0.10081499259853169,0.2764490897113074,0.13279462413456594,1718680.7554975261,1327946.2413456594,0.18601190476190477,Rank,0,0.1756340971127757,1.0219122809804948,1.9638652171978959
31,8,Daniel Durant,0.18227069797938894,0.10880220292634588,0.2686155419788906,0.22549110166096184,1822706.9797938894,2254911.0166096184,0.18601190476190477,Rank,0,0.15981333905254472,0.8767911728226131,1.9638652171978959
31,8,Wayne Brady,0.08458331586470078,0.028171092614499193,0.1835102625212291,0.07939386126486736,845833.1586470078,793938.6126486736,0.18601190476190477,Rank,0,0.1553391699067299,1.836522585082973,1.9638652171978959
31,8,Heidi D'Amelio,0.08524492301375329,0.037418930200756595,0.13969957171698902,0.10643783554932436,852449.2301375329,1064378.3554932436,0.18601190476190477,Rank,1,0.10228064151623242,1.1998443766525617,1.9638652171978959
31,8,Charli D'Amelio,0.09023935341178976,0.025809383074960873,0.18879254169727397,0.07993963307223806,902393.5341178976,799396.3307223805,0.18601190476190477,Rank,0,0.1629831586223131,1.8061206387258906,1.9638652171978959
31,8,Vinny Guadagnino,0.15003703704487048,0.09083230994958984,0.2252840259831039,0.18210109734736038,1500370.3704487048,1821010.9734736038,0.18601190476190477,Rank,1,0.13445171603351408,0.8961235084461484,1.9638652171978959
31,8,Shangela,0.12690272202365172,0.05559070761800093,0.23384198151680155,0.11184973742767598,1269027.2202365173,1118497.3742767598,0.18601190476190477,Rank,0,0.17825127389880063,1.4046292392812405,1.9638652171978959
31,8,Gabby Windey,0.10885387511209225,0.04892051926635444,0.19973787547234226,0.08199210954300616,1088538.7511209226,819921.0954300616,0.18601190476190477,Rank,0,0.15081735620598782,1.3855028684158803,1.9638652171978959
31,9,Trevor Donovan,0.1844346229736646,0.10738907242029783,0.25324932772012876,0.22242874897760928,1844346.2297366462,2224287.4897760926,0.040561369351829316,Rank,1,0.14586025529983093,0.7908507250325677,1.7216780299629537
31,9,Daniel Durant,0.154717259254771,0.09499745793978363,0.20871356879271316,0.19076186385234767,1547172.59254771,1907618.6385234767,0.040561369351829316,Rank,1,0.11371611085292953,0.7349930537851281,1.7216780299629537
31,9,Wayne Brady,0.17182959682947202,0.09401385124568434,0.2631308809968104,0.13425753185029424,1718295.9682947202,1342575.3185029423,0.040561369351829316,Rank,0,0.16911702975112608,0.984213621352799,1.7216780299629537
31,9,Charli D'Amelio,0.11807968974747031,0.04319255890507721,0.23299655267074493,0.1116031875336601,1180796.8974747031,1116031.875336601,0.040561369351829316,Rank,0,0.18980399376566773,1.6074228698567021,1.7216780299629537
31,9,Shangela,0.22784356927033184,0.1458768485714898,0.3191001549938253,0.22513859221265853,2278435.6927033183,2251385.922126585,0.040561369351829316,Rank,0,0.17322330642233552,0.760272967005751,1.7216780299629537
31,9,Gabby Windey,0.14309526192429012,0.05769691641012822,0.25276480370362103,0.11581007557343014,1430952.6192429012,1158100.7557343014,0.040561369351829316,Rank,0,0.1950678872934928,1.3632029787031017,1.7216780299629537
32,1,Jamie Lynn Spears,0.07495902419479346,0.03164066766548249,0.1368317978857537,0.06844422575863063,749590.2419479346,684442.2575863063,0.27578599007170435,Rank,0,0.10519113022027121,1.4033150958170775,2.5498720901876615
32,1,Mira Sorvino,0.07329745138212092,0.030326939123001932,0.12749433466912782,0.07637370826681372,732974.5138212092,763737.0826681373,0.27578599007170435,Rank,0,0.09716739554612588,1.3256585831281364,2.5498720901876615
32,1,Barry Williams,0.06863421506015253,0.02782665116252148,0.1238793636688012,0.08035242834415167,686342.1506015253,803524.2834415167,0.27578599007170435,Rank,0,0.09605271250627972,1.3994873026827366,2.5498720901876615
32,1,Alyson Hannigan,0.07475287383649352,0.03255925599675371,0.13225007781993506,0.09607174956235462,747528.7383649353,960717.4956235462,0.27578599007170435,Rank,0,0.09969082182318134,1.3336052074898743,2.5498720901876615
32,1,Xochitl Gomez,0.0729244340642127,0.02883309146819129,0.12502261932865713,0.08360967226432035,729244.340642127,836096.7226432036,0.27578599007170435,Rank,0,0.09618952786046583,1.3190301590241666,2.5498720901876615
32,1,Adrian Peterson,0.07255041126868786,0.02940728911528699,0.12827275477373862,0.05449794060231966,725504.1126868785,544979.4060231966,0.27578599007170435,Rank,0,0.09886546565845163,1.3627140622581297,2.5498720901876615
32,1,Matt Walsh,0.04077363878258191,0.020591798129693938,0.05945380584053983,0.059331858803168984,407736.3878258191,593318.5880316899,0.27578599007170435,Rank,1,0.03886200771084589,0.9531160051245501,2.5498720901876615
32,1,Tyson Beckford,0.07954698952445566,0.04315363475061113,0.12908753522659017,0.08348148993182311,795469.8952445566,834814.8993182312,0.27578599007170435,Rank,0,0.08593390047597904,1.0802910454525725,2.5498720901876615
32,1,Jason Mraz,0.07163697156508585,0.028649039924657983,0.12336294256727665,0.04796011686028839,716369.7156508585,479601.16860288393,0.27578599007170435,Rank,0,0.09471390264261867,1.3221371670711435,2.5498720901876615
32,1,Lele Pons,0.07154709026530714,0.027676674244110515,0.12787364434842272,0.058249341045886346,715470.9026530714,582493.4104588635,0.27578599007170435,Rank,0,0.1001969701043122,1.4004338923185706,2.5498720901876615
32,1,Harry Jowsey,0.08017364232360422,0.043408082849252135,0.1330385956781861,0.08901060557558918,801736.4232360421,890106.0557558918,0.27578599007170435,Rank,0,0.08963051282893397,1.1179548568737725,2.5498720901876615
32,1,Mauricio Umansky,0.07487118478166786,0.030429049886225613,0.13429946590683517,0.08392587987261277,748711.8478166786,839258.7987261277,0.27578599007170435,Rank,0,0.10387041602060956,1.3873216555007974,2.5498720901876615
32,1,Charity Lawson,0.07134805675694345,0.02739687509639153,0.1296742183935347,0.06815526616842461,713480.5675694344,681552.6616842462,0.27578599007170435,Rank,0,0.10227734329714318,1.4334986535872227,2.5498720901876615
32,1,Ariana Madix,0.07298401619389314,0.03102546465587341,0.12799357056176772,0.05053571694361576,729840.1619389313,505357.1694361576,0.27578599007170435,Rank,0,0.0969681059058943,1.3286211277861688,2.5498720901876615
32,2,Jamie Lynn Spears,0.03020924730770764,0.01225313341809174,0.04879059122742368,0.05305290666735132,302092.47307707637,530529.0666735132,0.07347538574577517,Rank,1,0.03653745780933194,1.2094792510771928,2.420843885207358
32,2,Mira Sorvino,0.0770322581095744,0.02641256390517287,0.15972228980721023,0.10963006130065331,770322.5810957439,1096300.6130065331,0.07347538574577517,Rank,0,0.13330972590203735,1.7305701426071551,2.420843885207358
32,2,Barry Williams,0.08371985063478976,0.038528436549931766,0.15161876460799859,0.07307765260802153,837198.5063478976,730776.5260802152,0.07347538574577517,Rank,0,0.11309032805806682,1.3508185597630793,2.420843885207358
32,2,Alyson Hannigan,0.07763510504545247,0.023317565920725244,0.14681940023186338,0.089729829358212,776351.0504545247,897298.29358212,0.07347538574577517,Rank,0,0.12350183431113813,1.5907988304882488,2.420843885207358
32,2,Xochitl Gomez,0.07330978226481277,0.018846527483482978,0.15660896767344404,0.06837134018926071,733097.8226481277,683713.4018926071,0.07347538574577517,Rank,0,0.13776244018996106,1.8791822309924424,2.420843885207358
32,2,Adrian Peterson,0.08427690449044005,0.04008252788739532,0.15804686862823988,0.08034883750366216,842769.0449044005,803488.3750366216,0.07347538574577517,Rank,0,0.11796434074084457,1.3997232273074987,2.420843885207358
32,2,Tyson Beckford,0.0831478955274942,0.02953223311029675,0.1720966583555064,0.07320617382100529,831478.955274942,732061.738210053,0.07347538574577517,Rank,0,0.14256442524520963,1.7145884972887664,2.420843885207358
32,2,Jason Mraz,0.06911958142839539,0.01926428639944418,0.14712185727999855,0.06553539154775581,691195.8142839539,655353.9154775582,0.07347538574577517,Rank,0,0.12785757088055436,1.8498024472704415,2.420843885207358
32,2,Lele Pons,0.07501831674119547,0.020259662692323304,0.14685224599813781,0.0955499400076148,750183.1674119547,955499.400076148,0.07347538574577517,Rank,0,0.12659258330581452,1.687488986756985,2.420843885207358
32,2,Harry Jowsey,0.09479913543867194,0.04510278559003939,0.17889383510461945,0.08818451991890591,947991.3543867194,881845.1991890591,0.07347538574577517,Rank,0,0.13379104951458007,1.4113108615967602,2.420843885207358
32,2,Mauricio Umansky,0.10717674504013538,0.06277374950998413,0.17938201574701762,0.10438558739169526,1071767.4504013539,1043855.8739169526,0.07347538574577517,Rank,0,0.11660826623703349,1.0879996980069342,2.420843885207358
32,2,Charity Lawson,0.07202865331109956,0.02219804943405867,0.1520263785628477,0.051629901908958414,720286.5331109957,516299.0190895841,0.07347538574577517,Rank,0,0.12982832912878903,1.8024539285504395,2.420843885207358
32,2,Ariana Madix,0.07252652466023116,0.022248455846946926,0.15471090657126027,0.0472978577769034,725265.2466023116,472978.577769034,0.07347538574577517,Rank,0,0.13246245072431334,1.8264000838985073,2.420843885207358
32,3,Mira Sorvino,0.08331729709093813,0.024577967266982914,0.16657485565390392,0.09006550147122923,833172.9709093813,900655.0147122922,0.41118421052631576,Rank,0,0.141996888386921,1.7042906256540704,2.3452393820036255
32,3,Barry Williams,0.08829043614820817,0.02932966176365348,0.1679559470897658,0.10881912484374066,882904.3614820817,1088191.2484374067,0.41118421052631576,Rank,0,0.13862628532611232,1.570116666921978,2.3452393820036255
32,3,Alyson Hannigan,0.08492068090365795,0.02842314273620102,0.1663170797255672,0.07058474226465153,849206.8090365796,705847.4226465153,0.41118421052631576,Rank,0,0.13789393698936617,1.623796883421202,2.3452393820036255
32,3,Xochitl Gomez,0.07693325832774667,0.02091873998715128,0.15840420998702487,0.09066764233692609,769332.5832774667,906676.4233692609,0.41118421052631576,Rank,0,0.1374854699998736,1.7870745759157354,2.3452393820036255
32,3,Adrian Peterson,0.09824284517743759,0.04196760797375282,0.17421919061300803,0.07935892099973378,982428.4517743759,793589.2099973378,0.41118421052631576,Rank,0,0.1322515826392552,1.3461701195684432,2.3452393820036255
32,3,Tyson Beckford,0.04959401247260666,0.019211470921752155,0.08118654173220703,0.05238620746214114,495940.1247260666,523862.07462141145,0.41118421052631576,Rank,1,0.06197507081045488,1.2496482482575273,2.3452393820036255
32,3,Jason Mraz,0.07367169843085968,0.019756275656579027,0.1598582880023061,0.07947739110995605,736716.9843085967,794773.9110995606,0.41118421052631576,Rank,0,0.14010201234572706,1.9017073765064847,2.3452393820036255
32,3,Lele Pons,0.0801174023102025,0.021881703236829805,0.165573704910277,0.08939546618469474,801174.023102025,893954.6618469474,0.41118421052631576,Rank,0,0.1436920016734472,1.7935179814878848,2.3452393820036255
32,3,Harry Jowsey,0.10172231276084742,0.0423796228314341,0.19315367419838367,0.10229838367056106,1017223.1276084742,1022983.8367056106,0.41118421052631576,Rank,0,0.15077405136694957,1.4822121840802465,2.3452393820036255
32,3,Mauricio Umansky,0.11349008659973218,0.04947071751969173,0.20753113622284255,0.08680584767064155,1134900.865997322,868058.4767064155,0.41118421052631576,Rank,0,0.15806041870315082,1.3927244523181448,2.3452393820036255
32,3,Charity Lawson,0.07687097235953187,0.02251737872968097,0.15639380791201637,0.07041263201479694,768709.7235953187,704126.3201479694,0.41118421052631576,Rank,0,0.13387642918233542,1.7415732502534809,2.3452393820036255
32,3,Ariana Madix,0.07282899741823143,0.021138636015967705,0.1464808032652874,0.07972813997092738,728289.9741823142,797281.3997092738,0.41118421052631576,Rank,0,0.12534216724931968,1.7210475455198635,2.3452393820036255
32,4,Mira Sorvino,0.09448676629969972,0.045052476963199965,0.17721033880233733,0.10142873247605705,944867.6629969972,1014287.3247605705,0.047312641937925816,Rank,0,0.13215786183913736,1.3986917640926542,2.27231117059608
32,4,Barry Williams,0.11927789254663011,0.0699779959121235,0.1882951233709297,0.08984047710223425,1192778.9254663012,898404.7710223425,0.047312641937925816,Rank,0,0.11831712745880621,0.9919451537304089,2.27231117059608
32,4,Alyson Hannigan,0.11872190641539346,0.07324547054728196,0.1972028498547511,0.10896916445603662,1187219.0641539346,1089691.6445603662,0.047312641937925816,Rank,0,0.12395737930746913,1.0440986255203601,2.27231117059608
32,4,Xochitl Gomez,0.0762889749175785,0.02364123770627645,0.1512808822361099,0.11519149308085899,762889.749175785,1151914.93080859,0.047312641937925816,Rank,0,0.12763964452983345,1.6731073483125638,2.27231117059608
32,4,Adrian Peterson,0.04129160444986369,0.0167275995333589,0.06549798407924351,0.07238741178791759,412916.0444986369,723874.1178791759,0.047312641937925816,Rank,1,0.04877038454588461,1.181121082497573,2.27231117059608
32,4,Jason Mraz,0.07406855210370324,0.025858490956219646,0.14281501839527977,0.08526060625866176,740685.5210370324,852606.0625866177,0.047312641937925816,Rank,0,0.11695652743906013,1.579030831807128,2.27231117059608
32,4,Lele Pons,0.08381755473646174,0.03294536447693988,0.16278730138794958,0.05660397745898829,838175.5473646175,566039.7745898829,0.047312641937925816,Rank,0,0.1298419369110097,1.549101943134196,2.27231117059608
32,4,Harry Jowsey,0.10708721130644112,0.05178468720167801,0.1904568086509534,0.09241874300554537,1070872.1130644113,924187.4300554537,0.047312641937925816,Rank,0,0.1386721214492754,1.2949456779899777,2.27231117059608
32,4,Mauricio Umansky,0.12972055679852917,0.07115514056272176,0.21535243309020274,0.12333666397476943,1297205.5679852918,1233366.6397476944,0.047312641937925816,Rank,0,0.14419729252748098,1.1115993955486625,2.27231117059608
32,4,Charity Lawson,0.07855493668377972,0.025779978117202902,0.1604102171284351,0.07670524508491972,785549.3668377972,767052.4508491971,0.047312641937925816,Rank,0,0.1346302390112322,1.713835497738121,2.27231117059608
32,4,Ariana Madix,0.07668404374191941,0.02530799685773665,0.15199176585771856,0.07785748531401089,766840.437419194,778574.8531401089,0.047312641937925816,Rank,0,0.1266837689999819,1.652022543651152,2.27231117059608
32,5,Mira Sorvino,0.05611785444488615,0.025940632454448522,0.0893400884508438,0.07931403678622763,561178.5444488615,793140.3678622763,0.30156815440289503,Rank,1,0.06339945599639528,1.129755522971044,2.178157058324133
32,5,Barry Williams,0.1243567984387141,0.058971147616568374,0.20858320275138054,0.14045816517539633,1243567.984387141,1404581.6517539634,0.30156815440289503,Rank,0,0.14961205513481216,1.2030870608858946,2.178157058324133
32,5,Alyson Hannigan,0.1350126510499946,0.06764693035001916,0.21789967226651688,0.11755466817303485,1350126.510499946,1175546.6817303486,0.30156815440289503,Rank,0,0.15025274191649773,1.1128789839172908,2.178157058324133
32,5,Xochitl Gomez,0.08455560046893476,0.02479583117164512,0.16908628906086773,0.08518404035047407,845556.0046893476,851840.4035047407,0.30156815440289503,Rank,0,0.14429045788922262,1.7064565456221212,2.178157058324133
32,5,Jason Mraz,0.07494485655170939,0.022623560392837947,0.15326278302616458,0.08557604299101405,749448.5655170939,855760.4299101406,0.30156815440289503,Rank,0,0.13063922263332664,1.7431379369335378,2.178157058324133
32,5,Lele Pons,0.09140275789528685,0.029315336488572468,0.17196512909108436,0.07972217356321279,914027.5789528685,797221.7356321278,0.30156815440289503,Rank,0,0.1426497926025119,1.560672739940023,2.178157058324133
32,5,Harry Jowsey,0.1277701355480553,0.06989149826701772,0.20994717549482325,0.09476862120264794,1277701.3554805531,947686.2120264794,0.30156815440289503,Rank,0,0.14005567722780554,1.0961534683128638,2.178157058324133
32,5,Mauricio Umansky,0.13502397255402007,0.06269381854845162,0.22109841857857906,0.14210145226218038,1350239.7255402007,1421014.5226218037,0.30156815440289503,Rank,0,0.15840460003012746,1.17315908452296,2.178157058324133
32,5,Charity Lawson,0.08404835943556509,0.024034736023798114,0.15632308274890883,0.09030745495373778,840483.5943556508,903074.5495373778,0.30156815440289503,Rank,0,0.13228834672511072,1.5739551326582215,2.178157058324133
32,5,Ariana Madix,0.08676701361283347,0.03190516917035201,0.16594167868024134,0.08501334454207433,867670.1361283347,850133.4454207433,0.30156815440289503,Rank,0,0.13403650950988932,1.5447864796635613,2.178157058324133
32,6,Barry Williams,0.14525015023830024,0.08472071543319909,0.23241883583300554,0.1484325250055728,1452501.5023830023,1484325.250055728,0.0911244760342628,Rank,0,0.14769812039980645,1.0168534776555482,2.0830090201237357
32,6,Alyson Hannigan,0.1570566275279514,0.09369255941544477,0.2454444522393561,0.16260493825353176,1570566.275279514,1626049.3825353174,0.0911244760342628,Rank,0,0.15175189282391133,0.9662240633360346,2.0830090201237357
32,6,Xochitl Gomez,0.0894366428123441,0.030125606955011555,0.16947951649753032,0.07297851121996744,894366.4281234411,729785.1121996745,0.0911244760342628,Rank,0,0.13935390954251875,1.5581299248330578,2.0830090201237357
32,6,Jason Mraz,0.08053935330634407,0.02624754435155386,0.16199774359261726,0.10467359108267181,805393.5330634407,1046735.9108267181,0.0911244760342628,Rank,0,0.1357501992410634,1.6855138968488637,2.0830090201237357
32,6,Lele Pons,0.10655737671919772,0.04892010490185601,0.19260027535918472,0.09932564573873677,1065573.7671919772,993256.4573873677,0.0911244760342628,Rank,0,0.14368017045732873,1.3483831423136268,2.0830090201237357
32,6,Harry Jowsey,0.1640230237350878,0.09997970321877067,0.24501290179622937,0.12457361324210872,1640230.2373508778,1245736.1324210872,0.0911244760342628,Rank,0,0.1450331985774587,0.8842246367296618,2.0830090201237357
32,6,Mauricio Umansky,0.0707422410410807,0.03728482439035101,0.10226447991104419,0.09854613923776966,707422.410410807,985461.3923776966,0.0911244760342628,Rank,1,0.06497965552069318,0.9185410946051152,2.0830090201237357
32,6,Charity Lawson,0.0926351017511924,0.03351434470529131,0.16957565450370066,0.08761534773915038,926351.017511924,876153.4773915038,0.0911244760342628,Rank,0,0.13606130979840936,1.46878782692823,2.0830090201237357
32,6,Ariana Madix,0.0937594828685017,0.035621695409467025,0.17124837119281147,0.10124968848049071,937594.8286850171,1012496.884804907,0.0911244760342628,Rank,0,0.13562667578334445,1.4465382234836102,2.0830090201237357
32,7,Barry Williams,0.1747406093316386,0.11406905164879237,0.27627627550275763,0.16185287676010754,1747406.093316386,1618528.7676010753,0.027376259307928166,Rank,0,0.16220722385396524,0.9282743403172736,1.9553082450890324
32,7,Alyson Hannigan,0.17127438631372754,0.10161509110705702,0.26468800208253623,0.1977078379767157,1712743.8631372754,1977078.3797671571,0.027376259307928166,Rank,0,0.1630729109754792,0.9521149921201557,1.9553082450890324
32,7,Xochitl Gomez,0.08286968192586093,0.0424625375652543,0.1459575616490328,0.08600574010063426,828696.8192586093,860057.4010063426,0.027376259307928166,Rank,0,0.1034950240837785,1.248888878038291,1.9553082450890324
32,7,Jason Mraz,0.10890643702335241,0.06584506538878059,0.1685542315389785,0.10169050276446526,1089064.3702335241,1016905.0276446525,0.027376259307928166,Rank,0,0.10270916615019791,0.943095458427075,1.9553082450890324
32,7,Lele Pons,0.05271405058957263,0.025945489432555067,0.08437222075569993,0.0791691145600937,527140.5058957263,791691.1456009371,0.027376259307928166,Rank,1,0.05842673132314487,1.1083711205964935,1.9553082450890324
32,7,Harry Jowsey,0.2024903354323,0.14001131003623468,0.28712751937562625,0.1791312847416542,2024903.354323,1791312.847416542,0.027376259307928166,Rank,0,0.14711620933939157,0.7265344739802555,1.9553082450890324
32,7,Charity Lawson,0.11592327032136732,0.07136590542604311,0.1902031571556458,0.09581540702634501,1159232.703213673,958154.0702634502,0.027376259307928166,Rank,0,0.1188372517296027,1.0251371566740408,1.9553082450890324
32,7,Ariana Madix,0.09108122906218047,0.04247754022447774,0.1696665012027634,0.09862723606998436,910812.2906218047,986272.3606998436,0.027376259307928166,Rank,0,0.12718896097828564,1.3964343947472941,1.9553082450890324
32,8,Barry Williams,0.09981377076645416,0.061847860706413176,0.140735353447614,0.133992951182389,998137.7076645416,1339929.51182389,0.05779678649867068,Rank,1,0.07888749274120083,0.7903467841705232,1.8425925117458244
32,8,Alyson Hannigan,0.18255128992209438,0.10097331805836399,0.2878776699890207,0.1911048619664023,1825512.8992209437,1911048.6196640232,0.05779678649867068,Rank,0,0.18690435193065671,1.023845692957963,1.8425925117458244
32,8,Xochitl Gomez,0.09133504510609071,0.033105476152806075,0.1665912681380663,0.09962128952945667,913350.4510609071,996212.8952945668,0.05779678649867068,Rank,0,0.13348579198526023,1.4614958785010628,1.8425925117458244
32,8,Jason Mraz,0.16248149752794394,0.10199679716284736,0.22804962696937725,0.15781339930484528,1624814.9752794395,1578133.9930484528,0.05779678649867068,Rank,0,0.12605282980652988,0.7757980553130428,1.8425925117458244
32,8,Harry Jowsey,0.2294992162542765,0.1521235585951432,0.32552473486465555,0.20090089622125593,2294992.162542765,2009008.9622125593,0.05779678649867068,Rank,0,0.17340117626951235,0.7555632611720572,1.8425925117458244
32,8,Charity Lawson,0.13398080870685,0.06770663846199163,0.21503837125448624,0.14214451325512908,1339808.0870685,1421445.1325512908,0.05779678649867068,Rank,0,0.14733173279249462,1.0996480332855465,1.8425925117458244
32,8,Ariana Madix,0.10033837171629047,0.034885353155325656,0.18366293606532658,0.07442208854052189,1003383.7171629047,744220.8854052189,0.05779678649867068,Rank,0,0.14877758291000093,1.4827585933990803,1.8425925117458244
32,9,Alyson Hannigan,0.24296388045652523,0.1488687949095081,0.353342693144245,0.21235301130432097,2429638.8045652523,2123530.1130432095,0.16123831022250887,Rank,0,0.20447389823473688,0.8415814640864877,1.6980340772415055
32,9,Xochitl Gomez,0.09912317037344497,0.03415223213778726,0.1998797042077005,0.08980087095941502,991231.7037344497,898008.7095941502,0.16123831022250887,Rank,0,0.16572747206991323,1.6719347398346684,1.6980340772415055
32,9,Jason Mraz,0.19537924824733213,0.08586623297491751,0.29733001011844973,0.2259302141992923,1953792.4824733213,2259302.141992923,0.16123831022250887,Rank,0,0.2114637771435322,1.0823246534137472,1.6980340772415055
32,9,Harry Jowsey,0.16899107833516447,0.11088209304695398,0.2207742265685647,0.19650368145957947,1689910.7833516446,1965036.8145957948,0.16123831022250887,Rank,1,0.10989213352161073,0.6502836398478904,1.6980340772415055
32,9,Charity Lawson,0.16430316042643447,0.07391120585483436,0.27225644066984195,0.15703660975668182,1643031.6042643448,1570366.0975668181,0.16123831022250887,Rank,0,0.1983452348150076,1.207190624332605,1.6980340772415055
32,9,Ariana Madix,0.12923946216109802,0.0535788414773034,0.22406348770044984,0.11837561232071055,1292394.6216109802,1183756.1232071056,0.16123831022250887,Rank,0,0.17048464622314644,1.319137695038037,1.6980340772415055
32,10,Alyson Hannigan,0.2961244267409139,0.18157445459838711,0.4342443657732729,0.3022679409338653,2961244.267409139,3022679.4093386526,1.0,Rank,0,0.2526699111748858,0.8532558896127558,1.509364495382966
32,10,Xochitl Gomez,0.11768437288676696,0.047404962837471636,0.23627801374576748,0.1128848695923846,1176843.7288676696,1128848.695923846,1.0,Rank,0,0.18887305090829584,1.6049119035543054,1.509364495382966
32,10,Jason Mraz,0.23390360853336112,0.13418827734628755,0.34327641813955906,0.25101509643323544,2339036.0853336114,2510150.9643323543,1.0,Rank,0,0.2090881407932715,0.893907289863165,1.509364495382966
32,10,Charity Lawson,0.19790401948984418,0.1073672400037784,0.3009797131542752,0.19443422401399776,1979040.194898442,1944342.2401399775,1.0,Rank,0,0.1936124731504968,0.978315011739478,1.509364495382966
32,10,Ariana Madix,0.15438357234911387,0.07320250444977511,0.25182804687226246,0.1393978690265168,1543835.7234911388,1393978.690265168,1.0,Rank,0,0.17862554242248735,1.1570242850615875,1.509364495382966
33,1,Tori Spelling,0.07811464865666433,0.03159299580104892,0.14007616005393908,0.09446092870224654,781146.4865666433,944609.2870224654,1.0,Rank,0,0.10848316425289016,1.3887685103687009,2.475324277580151
33,1,Eric Roberts,0.0782406964211017,0.03261791002119342,0.13930706184103497,0.08402161418530672,782406.9642110169,840216.1418530672,1.0,Rank,0,0.10668915181984155,1.363601766088923,2.475324277580151
33,1,Reginald VelJohnson,0.07448813923079167,0.03036006842294464,0.13565521252466317,0.08290584920511186,744881.3923079168,829058.4920511186,1.0,Rank,0,0.10529514410171853,1.4135826883186786,2.475324277580151
33,1,Chandler Kinney,0.07773800722395746,0.031502391028308686,0.13628010872071863,0.0615769392401974,777380.0722395746,615769.3924019741,1.0,Rank,0,0.10477771769240996,1.3478312788563396,2.475324277580151
33,1,Dwight Howard ,0.07547457852511032,0.03228325359065957,0.13272815789839737,0.07611751101446117,754745.7852511032,761175.1101446117,1.0,Rank,0,0.10044490430773781,1.3308441897998793,2.475324277580151
33,1,Danny Amendola,0.07889898599256634,0.03549538053275534,0.13272969807743454,0.0857570283434482,788989.8599256634,857570.283434482,1.0,Rank,0,0.0972343175446792,1.2323899518029342,2.475324277580151
33,1,Stephen Nedoroscik,0.07762411039388226,0.03250404102894846,0.14266045984854273,0.05536616426299417,776241.1039388225,553661.6426299417,1.0,Rank,0,0.11015641881959426,1.4191005637376806,2.475324277580151
33,1,Ilona Maher,0.07598226644304897,0.029539831961395296,0.13451855956227185,0.0804265626849943,759822.6644304896,804265.6268499431,1.0,Rank,0,0.10497872760087655,1.3816214297787672,2.475324277580151
33,1,Anna Delvey,0.07787886675877104,0.03085568822910574,0.13981735006962182,0.06774483785764407,778788.6675877104,677448.3785764407,1.0,Rank,0,0.10896166184051607,1.3991171979687849,2.475324277580151
33,1,Brooks Nader,0.07518148931859302,0.02977203402190621,0.13915872001206978,0.08166842207811578,751814.8931859302,816684.2207811578,1.0,Rank,0,0.10938668599016357,1.454968330390754,2.475324277580151
33,1,Phaedra Parks,0.07628889073723287,0.03208928126746195,0.1286494259410926,0.10027214083012441,762888.9073723287,1002721.4083012441,1.0,Rank,0,0.09656014467363065,1.2657169836984452,2.475324277580151
33,1,Jenn Tran,0.07504000374228037,0.030053459737067897,0.1326491760400885,0.07109826074683614,750400.0374228037,710982.6074683615,1.0,Rank,0,0.1025957163030206,1.36721363521487,2.475324277580151
33,1,Joey Graziadei,0.07904931655599981,0.03263379900763331,0.140456802453709,0.05858374084851904,790493.1655599981,585837.4084851905,1.0,Rank,0,0.1078230034460757,1.3639966560582741,2.475324277580151
33,2,Tori Spelling,0.03496519349210917,0.0149152573876566,0.0593129231015535,0.05956633165182391,349651.9349210917,595663.3165182391,0.04215140785702243,Rank,1,0.044397665713896896,1.2697674824512672,2.4263113345532497
33,2,Eric Roberts,0.10043434169433217,0.05682642986932385,0.17538283918486952,0.09941057740281053,1004343.4169433217,994105.7740281053,0.04215140785702243,Rank,0,0.11855640931554567,1.1804369632487588,2.4263113345532497
33,2,Reginald VelJohnson,0.10103035712379162,0.05212478440790938,0.1702055486805747,0.07319535920499172,1010303.5712379161,731953.5920499172,0.04215140785702243,Rank,0,0.11808076427266531,1.1687651873583103,2.4263113345532497
33,2,Chandler Kinney,0.0760618648645112,0.023779814750463,0.15162812650149007,0.07554233594757732,760618.648645112,755423.3594757733,0.04215140785702243,Rank,0,0.12784831175102707,1.6808464002133385,2.4263113345532497
33,2,Dwight Howard ,0.07910720963279788,0.024200801608811048,0.15967820331362706,0.07570724271215643,791072.0963279788,757072.4271215643,0.04215140785702243,Rank,0,0.135477401704816,1.7125797046018802,2.4263113345532497
33,2,Danny Amendola,0.08364105868466593,0.024714610978666007,0.16376970743486444,0.11403362177180519,836410.5868466593,1140336.217718052,0.04215140785702243,Rank,0,0.13905509645619843,1.662521955639613,2.4263113345532497
33,2,Stephen Nedoroscik,0.07838927542046856,0.022816935560637023,0.15854434602824702,0.06245558806739817,783892.7542046856,624555.8806739817,0.04215140785702243,Rank,0,0.13572741046761,1.7314538211966892,2.4263113345532497
33,2,Ilona Maher,0.07805318990958968,0.02373558365788233,0.1534059428327282,0.0683360618937415,780531.8990958967,683360.618937415,0.04215140785702243,Rank,0,0.12967035917484587,1.6613076201631891,2.4263113345532497
33,2,Anna Delvey,0.04045205749252602,0.015391761010575164,0.06500134610684918,0.04517050630197294,404520.5749252602,451705.0630197294,0.04215140785702243,Rank,1,0.04960958509627402,1.2263797732770443,2.4263113345532497
33,2,Brooks Nader,0.08539574989065721,0.03552419783058199,0.16100317475558074,0.08746002340174562,853957.4989065721,874600.2340174562,0.04215140785702243,Rank,0,0.12547897692499874,1.4693819901536678,2.4263113345532497
33,2,Phaedra Parks,0.07738087442134235,0.025421430506905963,0.1504268780846808,0.06044612527629512,773808.7442134236,604461.2527629512,0.04215140785702243,Rank,0,0.12500544757777485,1.6154566423883316,2.4263113345532497
33,2,Jenn Tran,0.08580545096482557,0.041289636570340814,0.1552940481289485,0.0970690053554792,858054.5096482558,970690.053554792,0.04215140785702243,Rank,0,0.11400441155860769,1.3286383356383942,2.4263113345532497
33,2,Joey Graziadei,0.07928337640838272,0.02194491965964436,0.15635015157491408,0.08160722101220252,792833.7640838271,816072.2101220252,0.04215140785702243,Rank,0,0.1344052319152697,1.6952511106862862,2.4263113345532497
33,3,Eric Roberts,0.06082344611277128,0.02787333354867082,0.09527552134737946,0.08541883711258787,608234.4611277129,854188.3711258786,0.08689607229753216,Rank,1,0.06740218779870864,1.1081612783619639,2.2862340697513006
33,3,Reginald VelJohnson,0.06800866125883855,0.033720724887825994,0.1055896633472493,0.08989022744774657,680086.6125883855,898902.2744774657,0.08689607229753216,Rank,1,0.0718689384594233,1.0567615525600875,2.2862340697513006
33,3,Chandler Kinney,0.0865550906197915,0.025714109296264828,0.16271362217091542,0.06790183855583222,865550.906197915,679018.3855583222,0.08689607229753216,Rank,0,0.1369995128746506,1.5828013337360494,2.2862340697513006
33,3,Dwight Howard ,0.11454490307573449,0.061064924218735196,0.1917699856702194,0.09763714483630426,1145449.030757345,976371.4483630426,0.08689607229753216,Rank,0,0.13070506145148422,1.1410814269497875,2.2862340697513006
33,3,Danny Amendola,0.09627803720831268,0.03559430835792835,0.17579602629513064,0.10126086081238404,962780.3720831268,1012608.6081238404,0.08689607229753216,Rank,0,0.1402017179372023,1.4562170356033932,2.2862340697513006
33,3,Stephen Nedoroscik,0.08517988918080059,0.024122236345697465,0.17122808867771153,0.06740522756584783,851798.8918080059,674052.2756584783,0.08689607229753216,Rank,0,0.14710585233201406,1.7270021568092329,2.2862340697513006
33,3,Ilona Maher,0.10251803524910755,0.04754447508727466,0.17852312629104589,0.10399034708846452,1025180.3524910755,1039903.4708846452,0.08689607229753216,Rank,0,0.13097865120377122,1.2776156984037736,2.2862340697513006
33,3,Brooks Nader,0.09966403406070885,0.03410888422948323,0.18975500069322374,0.06774991783883927,996640.3406070885,677499.1783883927,0.08689607229753216,Rank,0,0.1556461164637405,1.5617079714928155,2.2862340697513006
33,3,Phaedra Parks,0.1036739811697627,0.046124894534685344,0.17030149827254307,0.10213862440413254,1036739.8116976271,1021386.2440413254,0.08689607229753216,Rank,0,0.12417660373785772,1.1977605406560268,2.2862340697513006
33,3,Jenn Tran,0.09533564653884255,0.03094348780774541,0.17451817523909138,0.11577326759390734,953356.4653884255,1157732.6759390733,0.08689607229753216,Rank,0,0.14357468743134597,1.505991647865412,2.2862340697513006
33,3,Joey Graziadei,0.08741827552532955,0.024266745658247237,0.1788845346263431,0.10083370674395363,874182.7552532955,1008337.0674395363,0.08689607229753216,Rank,0,0.15461778896809586,1.7687124121236546,2.2862340697513006
33,4,Chandler Kinney,0.11327819254826008,0.0583370972418717,0.1932664403384654,0.0916991056136047,1132781.9254826007,916991.056136047,0.12690355329949238,Rank,0,0.1349293430965937,1.1911325565960948,2.0954814428338775
33,4,Dwight Howard ,0.16096690132433347,0.10229743708598305,0.2407341418589799,0.12552718264101373,1609669.0132433348,1255271.8264101373,0.12690355329949238,Rank,0,0.13843670477299685,0.8600321161308787,2.0954814428338775
33,4,Danny Amendola,0.1098982162945159,0.04867659835840858,0.19461602860217808,0.11383391465503587,1098982.162945159,1138339.1465503587,0.12690355329949238,Rank,0,0.14593943024376949,1.3279508545677106,2.0954814428338775
33,4,Stephen Nedoroscik,0.09425320562983204,0.03189455706071285,0.17562703433760093,0.10524977343959722,942532.0562983204,1052497.7343959722,0.12690355329949238,Rank,0,0.1437324772768881,1.524961154545553,2.0954814428338775
33,4,Ilona Maher,0.1269425543564221,0.06580313497035574,0.21493828308774005,0.12306674142512093,1269425.543564221,1230667.4142512092,0.12690355329949238,Rank,0,0.14913514811738432,1.174823910496169,2.0954814428338775
33,4,Brooks Nader,0.05479996607428391,0.024728814098570178,0.0848132514778361,0.08373772394065349,547999.6607428391,837377.2394065348,0.12690355329949238,Rank,1,0.060084437379265915,1.0964320178194755,2.0954814428338775
33,4,Phaedra Parks,0.12376205645722667,0.0644488855672303,0.21264227831759722,0.1464955692057245,1237620.5645722668,1464955.6920572452,0.12690355329949238,Rank,0,0.14819339275036691,1.1974057073104951,2.0954814428338775
33,4,Jenn Tran,0.11757410236258452,0.05940678207509402,0.21355016829431767,0.11100737453249791,1175741.023625845,1110073.745324979,0.12690355329949238,Rank,0,0.15414338621922363,1.3110317929016697,2.0954814428338775
33,4,Joey Graziadei,0.09852480495254111,0.03806819602739049,0.17802315164217775,0.09938261454675157,985248.0495254111,993826.1454675157,0.12690355329949238,Rank,0,0.13995495561478727,1.4205047721962287,2.0954814428338775
33,5,Chandler Kinney,0.12137975369517985,0.05302563977907592,0.21313766246891008,0.09595244552450848,1213797.5369517985,959524.4552450847,0.2407318247472316,Rank,0,0.16011202268983415,1.3190999142404127,1.9863102305835327
33,5,Dwight Howard ,0.1774091807363137,0.10356349369211205,0.268892496398393,0.18353094728232633,1774091.8073631371,1835309.4728232634,0.2407318247472316,Rank,0,0.16532900270628098,0.9319078190886428,1.9863102305835327
33,5,Danny Amendola,0.12103975323003636,0.051408175219131054,0.21168537474717428,0.10236509825658945,1210397.5323003638,1023650.9825658945,0.2407318247472316,Rank,0,0.16027719952804323,1.3241699131973277,1.9863102305835327
33,5,Stephen Nedoroscik,0.13055346582880337,0.07349455849981357,0.2095354241059208,0.11114211366936103,1305534.6582880337,1111421.1366936103,0.2407318247472316,Rank,0,0.13604086560610723,1.0420318200092793,1.9863102305835327
33,5,Ilona Maher,0.13691731826917017,0.056092535733785,0.23616063044235394,0.1411606498165764,1369173.1826917017,1411606.498165764,0.2407318247472316,Rank,0,0.18006809470856894,1.3151593749051327,1.9863102305835327
33,5,Phaedra Parks,0.07854400515327473,0.04077113052733536,0.11848467082876082,0.1024920654402841,785440.0515327472,1024920.654402841,0.2407318247472316,Rank,1,0.07771354030142547,0.9894267570105618,1.9863102305835327
33,5,Jenn Tran,0.12866643802474464,0.05558473779420172,0.22626800827630916,0.1422188233793123,1286664.3802474465,1422188.233793123,0.2407318247472316,Rank,0,0.17068327048210744,1.3265562729674871,1.9863102305835327
33,5,Joey Graziadei,0.10549008506247673,0.03614003359977169,0.1993896779326964,0.12113785663104203,1054900.8506247674,1211378.5663104202,0.2407318247472316,Rank,0,0.16324964433292471,1.5475354317539867,1.9863102305835327
33,6,Chandler Kinney,0.1227183702201599,0.06798019022740044,0.20856614418647967,0.14231132818445608,1227183.702201599,1423113.2818445608,0.03779575175750246,Rank,0,0.14058595395907925,1.1455982809001166,1.8619739355379925
33,6,Dwight Howard ,0.17722320011938317,0.09851083290872399,0.296449186108724,0.2069412896227528,1772232.0011938317,2069412.8962275279,0.03779575175750246,Rank,0,0.19793835320000003,1.116887366138646,1.8619739355379925
33,6,Danny Amendola,0.14650588916670895,0.09594701154059478,0.22148192426786012,0.13207043336286425,1465058.8916670894,1320704.3336286426,0.03779575175750246,Rank,0,0.12553491272726536,0.8568591572753725,1.8619739355379925
33,6,Stephen Nedoroscik,0.173787020982478,0.11789696468047794,0.2568409521405851,0.1567675285622974,1737870.20982478,1567675.285622974,0.03779575175750246,Rank,0,0.13894398746010717,0.799507274332737,1.8619739355379925
33,6,Ilona Maher,0.19602488581414476,0.14161440497029618,0.27134359286890125,0.14503268238522082,1960248.8581414477,1450326.8238522082,0.03779575175750246,Rank,0,0.12972918789860508,0.6617995840671168,1.8619739355379925
33,6,Jenn Tran,0.07597271594445815,0.04151901416794714,0.11176102953881488,0.1069939092766804,759727.1594445815,1069939.092766804,0.03779575175750246,Rank,1,0.07024201537086774,0.924568965287749,1.8619739355379925
33,6,Joey Graziadei,0.10776791775266696,0.05368738325792918,0.18656873240375477,0.10988282860572837,1077679.1775266696,1098828.2860572836,0.03779575175750246,Rank,0,0.13288134914582558,1.2330325380397094,1.8619739355379925
33,7,Chandler Kinney,0.13558206003381998,0.05392682822706814,0.24366975489537798,0.1142859857411231,1355820.6003381999,1142859.857411231,0.39588281868566905,Rank,0,0.18974292666830983,1.3994692706467198,1.7073124434599036
33,7,Dwight Howard ,0.1450662493715213,0.08841079928272787,0.20449315125581963,0.19692966890979272,1450662.493715213,1969296.6890979272,0.39588281868566905,Rank,1,0.11608235197309176,0.8002023384212517,1.7073124434599036
33,7,Danny Amendola,0.18141436986930778,0.09691372027896564,0.2789515437241181,0.15933744855163814,1814143.6986930778,1593374.4855163814,0.39588281868566905,Rank,0,0.18203782344515249,1.0034366272985642,1.7073124434599036
33,7,Stephen Nedoroscik,0.1990223012459086,0.10617675314757957,0.30457131613130806,0.20299605180012217,1990223.012459086,2029960.5180012218,0.39588281868566905,Rank,0,0.19839456298372848,0.9968458898412369,1.7073124434599036
33,7,Ilona Maher,0.22719674026020853,0.138407466455872,0.3364944318168396,0.2050844749879675,2271967.4026020854,2050844.749879675,0.39588281868566905,Rank,0,0.19808696536096757,0.8718741524816707,1.7073124434599036
33,7,Joey Graziadei,0.11171827921923369,0.043090176540086136,0.19980522174937676,0.12136637000935628,1117182.7921923369,1213663.7000935627,0.39588281868566905,Rank,0,0.15671504520929064,1.4027699522810964,1.7073124434599036
33,8,Chandler Kinney,0.15806738450210805,0.07530129745152167,0.24711856070639235,0.15757504034777964,1580673.8450210805,1575750.4034777964,1.0,Rank,0,0.17181726325487068,1.08698745029579,1.5289549693361488
33,8,Danny Amendola,0.21399174279202374,0.11588777608266991,0.3169434018855877,0.2263505864379969,2139917.427920237,2263505.864379969,1.0,Rank,0,0.2010556258029178,0.9395485226657628,1.5289549693361488
33,8,Stephen Nedoroscik,0.2302101507208557,0.12775106462769106,0.3405726821986462,0.2438945587821343,2302101.5072085573,2438945.587821343,1.0,Rank,0,0.21282161757095516,0.9244666966445575,1.5289549693361488
33,8,Ilona Maher,0.26962977616795103,0.1619347210403224,0.3938715664419402,0.2747328109323566,2696297.76167951,2747328.109323566,1.0,Rank,0,0.23193684540161782,0.8602048657161127,1.5289549693361488
33,8,Joey Graziadei,0.1281009458170618,0.056677458037034126,0.21776209540075803,0.0974470034997326,1281009.458170618,974470.0349973261,1.0,Rank,0,0.16108463736372391,1.2574820297873945,1.5289549693361488
34,1,Corey Feldman,0.07152916657143386,0.026947440992462192,0.13340478100766087,0.09585814035495839,715291.6657143387,958581.4035495839,1.0,Rank,0,0.10645734001519869,1.488306730218689,2.5476500149781516
34,1,Danielle Fishel,0.07151309211135082,0.029591717844517508,0.12795933968069556,0.05771826801705847,715130.9211135082,577182.6801705847,1.0,Rank,0,0.09836762183617806,1.375519068354825,2.5476500149781516
34,1,Elaine Hendrix,0.07111471873211896,0.02863242208473984,0.12529182753986473,0.08008668274648065,711147.1873211896,800866.8274648065,1.0,Rank,0,0.09665940545512489,1.3592039338470825,2.5476500149781516
34,1,Baron Davis,0.0717823088069647,0.03032103157442193,0.12650713849154394,0.055934038730093144,717823.0880696471,559340.3873009314,1.0,Rank,0,0.09618610691712201,1.3399695344960751,2.5476500149781516
34,1,Jordan Chiles,0.07253845014781145,0.02837986332664974,0.13270167885518322,0.07178806502443849,725384.5014781145,717880.6502443849,1.0,Rank,0,0.10432181552853348,1.4381588704467374,2.5476500149781516
34,1,Andy Richter,0.07019042773575339,0.030167322439097238,0.12178066761433927,0.06829390109570908,701904.2773575339,682939.0109570909,1.0,Rank,0,0.09161334517524203,1.3052113818160465,2.5476500149781516
34,1,Robert Irwin,0.07129338394940786,0.028480932524857727,0.12906246886084086,0.0692198835242848,712933.8394940787,692198.835242848,1.0,Rank,0,0.10058153633598313,1.410811645683127,2.5476500149781516
34,1,Hilaria Baldwin,0.0713417076927316,0.030910829587237086,0.12690071293354124,0.06120697398694315,713417.076927316,612069.7398694315,1.0,Rank,0,0.09598988334630415,1.3454946124885618,2.5476500149781516
34,1,Lauren Jauregui,0.071286029754393,0.027797530027251674,0.12555391512766614,0.05441279869947873,712860.2975439299,544127.9869947874,1.0,Rank,0,0.09775638510041447,1.3713259868339103,2.5476500149781516
34,1,Scott Hoying,0.0705696047131768,0.029404193267898525,0.12690506812090502,0.0628198920667361,705696.0471317681,628198.920667361,1.0,Rank,0,0.09750087485300649,1.3816270510411555,2.5476500149781516
34,1,Alix Earle,0.06946460282833188,0.026913935915755662,0.12455822393566765,0.11310962743605138,694646.0282833187,1131096.2743605138,1.0,Rank,0,0.09764428801991198,1.4056697086604046,2.5476500149781516
34,1,Jen Affleck,0.07254424312977414,0.030723656249884178,0.12763714155558462,0.0785161228796123,725442.4312977415,785161.228796123,1.0,Rank,0,0.09691348530570043,1.3359224815721384,2.5476500149781516
34,1,Whitney Leavitt,0.07079809980127034,0.03008048543326031,0.12246014058616878,0.0655005566099932,707980.9980127035,655005.566099932,1.0,Rank,0,0.09237965515290847,1.3048324095168848,2.5476500149781516
34,1,Dylan Efron,0.07403416402548124,0.03261259000421487,0.13243466867410858,0.06553504882816234,740341.6402548124,655350.4882816235,1.0,Rank,0,0.0998220786698937,1.348324519954554,2.5476500149781516
34,2,Corey Feldman,0.0408704658746234,0.011993141736188486,0.0706677169424398,0.07395318177218387,408704.658746234,739531.8177218386,0.09196247930844216,Rank,1,0.058674575206251314,1.4356228623927318,2.4842213020656407
34,2,Danielle Fishel,0.08241813486940533,0.033334973393626635,0.15909501390756145,0.07556513037926006,824181.3486940532,755651.3037926006,0.09196247930844216,Rank,0,0.1257600405139348,1.5258782634817734,2.4842213020656407
34,2,Elaine Hendrix,0.07355239465407053,0.020074389137135506,0.15549077469530478,0.08852225763925686,735523.9465407053,885222.5763925686,0.09196247930844216,Rank,0,0.1354163855581693,1.8410873798882508,2.4842213020656407
34,2,Baron Davis,0.033150800786855374,0.010127450135823814,0.05757132542602493,0.06632368855918326,331508.00786855374,663236.8855918326,0.09196247930844216,Rank,1,0.04744387529020112,1.43115321995519,2.4842213020656407
34,2,Jordan Chiles,0.071903876287057,0.018409134853660785,0.14495415373749038,0.08278435926413591,719038.76287057,827843.5926413591,0.09196247930844216,Rank,0,0.1265450188838296,1.7599192897283098,2.4842213020656407
34,2,Andy Richter,0.08853252236008757,0.04387013930834686,0.15743750884247648,0.0886470565654401,885325.2236008757,886470.565654401,0.09196247930844216,Rank,0,0.11356736953412963,1.2827757134515838,2.4842213020656407
34,2,Robert Irwin,0.0742713253709499,0.01672270167608909,0.16339802741929213,0.08459504903522835,742713.2537094989,845950.4903522836,0.09196247930844216,Rank,0,0.14667532574320305,1.9748580627938126,2.4842213020656407
34,2,Hilaria Baldwin,0.07531779830507497,0.021534095322647315,0.14596137539600457,0.05223632056168731,753177.9830507498,522363.2056168731,0.09196247930844216,Rank,0,0.12442728007335725,1.6520302355276528,2.4842213020656407
34,2,Lauren Jauregui,0.07472497500001901,0.02169651569992851,0.15064086776816485,0.05070507271671819,747249.7500001901,507050.7271671819,0.09196247930844216,Rank,0,0.12894435206823635,1.7255857505232157,2.4842213020656407
34,2,Scott Hoying,0.0890381376410086,0.039843298875670265,0.16215538346008623,0.0783172149563063,890381.3764100859,783172.1495630629,0.09196247930844216,Rank,0,0.12231208458441598,1.3737044352563175,2.4842213020656407
34,2,Alix Earle,0.07334887873384405,0.0174940093436184,0.1458871457858428,0.03795560322135148,733488.7873384404,379556.03221351485,0.09196247930844216,Rank,0,0.12839313644222441,1.7504444329423987,2.4842213020656407
34,2,Jen Affleck,0.07324553296864798,0.01934245165508414,0.15448287235892036,0.07446247440819201,732455.3296864799,744624.7440819201,0.09196247930844216,Rank,0,0.13514042070383622,1.84503293547856,2.4842213020656407
34,2,Whitney Leavitt,0.07061490583889238,0.020413111048693186,0.1471516639783113,0.08411873558596829,706149.0583889238,841187.3558596829,0.09196247930844216,Rank,0,0.1267385529296181,1.7947847047869978,2.4842213020656407
34,2,Dylan Efron,0.07901025130946392,0.02596768917028472,0.14817199139902665,0.06181385533508813,790102.5130946392,618138.5533508813,0.09196247930844216,Rank,0,0.12220430222874193,1.5466891979636597,2.4842213020656407
34,3,Danielle Fishel,0.09330769220601934,0.02926684491324735,0.17456995134232908,0.06519104036990654,933076.9220601934,651910.4036990654,0.37174721189591076,Rank,0,0.14530310642908173,1.5572468142096878,2.348721877504748
34,3,Elaine Hendrix,0.08371051397147454,0.026688085991243646,0.15771585227093918,0.07436046895607348,837105.1397147455,743604.6895607348,0.37174721189591076,Rank,0,0.13102776627969553,1.5652486176867217,2.348721877504748
34,3,Jordan Chiles,0.07775026166276496,0.02392279556387272,0.16329544666031626,0.09751537771643713,777502.6166276495,975153.7771643713,0.37174721189591076,Rank,0,0.13937265109644353,1.792568257853078,2.348721877504748
34,3,Andy Richter,0.10539253294192998,0.04994191202943873,0.18902797403171315,0.09260846399029692,1053925.3294192997,926084.6399029691,0.37174721189591076,Rank,0,0.1390860620022744,1.319695600056497,2.348721877504748
34,3,Robert Irwin,0.07911401714748079,0.024292307196638364,0.1573510244850645,0.06275448775558082,791140.1714748079,627544.8775558082,0.37174721189591076,Rank,0,0.13305871728842614,1.681860207406534,2.348721877504748
34,3,Hilaria Baldwin,0.08385532931972926,0.024929178720276533,0.17480282080628118,0.08243125784768018,838553.2931972926,824312.5784768019,0.37174721189591076,Rank,0,0.14987364208600465,1.7872882177178782,2.348721877504748
34,3,Lauren Jauregui,0.04420007388731237,0.01632390444897304,0.07562559111011781,0.04655927357107437,442000.7388731237,465592.73571074364,0.37174721189591076,Rank,1,0.05930168666114477,1.3416648762247276,2.348721877504748
34,3,Scott Hoying,0.09729540618104414,0.03483493015209928,0.1877240550623176,0.14378926576554701,972954.0618104414,1437892.65765547,0.37174721189591076,Rank,0,0.15288912491021833,1.5713909927641105,2.348721877504748
34,3,Alix Earle,0.08231946519328305,0.024036943008611034,0.16660633973965713,0.08084997410926574,823194.6519328305,808499.7410926574,0.37174721189591076,Rank,0,0.1425693967310461,1.7319038261035642,2.348721877504748
34,3,Jen Affleck,0.08960059606266334,0.03464308748632226,0.1556817060776132,0.09853574215768778,896005.9606266334,985357.4215768777,0.37174721189591076,Rank,0,0.12103861859129093,1.3508684530027122,2.348721877504748
34,3,Whitney Leavitt,0.07674352624244109,0.021375123253415024,0.14816162373798025,0.08103338154206825,767435.2624244109,810333.8154206825,0.37174721189591076,Rank,0,0.12678650048456522,1.6520807251419876,2.348721877504748
34,3,Dylan Efron,0.08671058518385688,0.025235329547157567,0.1633349980647507,0.07437126621838172,867105.8518385688,743712.6621838172,0.37174721189591076,Rank,0,0.13809966851759314,1.5926506345767748,2.348721877504748
34,4,Danielle Fishel,0.11997409064922361,0.07048017383054124,0.1959824076805187,0.08347518178832826,1199740.906492236,834751.8178832826,0.041390728476821195,Rank,0,0.12550223384997744,1.046077808723859,2.268126801131994
34,4,Elaine Hendrix,0.07794183487677969,0.026891662674205077,0.15733736247502852,0.09669168171978922,779418.3487677969,966916.8171978921,0.041390728476821195,Rank,0,0.13044569980082343,1.6736288029021704,2.268126801131994
34,4,Jordan Chiles,0.07284830021777833,0.024554239941331726,0.14622352702185828,0.07065767262621167,728483.0021777833,706576.7262621167,0.041390728476821195,Rank,0,0.12166928708052656,1.6701733151878493,2.268126801131994
34,4,Andy Richter,0.1359590180337375,0.08367468013795828,0.21760764423891393,0.0905508289032321,1359590.180337375,905508.289032321,0.041390728476821195,Rank,0,0.13393296410095565,0.9850980540895118,2.268126801131994
34,4,Robert Irwin,0.10237718514331515,0.05408140580708371,0.18088147226004625,0.10269698246439628,1023771.8514331515,1026969.8246439628,0.041390728476821195,Rank,0,0.12680006645296255,1.2385578512972246,2.268126801131994
34,4,Hilaria Baldwin,0.0368571997040614,0.015254156012940535,0.06109374204904664,0.0633491900760407,368571.997040614,633491.900760407,0.041390728476821195,Rank,1,0.045839586036106106,1.2437077804110797,2.268126801131994
34,4,Scott Hoying,0.12109146205755049,0.0692212615351139,0.19621890262701933,0.12217356143291214,1210914.6205755048,1221735.6143291213,0.041390728476821195,Rank,0,0.12699764109190542,1.0487745290543105,2.268126801131994
34,4,Alix Earle,0.07979803573817625,0.029039883575950172,0.1573637138198719,0.08180073961013533,797980.3573817625,818007.3961013533,0.041390728476821195,Rank,0,0.12832383024392174,1.6081076314329656,2.268126801131994
34,4,Jen Affleck,0.0910178611029111,0.041378995756268425,0.17636708962761935,0.10836357565866826,910178.611029111,1083635.7565866825,0.041390728476821195,Rank,0,0.1349880938713509,1.4830945512850935,2.268126801131994
34,4,Whitney Leavitt,0.07339933005764186,0.024511963290968008,0.15690816615006464,0.08122419088269121,733993.3005764186,812241.9088269122,0.041390728476821195,Rank,0,0.13239620285909665,1.8037794453317686,2.268126801131994
34,4,Dylan Efron,0.0887356824188246,0.038819999955802646,0.16641149340836445,0.09901639483759496,887356.8241882459,990163.9483759496,0.041390728476821195,Rank,0,0.1275914934525618,1.437882596657579,2.268126801131994
34,5,Danielle Fishel,0.12692643493890648,0.05536144815488738,0.21754615958066587,0.11713175626443352,1269264.3493890648,1171317.5626443352,1.0,Rank,0,0.16218471142577848,1.2777851320242537,2.170913457866862
34,5,Elaine Hendrix,0.07868975956880839,0.028267479946933047,0.14649458720097364,0.07533007488800077,786897.5956880839,753300.7488800077,1.0,Rank,0,0.11822710725404059,1.502445907852339,2.170913457866862
34,5,Jordan Chiles,0.07539715827976988,0.022514016397733656,0.14672898108546076,0.09964691867882254,753971.5827976988,996469.1867882254,1.0,Rank,0,0.12421496468772711,1.647475415808287,2.170913457866862
34,5,Andy Richter,0.14081252326035545,0.061385672727824594,0.2431539920671118,0.16263920283332003,1408125.2326035546,1626392.0283332004,1.0,Rank,0,0.18176831933928722,1.2908533639668291,2.170913457866862
34,5,Robert Irwin,0.10737236754328346,0.04125580408679667,0.18855471622672484,0.12043880946885901,1073723.6754328345,1204388.0946885902,1.0,Rank,0,0.14729891213992818,1.3718512081849152,2.170913457866862
34,5,Scott Hoying,0.12499419129590114,0.05303437124646943,0.22288661426433204,0.10762125360423755,1249941.9129590115,1076212.5360423755,1.0,Rank,0,0.16985224301786261,1.3588810908481992,2.170913457866862
34,5,Alix Earle,0.08405096103246414,0.023091278246992458,0.17244577166435188,0.08440603874978796,840509.6103246413,844060.3874978796,1.0,Rank,0,0.14935449341735943,1.776951644368138,2.170913457866862
34,5,Jen Affleck,0.09132686722879646,0.030124548467316294,0.17525081307966295,0.08626248532328847,913268.6722879646,862624.8532328847,1.0,Rank,0,0.14512626461234665,1.5890862022976147,2.170913457866862
34,5,Whitney Leavitt,0.07586080298038664,0.022455605975524366,0.15543547777119684,0.0756665046085226,758608.0298038664,756665.046085226,1.0,Rank,0,0.13297987179567247,1.7529457449857686,2.170913457866862
34,5,Dylan Efron,0.09456893387132792,0.03301298073341727,0.18229224829498142,0.07085695558072752,945689.3387132792,708569.5558072752,1.0,Rank,0,0.14927926756156415,1.5785233210377103,2.170913457866862
34,6,Danielle Fishel,0.13450707668569475,0.056204665990468125,0.2322763123430862,0.1358387537525058,1345070.7668569474,1358387.5375250578,0.18811136192626035,Rank,0,0.17607164635261807,1.3090139990481544,2.176511312131808
34,6,Elaine Hendrix,0.08259750673836688,0.02628928171207533,0.14814171861182068,0.06991986184188587,825975.0673836689,699198.6184188586,0.18811136192626035,Rank,0,0.12185243689974536,1.475255630726495,2.176511312131808
34,6,Jordan Chiles,0.07537263965638369,0.023840062469694594,0.1473642330562431,0.07335269300568534,753726.3965638368,733526.9300568533,0.18811136192626035,Rank,0,0.1235241705865485,1.6388462862609405,2.176511312131808
34,6,Andy Richter,0.1508276302855567,0.08241835339506409,0.24976478370390698,0.13027902735486319,1508276.302855567,1302790.273548632,0.18811136192626035,Rank,0,0.1673464303088429,1.109521047251168,2.176511312131808
34,6,Robert Irwin,0.10708263033179094,0.03758685942240631,0.1959673211484131,0.10056281842992214,1070826.3033179094,1005628.1842992214,0.18811136192626035,Rank,0,0.15838046172600678,1.4790490412429327,2.176511312131808
34,6,Scott Hoying,0.06668092489630897,0.03401956681360649,0.09973445459433729,0.09364067150035386,666809.2489630898,936406.7150035386,0.18811136192626035,Rank,1,0.0657148877807308,0.9855125417489276,2.176511312131808
34,6,Alix Earle,0.08398603676824061,0.025556609621262463,0.16066139307307764,0.10355490608451413,839860.3676824061,1035549.0608451413,0.18811136192626035,Rank,0,0.13510478345181517,1.6086576846653295,2.176511312131808
34,6,Jen Affleck,0.11074611780135922,0.05048760194039833,0.18675821954073665,0.10540806114019212,1107461.1780135923,1054080.6114019211,0.18811136192626035,Rank,0,0.13627061760033832,1.2304776032398836,2.176511312131808
34,6,Whitney Leavitt,0.07785517474712825,0.018224341509106144,0.1580202732721048,0.10630712910558003,778551.7474712825,1063071.2910558004,0.18811136192626035,Rank,0,0.13979593176299865,1.7955894674573978,2.176511312131808
34,6,Dylan Efron,0.11034426208916996,0.050912269013840564,0.18799994221726032,0.08113607778449759,1103442.6208916996,811360.7778449759,0.18811136192626035,Rank,0,0.13708767320341975,1.2423634052909633,2.176511312131808
34,7,Danielle Fishel,0.14718856269708447,0.0780655602627129,0.23699940224342608,0.14357550418758488,1471885.6269708446,1435755.0418758488,0.2117746717492588,Rank,0,0.1589338419807132,1.079797499672584,2.075307195475637
34,7,Elaine Hendrix,0.1158831165464899,0.059749360418514835,0.20007790117695046,0.09440813261682929,1158831.165464899,944081.3261682929,0.2117746717492588,Rank,0,0.14032854075843562,1.2109489711742325,2.075307195475637
34,7,Jordan Chiles,0.08878899620142583,0.029784241387957384,0.16601849682397202,0.12977886972189692,887889.9620142583,1297788.6972189692,0.2117746717492588,Rank,0,0.13623425543601464,1.534359675910233,2.075307195475637
34,7,Andy Richter,0.16965536342578297,0.09299630252832715,0.25903565264471434,0.18449595377885916,1696553.6342578297,1844959.5377885916,0.2117746717492588,Rank,0,0.1660393501163872,0.9786861244090429,2.075307195475637
34,7,Robert Irwin,0.11696530165870604,0.04662737997677221,0.21947011435401845,0.1000604441343161,1169653.0165870604,1000604.4413431609,0.2117746717492588,Rank,0,0.17284273437724623,1.4777265729761924,2.075307195475637
34,7,Alix Earle,0.08997831164584498,0.03097211261387929,0.16195293802791597,0.05894490047604125,899783.1164584497,589449.0047604125,0.2117746717492588,Rank,0,0.13098082541403666,1.4556933000652175,2.075307195475637
34,7,Jen Affleck,0.06357781023568781,0.02914021994326396,0.09977574928533872,0.0844221655914328,635778.1023568781,844221.655914328,0.2117746717492588,Rank,1,0.07063552934207476,1.1110091568146723,2.075307195475637
34,7,Whitney Leavitt,0.08466894561164755,0.025326714476435235,0.16707755489998322,0.07786017778649132,846689.4561164755,778601.7778649132,0.2117746717492588,Rank,0,0.141750840423548,1.674177461400298,2.075307195475637
34,7,Dylan Efron,0.12329359197733032,0.05612343935142942,0.21271780068936164,0.12645385170654827,1232935.9197733032,1264538.5170654827,0.2117746717492588,Rank,0,0.15659436133793223,1.2700932694598177,2.075307195475637
34,8,Danielle Fishel,0.09692747062460531,0.05577226580894237,0.14065551209686175,0.13167871211813437,969274.7062460531,1316787.1211813437,0.21997360316761988,Rank,1,0.08488324628791938,0.8757398262941107,1.9741151900772065
34,8,Elaine Hendrix,0.1538390745645752,0.09574310979201195,0.22692044464507585,0.14194089958382944,1538390.7456457522,1419408.9958382943,0.21997360316761988,Rank,0,0.1311773348530639,0.8526919134449236,1.9741151900772065
34,8,Jordan Chiles,0.09383567016305522,0.031874940044189976,0.18423727404189386,0.07281289047602604,938356.7016305522,728128.9047602605,0.21997360316761988,Rank,0,0.15236233399770388,1.6237144545666777,1.9741151900772065
34,8,Andy Richter,0.19086323632530142,0.11583303067068032,0.289841014410425,0.16418865547680855,1908632.3632530142,1641886.5547680855,0.21997360316761988,Rank,0,0.17400798373974466,0.9116893703047706,1.9741151900772065
34,8,Robert Irwin,0.1339639430312397,0.06405675086724891,0.22070074829507816,0.14090149854974396,1339639.430312397,1409014.9854974395,0.21997360316761988,Rank,0,0.15664399742782925,1.169299692763602,1.9741151900772065
34,8,Alix Earle,0.09981036251869582,0.03298516527347627,0.19120618861455374,0.1064138926528516,998103.6251869582,1064138.926528516,0.21997360316761988,Rank,0,0.15822102334107746,1.5852163978608989,1.9741151900772065
34,8,Whitney Leavitt,0.09150384760116088,0.02851132720508928,0.16986478187429105,0.09979709165851958,915038.4760116088,997970.9165851958,0.21997360316761988,Rank,0,0.14135345466920177,1.544781540611506,1.9741151900772065
34,8,Dylan Efron,0.1392563951713657,0.06500566190606291,0.22526862494843797,0.14226635948408653,1392563.951713657,1422663.5948408653,0.21997360316761988,Rank,0,0.16026296304237506,1.1508481376755384,1.9741151900772065
34,9,Elaine Hendrix,0.20027083568716356,0.12619837076851523,0.305527132451334,0.16513686852342035,2002708.3568716357,1651368.6852342035,0.11544677903486493,Rank,0,0.17932876168281878,0.8954312347452442,1.858769432090912
34,9,Jordan Chiles,0.1434358919394732,0.06910493002964907,0.23175874637337965,0.12337248763334928,1434358.919394732,1233724.8763334928,0.11544677903486493,Rank,0,0.16265381634373058,1.133982674380879,1.858769432090912
34,9,Andy Richter,0.12362022897268216,0.07566880362143086,0.17467247104938952,0.16389590733695839,1236202.2897268215,1638959.0733695838,0.11544677903486493,Rank,1,0.09900366742795866,0.800869471369744,1.858769432090912
34,9,Robert Irwin,0.15678920828409734,0.0656200963723631,0.2577594236523385,0.16414254412171944,1567892.0828409735,1641425.4412171943,0.11544677903486493,Rank,0,0.1921393272799754,1.225462704880968,1.858769432090912
34,9,Alix Earle,0.11470603076969785,0.04354541198573149,0.20919465698799747,0.09213552025208034,1147060.3076969786,921355.2025208034,0.11544677903486493,Rank,0,0.16564924500226597,1.44411975456504,1.858769432090912
34,9,Whitney Leavitt,0.10120158049081146,0.03811917075133173,0.19026563817878808,0.12179731304297833,1012015.8049081146,1217973.1304297834,0.11544677903486493,Rank,0,0.15214646742745636,1.503400111831953,1.858769432090912
34,9,Dylan Efron,0.1599762238560744,0.07232033897894338,0.26640835053215056,0.16951935908949387,1599762.238560744,1695193.5908949387,0.11544677903486493,Rank,0,0.19408801155320718,1.2132303593302844,1.858769432090912
34,10,Elaine Hendrix,0.22207674397791738,0.14140120746565435,0.3423358585629114,0.23474079533026784,2220767.4397791736,2347407.9533026787,0.11348161597821153,Rank,0,0.20093465109725703,0.9047982580167753,1.695993296556098
34,10,Jordan Chiles,0.17345368909749714,0.11829873267088,0.24662610510367708,0.1515683951474184,1734536.8909749715,1515683.9514741842,0.11348161597821153,Rank,0,0.12832737243279707,0.7398365125613738,1.695993296556098
34,10,Robert Irwin,0.16139503513187164,0.08916057480321007,0.26754244118973747,0.17615314566821527,1613950.3513187165,1761531.4566821528,0.11348161597821153,Rank,0,0.1783818663865274,1.105250023588249,1.695993296556098
34,10,Alix Earle,0.12882884309873627,0.07240297557427919,0.2016407555487294,0.13184642946395855,1288288.4309873627,1318464.2946395855,0.11348161597821153,Rank,0,0.1292377799744502,1.0031742649074364,1.695993296556098
34,10,Whitney Leavitt,0.07573815222375593,0.0343607606745279,0.11857686531661564,0.11143202289393297,757381.5222375593,1114320.2289393297,0.11348161597821153,Rank,1,0.08421610464208773,1.1119376716939842,1.695993296556098
34,10,Dylan Efron,0.23850753647022194,0.17546903747773496,0.3156412017785025,0.1942592114962068,2385075.364702219,1942592.1149620682,0.11348161597821153,Rank,0,0.14017216430076757,0.5877053881618886,1.695993296556098
