season,week,celebrity_name,pair_id,J_score,fan_share,judge_rank,fan_rank,rank_total,judge_pct,combined_pct,elim_count,elim_flag
1,3,Evander Holyfield,S1_Evander Holyfield __ Edyta Sliwinska,13.0,0.1632929076085946,5,5,10,0.12264150943396226,0.28593441704255684,1,False
1,3,Joey McIntyre,S1_Joey McIntyre __ Ashly DelGrosso,22.0,0.2178814106557207,3,2,5,0.20754716981132076,0.42542858046704146,1,False
1,3,John O'Hurley,S1_John O'Hurley __ Charlotte Jorgensen,24.0,0.1929976201764396,2,3,5,0.22641509433962265,0.4194127145160622,1,False
1,3,Kelly Monaco,S1_Kelly Monaco __ Alec Mazo,21.0,0.2388583382208453,4,1,5,0.19811320754716982,0.4369715457680151,1,False
1,3,Rachel Hunter,S1_Rachel Hunter __ Jonathan Roberts,26.0,0.1869697233383998,1,4,5,0.24528301886792453,0.43225274220632437,1,False
1,4,Joey McIntyre,S1_Joey McIntyre __ Ashly DelGrosso,20.0,0.3056567107067164,4,1,5,0.21739130434782608,0.5230480150545425,1,False
1,4,John O'Hurley,S1_John O'Hurley __ Charlotte Jorgensen,21.0,0.2464562190564861,3,3,6,0.22826086956521738,0.4747170886217035,1,False
1,4,Kelly Monaco,S1_Kelly Monaco __ Alec Mazo,26.0,0.2766270658788043,1,2,3,0.2826086956521739,0.5592357615309782,1,False
1,4,Rachel Hunter,S1_Rachel Hunter __ Jonathan Roberts,25.0,0.171260004357993,2,4,6,0.2717391304347826,0.4429991347927756,1,False
1,5,Joey McIntyre,S1_Joey McIntyre __ Ashly DelGrosso,22.5,0.3042515284614443,3,2,5,0.3082191780821918,0.6124707065436361,1,False
1,5,John O'Hurley,S1_John O'Hurley __ Charlotte Jorgensen,27.0,0.2985244565785555,1,3,4,0.3698630136986301,0.6683874702771856,1,False
1,5,Kelly Monaco,S1_Kelly Monaco __ Alec Mazo,23.5,0.3972240149600001,2,1,3,0.3219178082191781,0.7191418231791782,1,False
2,2,Drew Lachey,S2_Drew Lachey __ Cheryl Burke,27.0,0.1052828309338181,2,8,10,0.135,0.2402828309338181,1,False
2,2,George Hamilton,S2_George Hamilton __ Edyta Sliwinska,22.0,0.1234939887496172,5,2,7,0.11,0.2334939887496172,1,False
2,2,Giselle Fernandez,S2_Giselle Fernandez __ Jonathan Roberts,24.0,0.1145681902079923,3,4,7,0.12,0.2345681902079923,1,False
2,2,Jerry Rice,S2_Jerry Rice __ Anna Trebunskaya,23.0,0.1111701383682896,4,6,10,0.115,0.22617013836828959,1,False
2,2,Lisa Rinna,S2_Lisa Rinna __ Louis van Amstel,20.0,0.1233632855644792,7,3,10,0.1,0.2233632855644792,1,False
2,2,Master P,S2_Master P __ Ashly DelGrosso,16.0,0.1372463268908126,9,1,10,0.08,0.21724632689081258,1,False
2,2,Stacy Keibler,S2_Stacy Keibler __ Tony Dovolani,29.0,0.1058387446310518,1,7,8,0.145,0.2508387446310518,1,False
2,2,Tatum O'Neal,S2_Tatum O'Neal __ Nick Kosovich,17.0,0.065526898253036,8,9,17,0.085,0.150526898253036,1,False
2,2,Tia Carrere,S2_Tia Carrere __ Maksim Chmerkoskiy,22.0,0.113509596400903,6,5,11,0.11,0.223509596400903,1,False
2,3,Drew Lachey,S2_Drew Lachey __ Cheryl Burke,27.0,0.1048518985955321,1,7,8,0.14835164835164835,0.25320354694718045,1,False
2,3,George Hamilton,S2_George Hamilton __ Edyta Sliwinska,22.0,0.1438603484898248,5,2,7,0.12087912087912088,0.26473946936894566,1,False
2,3,Giselle Fernandez,S2_Giselle Fernandez __ Jonathan Roberts,22.0,0.0691909365958824,6,8,14,0.12087912087912088,0.19007005747500327,1,False
2,3,Jerry Rice,S2_Jerry Rice __ Anna Trebunskaya,19.0,0.1429238671623773,7,3,10,0.1043956043956044,0.24731947155798167,1,False
2,3,Lisa Rinna,S2_Lisa Rinna __ Louis van Amstel,25.0,0.1301315282534946,4,4,8,0.13736263736263737,0.267494165616132,1,False
2,3,Master P,S2_Master P __ Ashly DelGrosso,14.0,0.1745096913121791,8,1,9,0.07692307692307693,0.25143276823525607,1,False
2,3,Stacy Keibler,S2_Stacy Keibler __ Tony Dovolani,27.0,0.11250809819415,2,6,8,0.14835164835164835,0.26085974654579835,1,False
2,3,Tia Carrere,S2_Tia Carrere __ Maksim Chmerkoskiy,26.0,0.1220236313965592,3,5,8,0.14285714285714285,0.26488077425370204,1,False
2,4,Drew Lachey,S2_Drew Lachey __ Cheryl Burke,28.0,0.1141570191040348,1,7,8,0.17721518987341772,0.29137220897745253,1,False
2,4,George Hamilton,S2_George Hamilton __ Edyta Sliwinska,21.0,0.1774065286770426,6,1,7,0.13291139240506328,0.3103179210821059,1,False
2,4,Jerry Rice,S2_Jerry Rice __ Anna Trebunskaya,24.0,0.1729969393396564,5,2,7,0.1518987341772152,0.3248956735168716,1,False
2,4,Lisa Rinna,S2_Lisa Rinna __ Louis van Amstel,26.0,0.1415926485319905,2,4,6,0.16455696202531644,0.30614961055730694,1,False
2,4,Master P,S2_Master P __ Ashly DelGrosso,8.0,0.1246622050750311,7,6,13,0.05063291139240506,0.17529511646743617,1,False
2,4,Stacy Keibler,S2_Stacy Keibler __ Tony Dovolani,26.0,0.1248730265487156,3,5,8,0.16455696202531644,0.289429988574032,1,False
2,4,Tia Carrere,S2_Tia Carrere __ Maksim Chmerkoskiy,25.0,0.1443116327235286,4,3,7,0.15822784810126583,0.3025394808247944,1,False
2,5,Drew Lachey,S2_Drew Lachey __ Cheryl Burke,27.0,0.1310045298496471,2,6,8,0.17880794701986755,0.30981247686951463,1,False
2,5,George Hamilton,S2_George Hamilton __ Edyta Sliwinska,24.0,0.2089896658738628,4,2,6,0.15894039735099338,0.3679300632248562,1,False
2,5,Jerry Rice,S2_Jerry Rice __ Anna Trebunskaya,23.0,0.2148154697815441,5,1,6,0.152317880794702,0.3671333505762461,1,False
2,5,Lisa Rinna,S2_Lisa Rinna __ Louis van Amstel,25.0,0.165316124219337,3,3,6,0.16556291390728478,0.3308790381266218,1,False
2,5,Stacy Keibler,S2_Stacy Keibler __ Tony Dovolani,30.0,0.1385359977681788,1,5,6,0.1986754966887417,0.3372114944569205,1,False
2,5,Tia Carrere,S2_Tia Carrere __ Maksim Chmerkoskiy,22.0,0.1413382125074298,6,4,10,0.1456953642384106,0.2870335767458404,1,False
2,6,Drew Lachey,S2_Drew Lachey __ Cheryl Burke,30.0,0.1482352333147922,1,5,6,0.22556390977443608,0.37379914308922824,1,False
2,6,George Hamilton,S2_George Hamilton __ Edyta Sliwinska,23.0,0.1817265726324861,4,3,7,0.17293233082706766,0.35465890345955375,1,False
2,6,Jerry Rice,S2_Jerry Rice __ Anna Trebunskaya,23.0,0.2853921460120501,5,1,6,0.17293233082706766,0.45832447683911776,1,False
2,6,Lisa Rinna,S2_Lisa Rinna __ Louis van Amstel,27.0,0.2157505640010248,3,2,5,0.20300751879699247,0.4187580827980173,1,False
2,6,Stacy Keibler,S2_Stacy Keibler __ Tony Dovolani,30.0,0.1688954840396464,2,4,6,0.22556390977443608,0.39445939381408246,1,False
2,7,Drew Lachey,S2_Drew Lachey __ Cheryl Burke,27.5,0.2012717881082946,1,3,4,0.2696078431372549,0.4708796312455495,1,False
2,7,Jerry Rice,S2_Jerry Rice __ Anna Trebunskaya,20.5,0.3613388455341147,4,1,5,0.20098039215686275,0.5623192376909775,1,False
2,7,Lisa Rinna,S2_Lisa Rinna __ Louis van Amstel,26.5,0.2004416792084792,3,4,7,0.25980392156862747,0.46024560077710663,1,False
2,7,Stacy Keibler,S2_Stacy Keibler __ Tony Dovolani,27.5,0.2369476871491112,2,2,4,0.2696078431372549,0.5065555302863661,1,False
3,2,Emmitt Smith,S3_Emmitt Smith __ Cheryl Burke,24.0,0.1050825581145449,3,5,8,0.10434782608695652,0.2094303842015014,1,False
3,2,Harry Hamlin,S3_Harry Hamlin __ Ashly DelGrosso,21.0,0.107414251698291,7,4,11,0.09130434782608696,0.19871859952437795,1,False
3,2,Jerry Springer,S3_Jerry Springer __ Kym Johnson,19.0,0.1220575229081814,10,1,11,0.08260869565217391,0.20466621856035533,1,False
3,2,Joey Lawrence,S3_Joey Lawrence __ Edyta Sliwinska,29.0,0.1016460472469654,1,8,9,0.12608695652173912,0.22773300376870453,1,False
3,2,Mario Lopez,S3_Mario Lopez __ Karina Smirnoff,21.0,0.1095129475435805,8,3,11,0.09130434782608696,0.20081729536966747,1,False
3,2,Monique Coleman,S3_Monique Coleman __ Louis van Amstel,26.0,0.1018283792387206,2,7,9,0.11304347826086956,0.21487185749959015,1,False
3,2,Sara Evans,S3_Sara Evans __ Tony Dovolani,21.0,0.110926453719053,9,2,11,0.09130434782608696,0.20223080154513995,1,False
3,2,Shanna Moakler,S3_Shanna Moakler __ Jesse DeSoto,22.0,0.0403338575148737,6,10,16,0.09565217391304348,0.13598603142791718,1,False
3,2,Vivica A. Fox,S3_Vivica A. Fox __ Nick Kosovich,24.0,0.0963893058599599,4,9,13,0.10434782608695652,0.20073713194691642,1,False
3,2,Willa Ford,S3_Willa Ford __ Maksim Chmerkoskiy,23.0,0.1048086761558291,5,6,11,0.1,0.2048086761558291,1,False
3,3,Emmitt Smith,S3_Emmitt Smith __ Cheryl Burke,19.0,0.1287523769953897,9,2,11,0.09178743961352658,0.22053981660891625,1,False
3,3,Harry Hamlin,S3_Harry Hamlin __ Ashly DelGrosso,22.0,0.0501205615723947,4,9,13,0.10628019323671498,0.15640075480910967,1,False
3,3,Jerry Springer,S3_Jerry Springer __ Kym Johnson,21.0,0.1342462884310305,8,1,9,0.10144927536231885,0.23569556379334936,1,False
3,3,Joey Lawrence,S3_Joey Lawrence __ Edyta Sliwinska,22.0,0.1153251432896925,5,6,11,0.10628019323671498,0.22160533652640746,1,False
3,3,Mario Lopez,S3_Mario Lopez __ Karina Smirnoff,22.0,0.1228084268547038,6,3,9,0.10628019323671498,0.22908862009141878,1,False
3,3,Monique Coleman,S3_Monique Coleman __ Louis van Amstel,27.0,0.1081084591642096,1,7,8,0.13043478260869565,0.23854324177290526,1,False
3,3,Sara Evans,S3_Sara Evans __ Tony Dovolani,25.0,0.1156383366360842,3,5,8,0.12077294685990338,0.23641128349598756,1,False
3,3,Vivica A. Fox,S3_Vivica A. Fox __ Nick Kosovich,27.0,0.1046314685809318,2,8,10,0.13043478260869565,0.23506625118962743,1,False
3,3,Willa Ford,S3_Willa Ford __ Maksim Chmerkoskiy,22.0,0.120368938475563,7,4,11,0.10628019323671498,0.22664913171227796,1,False
3,4,Emmitt Smith,S3_Emmitt Smith __ Cheryl Burke,24.0,0.141070618539408,4,3,7,0.12121212121212122,0.2622827397515292,1,False
3,4,Jerry Springer,S3_Jerry Springer __ Kym Johnson,22.0,0.1476448487438456,7,1,8,0.1111111111111111,0.2587559598549567,1,False
3,4,Joey Lawrence,S3_Joey Lawrence __ Edyta Sliwinska,27.0,0.1289124983316859,3,6,9,0.13636363636363635,0.26527613469532224,1,False
3,4,Mario Lopez,S3_Mario Lopez __ Karina Smirnoff,29.0,0.1353774447570911,1,4,5,0.14646464646464646,0.28184209122173753,1,False
3,4,Monique Coleman,S3_Monique Coleman __ Louis van Amstel,24.0,0.1191091620246507,5,7,12,0.12121212121212122,0.24032128323677193,1,False
3,4,Sara Evans,S3_Sara Evans __ Tony Dovolani,20.0,0.1416330286881217,8,2,10,0.10101010101010101,0.24264312969822271,1,False
3,4,Vivica A. Fox,S3_Vivica A. Fox __ Nick Kosovich,24.0,0.0545593780911261,6,8,14,0.12121212121212122,0.1757714993032473,1,False
3,4,Willa Ford,S3_Willa Ford __ Maksim Chmerkoskiy,28.0,0.1316930208240709,2,5,7,0.1414141414141414,0.2731071622382123,1,False
3,5,Emmitt Smith,S3_Emmitt Smith __ Cheryl Burke,27.0,0.16782345151704,1,2,3,0.14917127071823205,0.31699472223527203,1,False
3,5,Jerry Springer,S3_Jerry Springer __ Kym Johnson,24.0,0.177255859918154,6,1,7,0.13259668508287292,0.30985254500102694,1,False
3,5,Joey Lawrence,S3_Joey Lawrence __ Edyta Sliwinska,25.0,0.1648698632399409,5,3,8,0.13812154696132597,0.30299141020126685,1,False
3,5,Mario Lopez,S3_Mario Lopez __ Karina Smirnoff,27.0,0.1630995893399413,2,4,6,0.14917127071823205,0.31227086005817334,1,False
3,5,Monique Coleman,S3_Monique Coleman __ Louis van Amstel,27.0,0.1564865552890778,3,5,8,0.14917127071823205,0.30565782600730984,1,False
3,5,Sara Evans,S3_Sara Evans __ Tony Dovolani,24.0,0.0920309854307474,7,6,13,0.13259668508287292,0.22462767051362031,1,False
3,5,Willa Ford,S3_Willa Ford __ Maksim Chmerkoskiy,27.0,0.0784336952650982,4,7,11,0.14917127071823205,0.22760496598333024,1,False
3,6,Emmitt Smith,S3_Emmitt Smith __ Cheryl Burke,25.0,0.2011312245181595,2,3,5,0.211864406779661,0.4129956312978205,2,False
3,6,Jerry Springer,S3_Jerry Springer __ Kym Johnson,18.0,0.2107352673268887,5,1,6,0.15254237288135594,0.3632776402082446,2,False
3,6,Joey Lawrence,S3_Joey Lawrence __ Edyta Sliwinska,24.0,0.2036259414619027,3,2,5,0.2033898305084746,0.4070157719703773,2,False
3,6,Mario Lopez,S3_Mario Lopez __ Karina Smirnoff,28.0,0.1980811069960935,1,4,5,0.23728813559322035,0.43536924258931387,2,False
3,6,Monique Coleman,S3_Monique Coleman __ Louis van Amstel,23.0,0.1864264596969563,4,5,9,0.19491525423728814,0.38134171393424443,2,False
3,8,Emmitt Smith,S3_Emmitt Smith __ Cheryl Burke,27.0,0.2757736399353238,2,2,4,0.24770642201834864,0.5234800619536724,1,False
3,8,Joey Lawrence,S3_Joey Lawrence __ Edyta Sliwinska,27.0,0.2767134031307018,3,1,4,0.24770642201834864,0.5244198251490504,1,False
3,8,Mario Lopez,S3_Mario Lopez __ Karina Smirnoff,28.5,0.2751292139637291,1,3,4,0.26146788990825687,0.5365971038719859,1,False
3,8,Monique Coleman,S3_Monique Coleman __ Louis van Amstel,26.5,0.1723837429702454,4,4,8,0.24311926605504589,0.41550300902529125,1,False
3,9,Emmitt Smith,S3_Emmitt Smith __ Cheryl Burke,29.5,0.3668363080964216,1,2,3,0.3333333333333333,0.7001696414297549,1,False
3,9,Joey Lawrence,S3_Joey Lawrence __ Edyta Sliwinska,29.5,0.259958237493973,2,3,5,0.3333333333333333,0.5932915708273063,1,False
3,9,Mario Lopez,S3_Mario Lopez __ Karina Smirnoff,29.5,0.373205454409605,3,1,4,0.3333333333333333,0.7065387877429383,1,False
4,3,Apolo Anton Ohno,S4_Apolo Anton Ohno __ Julianne Hough,23.0,0.0987248373854217,5,9,14,0.10550458715596331,0.204229424541385,1,False
4,3,Billy Ray Cyrus,S4_Billy Ray Cyrus __ Karina Smirnoff,21.0,0.1061061688322969,6,4,10,0.0963302752293578,0.2024364440616547,1,False
4,3,Clyde Drexler,S4_Clyde Drexler __ Elena Grinenko,16.0,0.1273305767354992,10,1,11,0.07339449541284404,0.20072507214834323,1,False
4,3,Heather Mills,S4_Heather Mills __ Jonathan Roberts,24.0,0.1045748913083378,1,6,7,0.11009174311926606,0.21466663442760386,1,False
4,3,Ian Ziering,S4_Ian Ziering __ Cheryl Burke,24.0,0.1023156497315202,2,7,9,0.11009174311926606,0.21240739285078625,1,False
4,3,Joey Fatone,S4_Joey Fatone __ Kym Johnson,24.0,0.098996016707765,3,8,11,0.11009174311926606,0.20908775982703107,1,False
4,3,John Ratzenberger,S4_John Ratzenberger __ Edyta Sliwinska,20.0,0.1081240259313884,9,2,11,0.09174311926605505,0.19986714519744345,1,False
4,3,Laila Ali,S4_Laila Ali __ Maksim Chmerkoskiy,21.0,0.1073161543293271,7,3,10,0.0963302752293578,0.2036464295586849,1,False
4,3,Leeza Gibbons,S4_Leeza Gibbons __ Tony Dovolani,24.0,0.1048752156545071,4,5,9,0.11009174311926606,0.21496695877377314,1,False
4,3,Shandi Finnessey,S4_Shandi Finnessey __ Brian Fortuna,21.0,0.0416364633839362,8,10,18,0.0963302752293578,0.137966738613294,1,False
4,4,Apolo Anton Ohno,S4_Apolo Anton Ohno __ Julianne Hough,26.0,0.1061534832698048,2,7,9,0.1368421052631579,0.24299558853296271,1,False
4,4,Billy Ray Cyrus,S4_Billy Ray Cyrus __ Karina Smirnoff,21.0,0.1145762280634965,5,4,9,0.11052631578947368,0.22510254385297018,1,False
4,4,Clyde Drexler,S4_Clyde Drexler __ Elena Grinenko,15.0,0.1474904602009538,9,1,10,0.07894736842105263,0.22643782862200643,1,False
4,4,Heather Mills,S4_Heather Mills __ Jonathan Roberts,23.0,0.1127021301905555,4,5,9,0.12105263157894737,0.23375476176950288,1,False
4,4,Ian Ziering,S4_Ian Ziering __ Cheryl Burke,24.0,0.1096197182572706,3,6,9,0.12631578947368421,0.2359355077309548,1,False
4,4,Joey Fatone,S4_Joey Fatone __ Kym Johnson,28.0,0.100982579147403,1,8,9,0.14736842105263157,0.24835100020003456,1,False
4,4,John Ratzenberger,S4_John Ratzenberger __ Edyta Sliwinska,16.0,0.1294780213894623,7,2,9,0.08421052631578947,0.21368854770525175,1,False
4,4,Laila Ali,S4_Laila Ali __ Maksim Chmerkoskiy,21.0,0.1173651089922394,6,3,9,0.11052631578947368,0.2278914247817131,1,False
4,4,Leeza Gibbons,S4_Leeza Gibbons __ Tony Dovolani,16.0,0.0616322704888138,8,9,17,0.08421052631578947,0.14584279680460327,1,False
4,5,Apolo Anton Ohno,S4_Apolo Anton Ohno __ Julianne Hough,30.0,0.1196879602405713,1,6,7,0.17045454545454544,0.29014250569511674,1,False
4,5,Billy Ray Cyrus,S4_Billy Ray Cyrus __ Karina Smirnoff,17.0,0.1419302441851568,7,2,9,0.09659090909090909,0.23852115327606588,1,False
4,5,Clyde Drexler,S4_Clyde Drexler __ Elena Grinenko,13.0,0.092892949577771,8,8,16,0.07386363636363637,0.16675658594140735,1,False
4,5,Heather Mills,S4_Heather Mills __ Jonathan Roberts,21.0,0.1254240948619248,5,5,10,0.11931818181818182,0.24474227668010662,1,False
4,5,Ian Ziering,S4_Ian Ziering __ Cheryl Burke,24.0,0.1257371889444999,4,4,8,0.13636363636363635,0.2621008253081363,1,False
4,5,Joey Fatone,S4_Joey Fatone __ Kym Johnson,25.0,0.112460298071992,3,7,10,0.14204545454545456,0.25450575261744657,1,False
4,5,John Ratzenberger,S4_John Ratzenberger __ Edyta Sliwinska,18.0,0.15182284773083,6,1,7,0.10227272727272728,0.2540955750035573,1,False
4,5,Laila Ali,S4_Laila Ali __ Maksim Chmerkoskiy,28.0,0.1300444163872542,2,3,5,0.1590909090909091,0.2891353254781633,1,False
4,6,Apolo Anton Ohno,S4_Apolo Anton Ohno __ Julianne Hough,28.0,0.1379829080600508,1,5,6,0.16470588235294117,0.302688790412992,1,False
4,6,Billy Ray Cyrus,S4_Billy Ray Cyrus __ Karina Smirnoff,21.0,0.167658509779356,6,2,8,0.12352941176470589,0.2911879215440619,1,False
4,6,Heather Mills,S4_Heather Mills __ Jonathan Roberts,23.0,0.0764298474228347,5,7,12,0.13529411764705881,0.21172396506989352,1,False
4,6,Ian Ziering,S4_Ian Ziering __ Cheryl Burke,24.0,0.1493684930159066,4,3,7,0.1411764705882353,0.2905449636041419,1,False
4,6,Joey Fatone,S4_Joey Fatone __ Kym Johnson,27.0,0.1354657593197512,3,6,9,0.1588235294117647,0.2942892887315159,1,False
4,6,John Ratzenberger,S4_John Ratzenberger __ Edyta Sliwinska,19.0,0.1861947618021996,7,1,8,0.11176470588235295,0.29795946768455256,1,False
4,6,Laila Ali,S4_Laila Ali __ Maksim Chmerkoskiy,28.0,0.1468997205999005,2,4,6,0.16470588235294117,0.3116056029528417,1,False
4,7,Apolo Anton Ohno,S4_Apolo Anton Ohno __ Julianne Hough,27.0,0.1687383248740067,3,4,7,0.17475728155339806,0.34349560642740473,1,False
4,7,Billy Ray Cyrus,S4_Billy Ray Cyrus __ Karina Smirnoff,19.0,0.2122490174818326,6,1,7,0.12297734627831715,0.33522636376014975,1,False
4,7,Ian Ziering,S4_Ian Ziering __ Cheryl Burke,27.0,0.1775076348442604,4,2,6,0.17475728155339806,0.35226491639765845,1,False
4,7,Joey Fatone,S4_Joey Fatone __ Kym Johnson,29.5,0.1552162883403112,1,5,6,0.19093851132686085,0.34615479966717205,1,False
4,7,John Ratzenberger,S4_John Ratzenberger __ Edyta Sliwinska,22.5,0.1171703990651743,5,6,11,0.14563106796116504,0.26280146702633933,1,False
4,7,Laila Ali,S4_Laila Ali __ Maksim Chmerkoskiy,29.5,0.1691183353944148,2,3,5,0.19093851132686085,0.36005684672127564,1,False
4,8,Apolo Anton Ohno,S4_Apolo Anton Ohno __ Julianne Hough,29.0,0.202728537894652,1,3,4,0.23107569721115537,0.43380423510580735,1,False
4,8,Billy Ray Cyrus,S4_Billy Ray Cyrus __ Karina Smirnoff,19.0,0.1641623718122119,5,5,10,0.15139442231075698,0.3155567941229689,1,False
4,8,Ian Ziering,S4_Ian Ziering __ Cheryl Burke,23.5,0.2282269548187347,4,1,5,0.18725099601593626,0.415477950834671,1,False
4,8,Joey Fatone,S4_Joey Fatone __ Kym Johnson,27.5,0.1960440165294111,2,4,6,0.21912350597609562,0.4151675225055067,1,False
4,8,Laila Ali,S4_Laila Ali __ Maksim Chmerkoskiy,26.5,0.2088381189449899,3,2,5,0.21115537848605578,0.4199934974310457,1,False
4,9,Apolo Anton Ohno,S4_Apolo Anton Ohno __ Julianne Hough,29.5,0.2732378093702785,3,2,5,0.2489451476793249,0.5221829570496034,1,False
4,9,Ian Ziering,S4_Ian Ziering __ Cheryl Burke,29.0,0.184539108782087,4,4,8,0.24472573839662448,0.4292648471787115,1,False
4,9,Joey Fatone,S4_Joey Fatone __ Kym Johnson,30.0,0.2643034717635987,1,3,4,0.25316455696202533,0.517468028725624,1,False
4,9,Laila Ali,S4_Laila Ali __ Maksim Chmerkoskiy,30.0,0.2779196100840359,2,1,3,0.25316455696202533,0.5310841670460612,1,False
5,5,Cameron Mathison,S5_Cameron Mathison __ Edyta Sliwinska,26.0,0.1379699224307769,3,1,4,0.1306532663316583,0.2686231887624352,1,False
5,5,Helio Castroneves,S5_Helio Castroneves __ Julianne Hough,23.0,0.1359449623328513,6,3,9,0.11557788944723618,0.2515228517800875,1,False
5,5,Jane Seymour,S5_Jane Seymour __ Tony Dovolani,26.0,0.1366705897031167,4,2,6,0.1306532663316583,0.26732385603477504,1,False
5,5,Jennie Garth,S5_Jennie Garth __ Derek Hough,25.0,0.1298413799055038,5,5,10,0.12562814070351758,0.2554695206090214,1,False
5,5,Marie Osmond,S5_Marie Osmond __ Jonathan Roberts,21.0,0.1355119380286462,7,4,11,0.10552763819095477,0.24103957621960098,1,False
5,5,Mark Cuban,S5_Mark Cuban __ Kym Johnson,21.0,0.0726698019498219,8,8,16,0.10552763819095477,0.17819744014077665,1,False
5,5,Mel B,S5_Mel B __ Maksim Chmerkoskiy,29.0,0.1245344508707863,1,7,8,0.1457286432160804,0.27026309408686666,1,False
5,5,Sabrina Bryan,S5_Sabrina Bryan __ Mark Ballas,28.0,0.1268569547784964,2,6,8,0.1407035175879397,0.2675604723664361,1,False
5,6,Cameron Mathison,S5_Cameron Mathison __ Edyta Sliwinska,25.0,0.1610398519223518,4,2,6,0.1388888888888889,0.29992874081124066,1,False
5,6,Helio Castroneves,S5_Helio Castroneves __ Julianne Hough,28.0,0.1551341798470023,2,4,6,0.15555555555555556,0.31068973540255784,1,False
5,6,Jane Seymour,S5_Jane Seymour __ Tony Dovolani,22.0,0.1600626290365372,7,3,10,0.12222222222222222,0.2822848512587594,1,False
5,6,Jennie Garth,S5_Jennie Garth __ Derek Hough,27.0,0.1454944194915328,3,5,8,0.15,0.29549441949153277,1,False
5,6,Marie Osmond,S5_Marie Osmond __ Jonathan Roberts,23.0,0.1617605894696179,6,1,7,0.12777777777777777,0.2895383672473957,1,False
5,6,Mel B,S5_Mel B __ Maksim Chmerkoskiy,30.0,0.1435278117076387,1,6,7,0.16666666666666666,0.31019447837430536,1,False
5,6,Sabrina Bryan,S5_Sabrina Bryan __ Mark Ballas,25.0,0.0729805185253192,5,7,12,0.1388888888888889,0.2118694074142081,1,False
5,7,Cameron Mathison,S5_Cameron Mathison __ Edyta Sliwinska,25.5,0.1859092292961354,5,1,6,0.16346153846153846,0.34937076775767384,1,False
5,7,Helio Castroneves,S5_Helio Castroneves __ Julianne Hough,26.0,0.1838155176030594,3,3,6,0.16666666666666666,0.35048218426972605,1,False
5,7,Jane Seymour,S5_Jane Seymour __ Tony Dovolani,25.0,0.0989682150182147,6,6,12,0.16025641025641027,0.259224625274625,1,False
5,7,Jennie Garth,S5_Jennie Garth __ Derek Hough,26.5,0.1734681244993783,2,4,6,0.16987179487179488,0.34333991937117314,1,False
5,7,Marie Osmond,S5_Marie Osmond __ Jonathan Roberts,26.0,0.1846708113388961,4,2,6,0.16666666666666666,0.35133747800556275,1,False
5,7,Mel B,S5_Mel B __ Maksim Chmerkoskiy,27.0,0.1731681022443164,1,5,6,0.17307692307692307,0.34624502532123946,1,False
5,8,Cameron Mathison,S5_Cameron Mathison __ Edyta Sliwinska,25.5,0.1317215197326135,3,5,8,0.19391634980988592,0.3256378695424994,1,False
5,8,Helio Castroneves,S5_Helio Castroneves __ Julianne Hough,28.5,0.2157981285039299,1,3,4,0.21673003802281368,0.4325281665267436,1,False
5,8,Jennie Garth,S5_Jennie Garth __ Derek Hough,25.0,0.2210292236524506,4,2,6,0.19011406844106463,0.4111432920935152,1,False
5,8,Marie Osmond,S5_Marie Osmond __ Jonathan Roberts,24.5,0.2265154956287854,5,1,6,0.18631178707224336,0.41282728270102875,1,False
5,8,Mel B,S5_Mel B __ Maksim Chmerkoskiy,28.0,0.20493563248222,2,4,6,0.21292775665399238,0.41786338913621235,1,False
5,9,Helio Castroneves,S5_Helio Castroneves __ Julianne Hough,30.0,0.2755412965495247,1,2,3,0.2564102564102564,0.5319515529597811,1,False
5,9,Jennie Garth,S5_Jennie Garth __ Derek Hough,29.0,0.1782212024454752,3,4,7,0.24786324786324787,0.4260844503087231,1,False
5,9,Marie Osmond,S5_Marie Osmond __ Jonathan Roberts,28.0,0.2867970239264692,4,1,5,0.23931623931623933,0.5261132632427086,1,False
5,9,Mel B,S5_Mel B __ Maksim Chmerkoskiy,30.0,0.2594404770785306,2,3,5,0.2564102564102564,0.515850733488787,1,False
6,3,Adam Carolla,S6_Adam Carolla __ Julianne Hough,21.0,0.1114337445987745,6,2,8,0.09210526315789473,0.20353900775666922,2,False
6,3,Cristian de la Fuente,S6_Cristian de la Fuente __ Cheryl Burke,25.0,0.1062577170080456,3,6,9,0.10964912280701754,0.21590683981506315,2,False
6,3,Jason Taylor,S6_Jason Taylor __ Edyta Sliwinska,23.0,0.1106980893670436,5,3,8,0.10087719298245613,0.21157528234949974,2,False
6,3,Kristi Yamaguchi,S6_Kristi Yamaguchi __ Mark Ballas,27.0,0.0934955271966516,1,9,10,0.11842105263157894,0.21191657982823053,2,False
6,3,Mario,S6_Mario __ Karina Smirnoff,21.0,0.1126310699851887,7,1,8,0.09210526315789473,0.20473633314308343,2,False
6,3,Marissa Jaret Winokur,S6_Marissa Jaret Winokur __ Tony Dovolani,19.0,0.1102557515681505,10,4,14,0.08333333333333333,0.19358908490148383,2,False
6,3,Marlee Matlin,S6_Marlee Matlin __ Fabian Sanchez,21.0,0.1096509278409475,8,5,13,0.09210526315789473,0.20175619099884223,2,False
6,3,Priscilla Presley,S6_Priscilla Presley __ Louis van Amstel,26.0,0.1048948546722403,2,7,9,0.11403508771929824,0.21892994239153854,2,False
6,3,Shannon Elizabeth,S6_Shannon Elizabeth __ Derek Hough,24.0,0.09769149231738,4,8,12,0.10526315789473684,0.20295465021211684,2,False
6,3,Steve Guttenberg,S6_Steve Guttenberg __ Anna Trebunskaya,21.0,0.0429908254455771,9,10,19,0.09210526315789473,0.13509608860347183,2,False
6,4,Adam Carolla,S6_Adam Carolla __ Julianne Hough,19.0,0.0628243747474623,9,9,18,0.08444444444444445,0.14726881919190676,1,False
6,4,Cristian de la Fuente,S6_Cristian de la Fuente __ Cheryl Burke,26.0,0.1173453155528736,4,6,10,0.11555555555555555,0.23290087110842916,1,False
6,4,Jason Taylor,S6_Jason Taylor __ Edyta Sliwinska,29.0,0.1202712007631093,1,4,5,0.1288888888888889,0.2491600896519982,1,False
6,4,Kristi Yamaguchi,S6_Kristi Yamaguchi __ Mark Ballas,29.0,0.101498870149658,2,8,10,0.1288888888888889,0.23038775903854689,1,False
6,4,Mario,S6_Mario __ Karina Smirnoff,24.0,0.1242228494296047,5,1,6,0.10666666666666667,0.23088951609627137,1,False
6,4,Marissa Jaret Winokur,S6_Marissa Jaret Winokur __ Tony Dovolani,24.0,0.1218816180366862,6,3,9,0.10666666666666667,0.22854828470335287,1,False
6,4,Marlee Matlin,S6_Marlee Matlin __ Fabian Sanchez,24.0,0.1190120028248996,7,5,12,0.10666666666666667,0.22567866949156629,1,False
6,4,Priscilla Presley,S6_Priscilla Presley __ Louis van Amstel,22.0,0.1228732351315483,8,2,10,0.09777777777777778,0.2206510129093261,1,False
6,4,Shannon Elizabeth,S6_Shannon Elizabeth __ Derek Hough,28.0,0.1100705333641574,3,7,10,0.12444444444444444,0.23451497780860184,1,False
6,5,Cristian de la Fuente,S6_Cristian de la Fuente __ Cheryl Burke,23.0,0.1373402930079428,5,4,9,0.11734693877551021,0.254687231783453,1,False
6,5,Jason Taylor,S6_Jason Taylor __ Edyta Sliwinska,27.0,0.1316411061940146,2,5,7,0.1377551020408163,0.2693962082348309,1,False
6,5,Kristi Yamaguchi,S6_Kristi Yamaguchi __ Mark Ballas,29.0,0.1099749528145142,1,7,8,0.14795918367346939,0.2579341364879836,1,False
6,5,Mario,S6_Mario __ Karina Smirnoff,27.0,0.1397313828240199,3,2,5,0.1377551020408163,0.2774864848648362,1,False
6,5,Marissa Jaret Winokur,S6_Marissa Jaret Winokur __ Tony Dovolani,24.0,0.1418092517496719,4,1,5,0.12244897959183673,0.2642582313415086,1,False
6,5,Marlee Matlin,S6_Marlee Matlin __ Fabian Sanchez,22.0,0.1392488702456623,7,3,10,0.11224489795918367,0.251493768204846,1,False
6,5,Priscilla Presley,S6_Priscilla Presley __ Louis van Amstel,21.0,0.0699243602407659,8,8,16,0.10714285714285714,0.17706721738362302,1,False
6,5,Shannon Elizabeth,S6_Shannon Elizabeth __ Derek Hough,23.0,0.130329782923408,6,6,12,0.11734693877551021,0.2476767216989182,1,False
6,6,Cristian de la Fuente,S6_Cristian de la Fuente __ Cheryl Burke,27.0,0.1513174650653112,3,5,8,0.15,0.3013174650653112,1,False
6,6,Jason Taylor,S6_Jason Taylor __ Edyta Sliwinska,24.0,0.1535496533235267,5,4,9,0.13333333333333333,0.2868829866568601,1,False
6,6,Kristi Yamaguchi,S6_Kristi Yamaguchi __ Mark Ballas,30.0,0.1245300588636228,1,6,7,0.16666666666666666,0.29119672553028947,1,False
6,6,Mario,S6_Mario __ Karina Smirnoff,28.0,0.1564967400194039,2,3,5,0.15555555555555556,0.31205229557495945,1,False
6,6,Marissa Jaret Winokur,S6_Marissa Jaret Winokur __ Tony Dovolani,26.0,0.1652951844895285,4,1,5,0.14444444444444443,0.30973962893397294,1,False
6,6,Marlee Matlin,S6_Marlee Matlin __ Fabian Sanchez,21.0,0.091222207218487,7,7,14,0.11666666666666667,0.20788887388515367,1,False
6,6,Shannon Elizabeth,S6_Shannon Elizabeth __ Derek Hough,24.0,0.1575886910201197,6,2,8,0.13333333333333333,0.29092202435345305,1,False
6,7,Cristian de la Fuente,S6_Cristian de la Fuente __ Cheryl Burke,23.0,0.1865243379871328,6,2,8,0.1488673139158576,0.3353916519029904,1,False
6,7,Jason Taylor,S6_Jason Taylor __ Edyta Sliwinska,27.5,0.1779407859369526,1,4,5,0.1779935275080906,0.3559343134450432,1,False
6,7,Kristi Yamaguchi,S6_Kristi Yamaguchi __ Mark Ballas,27.0,0.1593229568949969,2,5,7,0.17475728155339806,0.33408023844839496,1,False
6,7,Mario,S6_Mario __ Karina Smirnoff,25.5,0.185203711588679,4,3,7,0.1650485436893204,0.3502522552779994,1,False
6,7,Marissa Jaret Winokur,S6_Marissa Jaret Winokur __ Tony Dovolani,26.0,0.1952938868974173,3,1,4,0.16828478964401294,0.3635786765414303,1,False
6,7,Shannon Elizabeth,S6_Shannon Elizabeth __ Derek Hough,25.5,0.0957143206948212,5,6,11,0.1650485436893204,0.2607628643841416,1,False
6,8,Cristian de la Fuente,S6_Cristian de la Fuente __ Cheryl Burke,28.5,0.2232977454030207,1,2,3,0.21348314606741572,0.4367808914704364,1,False
6,8,Jason Taylor,S6_Jason Taylor __ Edyta Sliwinska,26.0,0.2188202713191365,4,3,7,0.1947565543071161,0.41357682562625264,1,False
6,8,Kristi Yamaguchi,S6_Kristi Yamaguchi __ Mark Ballas,27.5,0.2031813748710953,2,4,6,0.20599250936329588,0.40917388423439116,1,False
6,8,Mario,S6_Mario __ Karina Smirnoff,26.5,0.1263860151673899,3,5,8,0.19850187265917604,0.32488788782656597,1,False
6,8,Marissa Jaret Winokur,S6_Marissa Jaret Winokur __ Tony Dovolani,25.0,0.2283145932393576,5,1,6,0.18726591760299627,0.41558051084235387,1,False
6,9,Cristian de la Fuente,S6_Cristian de la Fuente __ Cheryl Burke,28.0,0.2821814357322099,2,1,3,0.2545454545454545,0.5367268902776644,1,False
6,9,Jason Taylor,S6_Jason Taylor __ Edyta Sliwinska,27.5,0.2735520996501109,3,2,5,0.25,0.5235520996501108,1,False
6,9,Kristi Yamaguchi,S6_Kristi Yamaguchi __ Mark Ballas,28.5,0.2584564185470593,1,3,4,0.2590909090909091,0.5175473276379684,1,False
6,9,Marissa Jaret Winokur,S6_Marissa Jaret Winokur __ Tony Dovolani,26.0,0.1858100460706199,4,4,8,0.23636363636363636,0.42217368243425624,1,False
7,2,Brooke Burke,S7_Brooke Burke __ Derek Hough,24.0,0.0884371597391049,1,9,10,0.1085972850678733,0.1970344448069782,2,False
7,2,Cloris Leachman,S7_Cloris Leachman __ Corky Ballas,15.0,0.1181774822980575,11,1,12,0.06787330316742081,0.18605078546547832,2,False
7,2,Cody Linley,S7_Cody Linley __ Julianne Hough,21.0,0.1001182867264094,4,6,10,0.09502262443438914,0.19514091116079854,2,False
7,2,Kim Kardashian,S7_Kim Kardashian __ Mark Ballas,17.0,0.0469440681431889,9,10,19,0.07692307692307693,0.12386714506626582,2,False
7,2,Lance Bass,S7_Lance Bass __ Lacey Schwimmer,20.0,0.101532308399774,7,4,11,0.09049773755656108,0.19203004595633508,2,False
7,2,Maurice Greene,S7_Maurice Greene __ Cheryl Burke,19.0,0.1028185781362497,8,3,11,0.08597285067873303,0.18879142881498273,2,False
7,2,Misty May-Treanor,S7_Misty May-Treanor __ Maksim Chmerkoskiy,21.0,0.0352006047968328,5,11,16,0.09502262443438914,0.13022322923122193,2,False
7,2,Rocco DiSpirito,S7_Rocco DiSpirito __ Karina Smirnoff,16.0,0.1154073029173776,10,2,12,0.07239819004524888,0.18780549296262647,2,False
7,2,Susan Lucci,S7_Susan Lucci __ Tony Dovolani,21.0,0.1014505448274149,6,5,11,0.09502262443438914,0.19647316926180403,2,False
7,2,Toni Braxton,S7_Toni Braxton __ Alec Mazo,23.0,0.0934898943277515,3,8,11,0.10407239819004525,0.19756229251779675,2,False
7,2,Warren Sapp,S7_Warren Sapp __ Kym Johnson,24.0,0.0964237696878384,2,7,9,0.1085972850678733,0.2050210547557117,2,False
7,3,Brooke Burke,S7_Brooke Burke __ Derek Hough,28.0,0.0969760067470189,1,9,10,0.1407035175879397,0.2376795243349586,2,False
7,3,Cloris Leachman,S7_Cloris Leachman __ Corky Ballas,16.0,0.1302720185517027,9,1,10,0.08040201005025126,0.21067402860195394,2,False
7,3,Cody Linley,S7_Cody Linley __ Julianne Hough,21.0,0.1087017779051696,6,5,11,0.10552763819095477,0.2142294160961244,2,False
7,3,Lance Bass,S7_Lance Bass __ Lacey Schwimmer,22.0,0.1115300872089174,4,4,8,0.11055276381909548,0.2220828510280129,2,False
7,3,Maurice Greene,S7_Maurice Greene __ Cheryl Burke,24.0,0.1081506200373512,3,6,9,0.12060301507537688,0.22875363511272806,2,False
7,3,Rocco DiSpirito,S7_Rocco DiSpirito __ Karina Smirnoff,20.0,0.1246713226952688,8,2,10,0.10050251256281408,0.22517383525808288,2,False
7,3,Susan Lucci,S7_Susan Lucci __ Tony Dovolani,21.0,0.1137303260638005,7,3,10,0.10552763819095477,0.21925796425475527,2,False
7,3,Toni Braxton,S7_Toni Braxton __ Alec Mazo,22.0,0.1029343478697717,5,8,13,0.11055276381909548,0.2134871116888672,2,False
7,3,Warren Sapp,S7_Warren Sapp __ Kym Johnson,25.0,0.1030334929209989,2,7,9,0.12562814070351758,0.22866163362451647,2,False
7,5,Brooke Burke,S7_Brooke Burke __ Derek Hough,29.0,0.1105187882973918,1,7,8,0.14871794871794872,0.2592367370153405,1,False
7,5,Cloris Leachman,S7_Cloris Leachman __ Corky Ballas,21.0,0.1541714390475554,7,1,8,0.1076923076923077,0.2618637467398631,1,False
7,5,Cody Linley,S7_Cody Linley __ Julianne Hough,28.0,0.1312747634589183,2,6,8,0.14358974358974358,0.2748645070486619,1,False
7,5,Lance Bass,S7_Lance Bass __ Lacey Schwimmer,21.0,0.1345599794798219,8,3,11,0.1076923076923077,0.2422522871721296,1,False
7,5,Maurice Greene,S7_Maurice Greene __ Cheryl Burke,27.0,0.1332155363381736,3,5,8,0.13846153846153847,0.27167707479971204,1,False
7,5,Susan Lucci,S7_Susan Lucci __ Tony Dovolani,22.0,0.1400232927076473,5,2,7,0.11282051282051282,0.2528438055281601,1,False
7,5,Toni Braxton,S7_Toni Braxton __ Alec Mazo,22.0,0.0628312266109085,6,8,14,0.11282051282051282,0.17565173943142132,1,False
7,5,Warren Sapp,S7_Warren Sapp __ Kym Johnson,25.0,0.1334049740595829,4,4,8,0.1282051282051282,0.2616101022647111,1,False
7,6,Brooke Burke,S7_Brooke Burke __ Derek Hough,26.0,0.1251114734101007,2,6,8,0.1625,0.28761147341010074,1,False
7,6,Cloris Leachman,S7_Cloris Leachman __ Corky Ballas,15.0,0.1060996068471478,7,7,14,0.09375,0.1998496068471478,1,False
7,6,Cody Linley,S7_Cody Linley __ Julianne Hough,23.0,0.1525805666419865,4,4,8,0.14375,0.2963305666419865,1,False
7,6,Lance Bass,S7_Lance Bass __ Lacey Schwimmer,27.0,0.152660298344932,1,3,4,0.16875,0.321410298344932,1,False
7,6,Maurice Greene,S7_Maurice Greene __ Cheryl Burke,21.0,0.1598814744686838,6,1,7,0.13125,0.2911314744686838,1,False
7,6,Susan Lucci,S7_Susan Lucci __ Tony Dovolani,23.0,0.1590150032121368,5,2,7,0.14375,0.3027650032121368,1,False
7,6,Warren Sapp,S7_Warren Sapp __ Kym Johnson,25.0,0.144651577075012,3,5,8,0.15625,0.300901577075012,1,False
7,7,Brooke Burke,S7_Brooke Burke __ Derek Hough,30.0,0.1451798010444342,1,5,6,0.20408163265306123,0.3492614336974954,1,False
7,7,Cody Linley,S7_Cody Linley __ Julianne Hough,22.0,0.1928841562899803,5,1,6,0.14965986394557823,0.3425440202355585,1,False
7,7,Lance Bass,S7_Lance Bass __ Lacey Schwimmer,25.0,0.1838252764511857,2,4,6,0.17006802721088435,0.35389330366207006,1,False
7,7,Maurice Greene,S7_Maurice Greene __ Cheryl Burke,25.0,0.1912636988169761,3,2,5,0.17006802721088435,0.36133172602786046,1,False
7,7,Susan Lucci,S7_Susan Lucci __ Tony Dovolani,24.0,0.0989861949748526,4,6,10,0.16326530612244897,0.26225150109730155,1,False
7,7,Warren Sapp,S7_Warren Sapp __ Kym Johnson,21.0,0.1878608724225712,6,3,9,0.14285714285714285,0.33071801527971406,1,False
7,8,Brooke Burke,S7_Brooke Burke __ Derek Hough,27.5,0.1843738121400949,1,4,5,0.21568627450980393,0.40006008664989884,1,False
7,8,Cody Linley,S7_Cody Linley __ Julianne Hough,24.0,0.2350318784879983,4,1,5,0.18823529411764706,0.4232671726056454,1,False
7,8,Lance Bass,S7_Lance Bass __ Lacey Schwimmer,25.0,0.2266378051834417,3,2,5,0.19607843137254902,0.4227162365559907,1,False
7,8,Maurice Greene,S7_Maurice Greene __ Cheryl Burke,24.0,0.1350481711246318,5,5,10,0.18823529411764706,0.32328346524227886,1,False
7,8,Warren Sapp,S7_Warren Sapp __ Kym Johnson,27.0,0.2189083330638328,2,3,5,0.21176470588235294,0.43067303894618575,1,False
7,9,Brooke Burke,S7_Brooke Burke __ Derek Hough,24.5,0.2556191762780194,2,3,5,0.24378109452736318,0.4994002708053826,1,False
7,9,Cody Linley,S7_Cody Linley __ Julianne Hough,23.0,0.1918591907285455,4,4,8,0.22885572139303484,0.4207149121215803,1,False
7,9,Lance Bass,S7_Lance Bass __ Lacey Schwimmer,28.5,0.2749572044410824,1,2,3,0.2835820895522388,0.5585392939933211,1,False
7,9,Warren Sapp,S7_Warren Sapp __ Kym Johnson,24.5,0.2775644285523529,3,1,4,0.24378109452736318,0.5213455230797162,1,False
8,3,Chuck Wicks,S8_Chuck Wicks __ Julianne Hough,23.0,0.0860008188099762,6,6,12,0.09055118110236221,0.17655199991233841,1,False
8,3,David Alan Grier,S8_David Alan Grier __ Kym Johnson,24.0,0.0875667554072129,5,5,10,0.09448818897637795,0.18205494438359085,1,False
8,3,Denise Richards,S8_Denise Richards __ Maksim Chmerkoskiy,16.0,0.0345237637920553,10,12,22,0.06299212598425197,0.09751588977630726,1,False
8,3,Gilles Marini,S8_Gilles Marini __ Cheryl Burke,27.0,0.079874905254885,1,8,9,0.1062992125984252,0.1861741178533102,1,False
8,3,Holly Madison,S8_Holly Madison __ Dmitry Chaplin,17.0,0.0920731932537635,9,3,12,0.06692913385826772,0.15900232711203122,1,False
8,3,Lawrence Taylor,S8_Lawrence Taylor __ Edyta Sliwinska,20.0,0.0853513496594355,8,7,15,0.07874015748031496,0.16409150713975046,1,False
8,3,Lil' Kim,S8_Lil' Kim __ Derek Hough,25.0,0.075388113420541,4,11,15,0.0984251968503937,0.17381331027093472,1,False
8,3,Melissa Rycroft,S8_Melissa Rycroft __ Tony Dovolani,27.0,0.0795689745552351,2,9,11,0.1062992125984252,0.1858681871536603,1,False
8,3,Shawn Johnson,S8_Shawn Johnson __ Mark Ballas,27.0,0.079396272796628,3,10,13,0.1062992125984252,0.1856954853950532,1,False
8,3,Steve Wozniak,S8_Steve Wozniak __ Karina Smirnoff,10.0,0.1085349020789707,12,1,13,0.03937007874015748,0.14790498081912817,1,False
8,3,Steve-O,S8_Steve-O __ Lacey Schwimmer,15.0,0.1018457699008992,11,2,13,0.05905511811023622,0.16090088801113542,1,False
8,3,Ty Murray,S8_Ty Murray __ Chelsie Hightower,23.0,0.0898751810703972,7,4,11,0.09055118110236221,0.18042636217275942,1,False
8,4,Chuck Wicks,S8_Chuck Wicks __ Julianne Hough,22.0,0.1049488908725599,6,2,8,0.09090909090909091,0.19585798178165081,1,False
8,4,David Alan Grier,S8_David Alan Grier __ Kym Johnson,22.0,0.1021153115236302,7,4,11,0.09090909090909091,0.19302440243272112,1,False
8,4,Gilles Marini,S8_Gilles Marini __ Cheryl Burke,30.0,0.0873902294772973,1,7,8,0.12396694214876033,0.21135717162605763,1,False
8,4,Holly Madison,S8_Holly Madison __ Dmitry Chaplin,16.0,0.0528074034980313,9,11,20,0.06611570247933884,0.11892310597737014,1,False
8,4,Lawrence Taylor,S8_Lawrence Taylor __ Edyta Sliwinska,19.0,0.1026188604569047,8,3,11,0.07851239669421488,0.18113125715111958,1,False
8,4,Lil' Kim,S8_Lil' Kim __ Derek Hough,27.0,0.0826853314460118,3,9,12,0.1115702479338843,0.1942555793798961,1,False
8,4,Melissa Rycroft,S8_Melissa Rycroft __ Tony Dovolani,29.0,0.0853204214034299,2,8,10,0.11983471074380166,0.20515513214723155,1,False
8,4,Shawn Johnson,S8_Shawn Johnson __ Mark Ballas,25.0,0.0900095486549378,4,6,10,0.10330578512396695,0.19331533377890475,1,False
8,4,Steve Wozniak,S8_Steve Wozniak __ Karina Smirnoff,12.0,0.0662776869990396,11,10,21,0.049586776859504134,0.11586446385854374,1,False
8,4,Steve-O,S8_Steve-O __ Lacey Schwimmer,15.0,0.126268867693697,10,1,11,0.06198347107438017,0.18825233876807718,1,False
8,4,Ty Murray,S8_Ty Murray __ Chelsie Hightower,25.0,0.0995574479744601,5,5,10,0.10330578512396695,0.20286323309842705,1,False
8,5,Chuck Wicks,S8_Chuck Wicks __ Julianne Hough,23.0,0.1235777040867911,5,4,9,0.10952380952380952,0.2331015136106006,2,False
8,5,David Alan Grier,S8_David Alan Grier __ Kym Johnson,22.0,0.0510516357866264,6,9,15,0.10476190476190476,0.15581354054853117,2,False
8,5,Gilles Marini,S8_Gilles Marini __ Cheryl Burke,29.0,0.1034760004067131,1,7,8,0.1380952380952381,0.24157123850195122,2,False
8,5,Lawrence Taylor,S8_Lawrence Taylor __ Edyta Sliwinska,20.0,0.1284129829245888,8,2,10,0.09523809523809523,0.22365107816268404,2,False
8,5,Lil' Kim,S8_Lil' Kim __ Derek Hough,26.0,0.0992933217549598,2,8,10,0.12380952380952381,0.22310284556448362,2,False
8,5,Melissa Rycroft,S8_Melissa Rycroft __ Tony Dovolani,25.0,0.1086931503634648,4,6,10,0.11904761904761904,0.22774076941108384,2,False
8,5,Shawn Johnson,S8_Shawn Johnson __ Mark Ballas,26.0,0.111433877206864,3,5,8,0.12380952380952381,0.2352434010163878,2,False
8,5,Steve-O,S8_Steve-O __ Lacey Schwimmer,18.0,0.1498741151866318,9,1,10,0.08571428571428572,0.2355884009009175,2,False
8,5,Ty Murray,S8_Ty Murray __ Chelsie Hightower,21.0,0.1241872122833599,7,3,10,0.1,0.22418721228335992,2,False
8,6,Chuck Wicks,S8_Chuck Wicks __ Julianne Hough,23.0,0.1351710075935486,5,3,8,0.12365591397849462,0.25882692157204323,1,False
8,6,Gilles Marini,S8_Gilles Marini __ Cheryl Burke,26.0,0.1193676225305083,3,6,9,0.13978494623655913,0.25915256876706744,1,False
8,6,Lawrence Taylor,S8_Lawrence Taylor __ Edyta Sliwinska,22.0,0.1475456217826823,6,2,8,0.11827956989247312,0.2658251916751554,1,False
8,6,Lil' Kim,S8_Lil' Kim __ Derek Hough,28.0,0.109702754076025,1,7,8,0.15053763440860216,0.26024038848462716,1,False
8,6,Melissa Rycroft,S8_Melissa Rycroft __ Tony Dovolani,27.0,0.1233393287412695,2,5,7,0.14516129032258066,0.26850061906385014,1,False
8,6,Shawn Johnson,S8_Shawn Johnson __ Mark Ballas,26.0,0.1267311061846684,4,4,8,0.13978494623655913,0.26651605242122756,1,False
8,6,Steve-O,S8_Steve-O __ Lacey Schwimmer,16.0,0.0902938462257372,8,8,16,0.08602150537634409,0.17631535160208128,1,False
8,6,Ty Murray,S8_Ty Murray __ Chelsie Hightower,18.0,0.1478487128655601,7,1,8,0.0967741935483871,0.24462290641394718,1,False
8,7,Chuck Wicks,S8_Chuck Wicks __ Julianne Hough,27.0,0.1604742923499707,3,2,5,0.14835164835164835,0.30882594070161906,1,False
8,7,Gilles Marini,S8_Gilles Marini __ Cheryl Burke,27.0,0.141488745664208,4,5,9,0.14835164835164835,0.2898403940158564,1,False
8,7,Lawrence Taylor,S8_Lawrence Taylor __ Edyta Sliwinska,21.0,0.0930825002430047,7,7,14,0.11538461538461539,0.2084671156276201,1,False
8,7,Lil' Kim,S8_Lil' Kim __ Derek Hough,26.0,0.1398940908985038,5,6,11,0.14285714285714285,0.28275123375564665,1,False
8,7,Melissa Rycroft,S8_Melissa Rycroft __ Tony Dovolani,29.0,0.1429264091845027,1,3,4,0.15934065934065933,0.30226706852516205,1,False
8,7,Shawn Johnson,S8_Shawn Johnson __ Mark Ballas,28.0,0.1425270789535551,2,4,6,0.15384615384615385,0.29637323279970895,1,False
8,7,Ty Murray,S8_Ty Murray __ Chelsie Hightower,24.0,0.1796068827062548,6,1,7,0.13186813186813187,0.31147501457438664,1,False
8,8,Chuck Wicks,S8_Chuck Wicks __ Julianne Hough,25.5,0.096985325401039,5,6,11,0.16346153846153846,0.2604468638625775,1,False
8,8,Gilles Marini,S8_Gilles Marini __ Cheryl Burke,27.5,0.1704170402981809,2,4,6,0.1762820512820513,0.34669909158023215,1,False
8,8,Lil' Kim,S8_Lil' Kim __ Derek Hough,28.0,0.1670770313449756,1,5,6,0.1794871794871795,0.34656421083215505,1,False
8,8,Melissa Rycroft,S8_Melissa Rycroft __ Tony Dovolani,23.0,0.18643048573932,6,2,8,0.14743589743589744,0.33386638317521744,1,False
8,8,Shawn Johnson,S8_Shawn Johnson __ Mark Ballas,26.0,0.1740826095486596,3,3,6,0.16666666666666666,0.34074927621532625,1,False
8,8,Ty Murray,S8_Ty Murray __ Chelsie Hightower,26.0,0.2050075076678247,4,1,5,0.16666666666666666,0.37167417433449135,1,False
8,9,Gilles Marini,S8_Gilles Marini __ Cheryl Burke,28.0,0.2025535804887574,2,4,6,0.20973782771535582,0.41229140820411325,1,False
8,9,Lil' Kim,S8_Lil' Kim __ Derek Hough,26.0,0.1258149905716303,4,5,9,0.1947565543071161,0.3205715448787464,1,False
8,9,Melissa Rycroft,S8_Melissa Rycroft __ Tony Dovolani,28.5,0.2160592693453946,1,2,3,0.21348314606741572,0.42954241541281035,1,False
8,9,Shawn Johnson,S8_Shawn Johnson __ Mark Ballas,28.0,0.2044444712996138,3,3,6,0.20973782771535582,0.4141822990149696,1,False
8,9,Ty Murray,S8_Ty Murray __ Chelsie Hightower,23.0,0.2511276882946038,5,1,6,0.17228464419475656,0.4234123324893604,1,False
8,10,Gilles Marini,S8_Gilles Marini __ Cheryl Burke,30.0,0.2547487047198418,1,3,4,0.273972602739726,0.5287213074595678,1,False
8,10,Melissa Rycroft,S8_Melissa Rycroft __ Tony Dovolani,27.5,0.279066860170383,3,1,4,0.2511415525114155,0.5302084126817985,1,False
8,10,Shawn Johnson,S8_Shawn Johnson __ Mark Ballas,28.0,0.2636540480012532,2,2,4,0.2557077625570776,0.5193618105583309,1,False
8,10,Ty Murray,S8_Ty Murray __ Chelsie Hightower,24.0,0.2025303871085222,4,4,8,0.2191780821917808,0.42170846930030303,1,False
9,2,Aaron Carter,S9_Aaron Carter __ Karina Smirnoff,27.0,0.0680379363644438,1,13,14,0.09183673469387756,0.15987467105832137,2,False
9,2,Chuck Liddell,S9_Chuck Liddell __ Anna Trebunskaya,19.0,0.0784255820011464,9,4,13,0.06462585034013606,0.14305143234128245,2,False
9,2,Debi Mazar,S9_Debi Mazar __ Maksim Chmerkoskiy,21.0,0.0761894633248859,4,6,10,0.07142857142857142,0.1476180347534573,2,False
9,2,Donny Osmond,S9_Donny Osmond __ Kym Johnson,25.0,0.069862939572402,3,11,14,0.08503401360544217,0.1548969531778442,2,False
9,2,Joanna Krupa,S9_Joanna Krupa __ Derek Hough,20.0,0.0732287667980882,7,8,15,0.06802721088435375,0.14125597768244194,2,False
9,2,Kathy Ireland,S9_Kathy Ireland __ Tony Dovolani,18.0,0.0242223590024852,13,14,27,0.061224489795918366,0.08544684879840356,2,False
9,2,Kelly Osbourne,S9_Kelly Osbourne __ Louis van Amstel,19.0,0.074962451739156,10,7,17,0.06462585034013606,0.13958830207929207,2,False
9,2,Louie Vito,S9_Louie Vito __ Chelsie Hightower,19.0,0.0777673477789469,11,5,16,0.06462585034013606,0.14239319811908296,2,False
9,2,Mark Dacascos,S9_Mark Dacascos __ Lacey Schwimmer,21.0,0.0722503508369745,5,10,15,0.07142857142857142,0.1436789222655459,2,False
9,2,Melissa Joan Hart,S9_Melissa Joan Hart __ Mark Ballas,19.0,0.0784408265752808,12,3,15,0.06462585034013606,0.14306667691541686,2,False
9,2,Michael Irvin,S9_Michael Irvin __ Anna Demidova,20.0,0.083021097686126,8,1,9,0.06802721088435375,0.15104830857047974,2,False
9,2,Mya,S9_Mya __ Dmitry Chaplin,27.0,0.0695079016104008,2,12,14,0.09183673469387756,0.16134463630427837,2,False
9,2,Natalie Coughlin,S9_Natalie Coughlin __ Alec Mazo,21.0,0.0722554036379733,6,9,15,0.07142857142857142,0.14368397506654473,2,False
9,2,Tom DeLay,S9_Tom DeLay __ Cheryl Burke,18.0,0.0818275730716898,14,2,16,0.061224489795918366,0.14305206286760816,2,False
9,3,Aaron Carter,S9_Aaron Carter __ Karina Smirnoff,21.0,0.0775632568354311,4,9,13,0.08139534883720931,0.15895860567264042,1,False
9,3,Chuck Liddell,S9_Chuck Liddell __ Anna Trebunskaya,17.0,0.0926486474858378,10,2,12,0.06589147286821706,0.15854012035405485,1,False
9,3,Debi Mazar,S9_Debi Mazar __ Maksim Chmerkoskiy,17.0,0.0333035014093956,11,13,24,0.06589147286821706,0.09919497427761266,1,False
9,3,Donny Osmond,S9_Donny Osmond __ Kym Johnson,21.0,0.0778923624836376,5,8,13,0.08139534883720931,0.1592877113208469,1,False
9,3,Joanna Krupa,S9_Joanna Krupa __ Derek Hough,23.0,0.0818134149374618,3,7,10,0.08914728682170543,0.17096070175916722,1,False
9,3,Kelly Osbourne,S9_Kelly Osbourne __ Louis van Amstel,20.0,0.0843274317044127,6,6,12,0.07751937984496124,0.16184681154937394,1,False
9,3,Louie Vito,S9_Louie Vito __ Chelsie Hightower,20.0,0.087718962251091,7,3,10,0.07751937984496124,0.16523834209605226,1,False
9,3,Mark Dacascos,S9_Mark Dacascos __ Lacey Schwimmer,18.0,0.0867572796720514,9,4,13,0.06976744186046512,0.1565247215325165,1,False
9,3,Melissa Joan Hart,S9_Melissa Joan Hart __ Mark Ballas,19.0,0.0865368848616242,8,5,13,0.07364341085271318,0.1601802957143374,1,False
9,3,Michael Irvin,S9_Michael Irvin __ Anna Demidova,14.0,0.1054332632175161,13,1,14,0.05426356589147287,0.15969682910898897,1,False
9,3,Mya,S9_Mya __ Dmitry Chaplin,27.0,0.072158515014796,1,11,12,0.10465116279069768,0.17680967780549367,1,False
9,3,Natalie Coughlin,S9_Natalie Coughlin __ Alec Mazo,26.0,0.0762388575593753,2,10,12,0.10077519379844961,0.17701405135782491,1,False
9,3,Tom DeLay,S9_Tom DeLay __ Cheryl Burke,15.0,0.0376076225673688,12,12,24,0.05813953488372093,0.09574715745108972,1,False
9,4,Aaron Carter,S9_Aaron Carter __ Karina Smirnoff,18.0,0.0970310587588021,8,4,12,0.0743801652892562,0.1714112240480583,2,False
9,4,Chuck Liddell,S9_Chuck Liddell __ Anna Trebunskaya,17.0,0.0433512311076833,9,11,20,0.07024793388429752,0.11359916499198082,2,False
9,4,Donny Osmond,S9_Donny Osmond __ Kym Johnson,24.0,0.0919605315970561,4,7,11,0.09917355371900827,0.19113408531606435,2,False
9,4,Joanna Krupa,S9_Joanna Krupa __ Derek Hough,26.0,0.0902741814450178,3,8,11,0.10743801652892562,0.1977121979739434,2,False
9,4,Kelly Osbourne,S9_Kelly Osbourne __ Louis van Amstel,23.0,0.0932663317956334,6,6,12,0.09504132231404959,0.18830765410968298,2,False
9,4,Louie Vito,S9_Louie Vito __ Chelsie Hightower,16.0,0.1082181078535697,10,2,12,0.06611570247933884,0.17433381033290854,2,False
9,4,Mark Dacascos,S9_Mark Dacascos __ Lacey Schwimmer,22.0,0.0994246288441951,7,3,10,0.09090909090909091,0.190333719753286,2,False
9,4,Melissa Joan Hart,S9_Melissa Joan Hart __ Mark Ballas,28.0,0.0936466695892709,1,5,6,0.11570247933884298,0.20934914892811388,2,False
9,4,Michael Irvin,S9_Michael Irvin __ Anna Demidova,16.0,0.1242972340703452,11,1,12,0.06611570247933884,0.19041293654968405,2,False
9,4,Mya,S9_Mya __ Dmitry Chaplin,28.0,0.0773210214168001,2,10,12,0.11570247933884298,0.19302350075564306,2,False
9,4,Natalie Coughlin,S9_Natalie Coughlin __ Alec Mazo,24.0,0.0812090035216259,5,9,14,0.09917355371900827,0.18038255724063418,2,False
9,5,Aaron Carter,S9_Aaron Carter __ Karina Smirnoff,24.0,0.1074435047374808,4,4,8,0.09917355371900827,0.20661705845648906,1,False
9,5,Donny Osmond,S9_Donny Osmond __ Kym Johnson,29.0,0.1007034595996272,1,8,9,0.11983471074380166,0.22053817034342887,1,False
9,5,Joanna Krupa,S9_Joanna Krupa __ Derek Hough,24.0,0.1009512586018837,5,7,12,0.09917355371900827,0.20012481232089196,1,False
9,5,Kelly Osbourne,S9_Kelly Osbourne __ Louis van Amstel,24.0,0.1013806201180703,6,6,12,0.09917355371900827,0.20055417383707858,1,False
9,5,Louie Vito,S9_Louie Vito __ Chelsie Hightower,22.0,0.1155751780956487,8,2,10,0.09090909090909091,0.2064842690047396,1,False
9,5,Mark Dacascos,S9_Mark Dacascos __ Lacey Schwimmer,26.0,0.1097998298663829,3,3,6,0.10743801652892562,0.21723784639530852,1,False
9,5,Melissa Joan Hart,S9_Melissa Joan Hart __ Mark Ballas,23.0,0.1039827226315212,7,5,12,0.09504132231404959,0.1990240449455708,1,False
9,5,Michael Irvin,S9_Michael Irvin __ Anna Demidova,21.0,0.1359614901000063,10,1,11,0.08677685950413223,0.22273834960413852,1,False
9,5,Mya,S9_Mya __ Dmitry Chaplin,27.0,0.0846578468634885,2,9,11,0.1115702479338843,0.1962280947973728,1,False
9,5,Natalie Coughlin,S9_Natalie Coughlin __ Alec Mazo,22.0,0.0395440893858901,9,10,19,0.09090909090909091,0.130453180294981,1,False
9,6,Aaron Carter,S9_Aaron Carter __ Karina Smirnoff,32.9998,0.1145344183140142,3,6,9,0.12692274704027823,0.24145716535429243,1,False
9,6,Donny Osmond,S9_Donny Osmond __ Kym Johnson,30.9999,0.1177915493488023,5,5,10,0.1192307973373754,0.23702234668617772,1,False
9,6,Joanna Krupa,S9_Joanna Krupa __ Derek Hough,35.9999,0.1186486742062864,1,4,5,0.13846163313642237,0.2571103073427088,1,False
9,6,Kelly Osbourne,S9_Kelly Osbourne __ Louis van Amstel,24.9998,0.1347090378999756,6,2,8,0.09615340976180302,0.2308624476617786,1,False
9,6,Louie Vito,S9_Louie Vito __ Chelsie Hightower,24.0,0.0664316336197355,7,8,15,0.09230801183542559,0.1587396454551611,1,False
9,6,Mark Dacascos,S9_Mark Dacascos __ Lacey Schwimmer,32.0,0.12295177715972,4,3,7,0.12307734911390078,0.24602912627362078,1,False
9,6,Melissa Joan Hart,S9_Melissa Joan Hart __ Mark Ballas,23.9999,0.0642010952464924,8,9,17,0.09230762721870961,0.156508722465202,1,False
9,6,Michael Irvin,S9_Michael Irvin __ Anna Demidova,21.9998,0.1587310882809514,9,1,10,0.08461490828237482,0.24334599656332623,1,False
9,6,Mya,S9_Mya __ Dmitry Chaplin,33.0,0.1020007259240221,2,7,9,0.12692351627371018,0.22892424219773228,1,False
9,7,Aaron Carter,S9_Aaron Carter __ Karina Smirnoff,26.5,0.1573112994747444,2,3,5,0.150997150997151,0.30830845047189537,2,False
9,7,Donny Osmond,S9_Donny Osmond __ Kym Johnson,26.0,0.1623521028897775,3,2,5,0.14814814814814814,0.31050025103792567,2,False
9,7,Joanna Krupa,S9_Joanna Krupa __ Derek Hough,27.5,0.1550599273369619,1,5,6,0.15669515669515668,0.3117550840321186,2,False
9,7,Kelly Osbourne,S9_Kelly Osbourne __ Louis van Amstel,26.0,0.1725668654667968,4,1,5,0.14814814814814814,0.3207150136149449,2,False
9,7,Mark Dacascos,S9_Mark Dacascos __ Lacey Schwimmer,21.5,0.0975943406362606,7,7,14,0.1225071225071225,0.2201014631433831,2,False
9,7,Michael Irvin,S9_Michael Irvin __ Anna Demidova,23.5,0.0986445364219359,6,6,12,0.1339031339031339,0.2325476703250698,2,False
9,7,Mya,S9_Mya __ Dmitry Chaplin,24.5,0.156470927773523,5,4,9,0.1396011396011396,0.29607206737466263,2,False
9,8,Aaron Carter,S9_Aaron Carter __ Karina Smirnoff,25.0,0.1279236467774442,4,5,9,0.19083969465648856,0.31876334143393276,2,False
9,8,Donny Osmond,S9_Donny Osmond __ Kym Johnson,25.0,0.2210299659917549,5,2,7,0.19083969465648856,0.4118696606482435,2,False
9,8,Joanna Krupa,S9_Joanna Krupa __ Derek Hough,26.0,0.2145088992768351,2,3,5,0.1984732824427481,0.41298218171958323,2,False
9,8,Kelly Osbourne,S9_Kelly Osbourne __ Louis van Amstel,25.5,0.2305600914959397,3,1,4,0.1946564885496183,0.425216580045558,2,False
9,8,Mya,S9_Mya __ Dmitry Chaplin,29.5,0.205977396458026,1,4,5,0.22519083969465647,0.4311682361526825,2,False
9,9,Donny Osmond,S9_Donny Osmond __ Kym Johnson,24.666600000000003,0.2862894967431335,4,2,6,0.23125016992245911,0.5175396666655926,1,False
9,9,Joanna Krupa,S9_Joanna Krupa __ Derek Hough,27.0,0.1696889655439302,2,4,6,0.2531258701201785,0.4228148356641087,1,False
9,9,Kelly Osbourne,S9_Kelly Osbourne __ Louis van Amstel,25.9998,0.2885331062196074,3,1,4,0.2437489628870599,0.5322820691066673,1,False
9,9,Mya,S9_Mya __ Dmitry Chaplin,28.9999,0.2554884314933291,1,3,4,0.27187499707030244,0.5273634285636315,1,False
10,3,Aiden Turner,S10_Aiden Turner __ Edyta Sliwinska,20.0,0.1060581723098499,7,3,10,0.09852216748768473,0.20458033979753465,1,False
10,3,Buzz Aldrin,S10_Buzz Aldrin __ Ashly DelGrosso,13.0,0.0621200653276385,10,10,20,0.06403940886699508,0.12615947419463358,1,False
10,3,Chad Ochocinco,S10_Chad Ochocinco __ Cheryl Burke,20.0,0.1109328839279696,8,2,10,0.09852216748768473,0.20945505141565435,1,False
10,3,Erin Andrews,S10_Erin Andrews __ Maksim Chmerkoskiy,23.0,0.0992008526976249,2,7,9,0.11330049261083744,0.21250134530846232,1,False
10,3,Evan Lysacek,S10_Evan Lysacek __ Anna Trebunskaya,26.0,0.1006016352459717,1,5,6,0.12807881773399016,0.22868045297996187,1,False
10,3,Jake Pavelka,S10_Jake Pavelka __ Chelsie Hightower,21.0,0.103252161412825,4,4,8,0.10344827586206896,0.20670043727489396,1,False
10,3,Kate Gosselin,S10_Kate Gosselin __ Tony Dovolani,15.0,0.1205238510520523,9,1,10,0.07389162561576355,0.19441547666781583,1,False
10,3,Nicole Scherzinger,S10_Nicole Scherzinger __ Derek Hough,23.0,0.0985031805422242,3,9,12,0.11330049261083744,0.21180367315306164,1,False
10,3,Niecy Nash,S10_Niecy Nash __ Louis van Amstel,21.0,0.1001956395173397,5,6,11,0.10344827586206896,0.20364391537940868,1,False
10,3,Pamela Anderson,S10_Pamela Anderson __ Damian Whitewood,21.0,0.0986115579665038,6,8,14,0.10344827586206896,0.20205983382857276,1,False
10,4,Aiden Turner,S10_Aiden Turner __ Edyta Sliwinska,16.5,0.0592032610895002,8,9,17,0.0889487870619946,0.1481520481514948,1,False
10,4,Chad Ochocinco,S10_Chad Ochocinco __ Cheryl Burke,22.0,0.1220772586628968,4,3,7,0.11859838274932614,0.24067564141222295,1,False
10,4,Erin Andrews,S10_Erin Andrews __ Maksim Chmerkoskiy,19.5,0.1149453326346023,5,5,10,0.10512129380053908,0.22006662643514138,1,False
10,4,Evan Lysacek,S10_Evan Lysacek __ Anna Trebunskaya,26.0,0.1091469152625435,1,7,8,0.14016172506738545,0.24930864032992894,1,False
10,4,Jake Pavelka,S10_Jake Pavelka __ Chelsie Hightower,19.0,0.1225379777471274,6,2,8,0.10242587601078167,0.22496385375790906,1,False
10,4,Kate Gosselin,S10_Kate Gosselin __ Tony Dovolani,16.0,0.1397230236993513,9,1,10,0.0862533692722372,0.2259763929715885,1,False
10,4,Nicole Scherzinger,S10_Nicole Scherzinger __ Derek Hough,25.0,0.102844589176258,2,8,10,0.1347708894878706,0.2376154786641286,1,False
10,4,Niecy Nash,S10_Niecy Nash __ Louis van Amstel,18.0,0.1196848520975282,7,4,11,0.09703504043126684,0.21671989252879503,1,False
10,4,Pamela Anderson,S10_Pamela Anderson __ Damian Whitewood,23.5,0.109836789630192,3,6,9,0.12668463611859837,0.23652142574879037,1,False
10,5,Chad Ochocinco,S10_Chad Ochocinco __ Cheryl Burke,18.0,0.1429044449521996,6,2,8,0.10404624277456648,0.24695068772676607,1,False
10,5,Erin Andrews,S10_Erin Andrews __ Maksim Chmerkoskiy,22.0,0.1295247958696238,4,5,9,0.12716763005780346,0.25669242592742725,1,False
10,5,Evan Lysacek,S10_Evan Lysacek __ Anna Trebunskaya,27.0,0.1230493911629163,2,6,8,0.15606936416184972,0.27911875532476604,1,False
10,5,Jake Pavelka,S10_Jake Pavelka __ Chelsie Hightower,23.0,0.1335403171297017,3,3,6,0.1329479768786127,0.2664882940083144,1,False
10,5,Kate Gosselin,S10_Kate Gosselin __ Tony Dovolani,15.0,0.0838557664439845,8,8,16,0.08670520231213873,0.17056096875612323,1,False
10,5,Nicole Scherzinger,S10_Nicole Scherzinger __ Derek Hough,29.0,0.1138218176070429,1,7,8,0.1676300578034682,0.2814518754105111,1,False
10,5,Niecy Nash,S10_Niecy Nash __ Louis van Amstel,18.0,0.1430361516455758,7,1,8,0.10404624277456648,0.24708239442014227,1,False
10,5,Pamela Anderson,S10_Pamela Anderson __ Damian Whitewood,21.0,0.130267315188955,5,4,9,0.12138728323699421,0.2516545984259492,1,False
10,6,Chad Ochocinco,S10_Chad Ochocinco __ Cheryl Burke,30.9999,0.1627834318071363,3,2,5,0.14832537716633504,0.3111088089734714,1,False
10,6,Erin Andrews,S10_Erin Andrews __ Maksim Chmerkoskiy,34.0,0.1468639342584071,2,5,7,0.16267997069846646,0.30954390495687356,1,False
10,6,Evan Lysacek,S10_Evan Lysacek __ Anna Trebunskaya,27.0,0.151965499668564,5,4,9,0.12918703555466454,0.2811525352232286,1,False
10,6,Jake Pavelka,S10_Jake Pavelka __ Chelsie Hightower,24.9999,0.0872993133726333,7,7,14,0.11961714704307623,0.20691646041570955,1,False
10,6,Nicole Scherzinger,S10_Nicole Scherzinger __ Derek Hough,35.9999,0.1290679578204804,1,6,7,0.17224890226905065,0.30131686008953107,1,False
10,6,Niecy Nash,S10_Niecy Nash __ Louis van Amstel,25.9998,0.1686752939673026,6,1,7,0.12440137359311731,0.29307666756041995,1,False
10,6,Pamela Anderson,S10_Pamela Anderson __ Damian Whitewood,29.9998,0.1533445691054757,4,3,7,0.14354019367528983,0.29688476278076553,1,False
10,7,Chad Ochocinco,S10_Chad Ochocinco __ Cheryl Burke,26.0,0.1934600077432524,3,2,5,0.16720257234726688,0.36066258009051927,1,False
10,7,Erin Andrews,S10_Erin Andrews __ Maksim Chmerkoskiy,25.5,0.175919817203364,4,4,8,0.1639871382636656,0.3399069554670296,1,False
10,7,Evan Lysacek,S10_Evan Lysacek __ Anna Trebunskaya,27.0,0.1798360202376978,1,3,4,0.17363344051446947,0.35346946075216723,1,False
10,7,Nicole Scherzinger,S10_Nicole Scherzinger __ Derek Hough,27.0,0.1595931374375088,2,5,7,0.17363344051446947,0.3332265779519783,1,False
10,7,Niecy Nash,S10_Niecy Nash __ Louis van Amstel,24.5,0.1946854407129329,6,1,7,0.15755627009646303,0.3522417108093959,1,False
10,7,Pamela Anderson,S10_Pamela Anderson __ Damian Whitewood,25.5,0.0965055766652438,5,6,11,0.1639871382636656,0.2604927149289094,1,False
10,8,Chad Ochocinco,S10_Chad Ochocinco __ Cheryl Burke,22.5,0.2377858706556471,4,1,5,0.17786561264822134,0.4156514833038685,1,False
10,8,Erin Andrews,S10_Erin Andrews __ Maksim Chmerkoskiy,26.5,0.2080415677138049,2,3,5,0.20948616600790515,0.41752773372171004,1,False
10,8,Evan Lysacek,S10_Evan Lysacek __ Anna Trebunskaya,26.5,0.2132541067969501,3,2,5,0.20948616600790515,0.42274027280485527,1,False
10,8,Nicole Scherzinger,S10_Nicole Scherzinger __ Derek Hough,29.5,0.1932004794104109,1,4,5,0.233201581027668,0.42640206043807893,1,False
10,8,Niecy Nash,S10_Niecy Nash __ Louis van Amstel,21.5,0.1477179754231868,5,5,10,0.16996047430830039,0.3176784497314872,1,False
10,9,Chad Ochocinco,S10_Chad Ochocinco __ Cheryl Burke,26.0,0.1944000228273261,4,4,8,0.23008849557522124,0.4244885184025473,1,False
10,9,Erin Andrews,S10_Erin Andrews __ Maksim Chmerkoskiy,28.0,0.2768704775104491,3,1,4,0.24778761061946902,0.5246580881299181,1,False
10,9,Evan Lysacek,S10_Evan Lysacek __ Anna Trebunskaya,29.5,0.2722960377834406,1,2,3,0.2610619469026549,0.5333579846860954,1,False
10,9,Nicole Scherzinger,S10_Nicole Scherzinger __ Derek Hough,29.5,0.2564334618787844,2,3,5,0.2610619469026549,0.5174954087814393,1,False
11,2,Audrina Patridge,S11_Audrina Patridge __ Tony Dovolani,23.0,0.0938008115547472,2,5,7,0.10407239819004525,0.19787320974479244,1,False
11,2,Brandy,S11_Brandy __ Maksim Chmerkoskiy,21.0,0.0926005213677574,5,6,11,0.09502262443438914,0.18762314580214653,1,False
11,2,Bristol Palin,S11_Bristol Palin __ Mark Ballas,22.0,0.0956317027458878,3,4,7,0.09954751131221719,0.19517921405810498,1,False
11,2,Florence Henderson,S11_Florence Henderson __ Corky Ballas,19.0,0.0962361619972756,8,3,11,0.08597285067873303,0.18220901267600864,1,False
11,2,Jennifer Grey,S11_Jennifer Grey __ Derek Hough,24.0,0.0864720693644576,1,10,11,0.1085972850678733,0.19506935443233092,1,False
11,2,Kurt Warner,S11_Kurt Warner __ Anna Trebunskaya,21.0,0.0912274037291514,6,7,13,0.09502262443438914,0.18625002816354053,1,False
11,2,Kyle Massey,S11_Kyle Massey __ Lacey Schwimmer,22.0,0.0906058776187583,4,9,13,0.09954751131221719,0.1901533889309755,1,False
11,2,Margaret Cho,S11_Margaret Cho __ Louis van Amstel,18.0,0.1012564469648544,9,2,11,0.08144796380090498,0.18270441076575938,1,False
11,2,Michael Bolton,S11_Michael Bolton __ Chelsie Hightower,12.0,0.0532183932182747,11,11,22,0.05429864253393665,0.10751703575221136,1,False
11,2,Rick Fox,S11_Rick Fox __ Cheryl Burke,21.0,0.0908913167157118,7,8,15,0.09502262443438914,0.18591394115010093,1,False
11,2,The Situation,S11_The Situation __ Karina Smirnoff,18.0,0.1080592947231238,10,1,11,0.08144796380090498,0.18950725852402878,1,False
11,3,Audrina Patridge,S11_Audrina Patridge __ Tony Dovolani,26.0,0.1033648149615221,1,4,5,0.11764705882352941,0.2210118737850515,1,False
11,3,Brandy,S11_Brandy __ Maksim Chmerkoskiy,24.0,0.099566442618911,2,7,9,0.1085972850678733,0.20816372768678432,1,False
11,3,Bristol Palin,S11_Bristol Palin __ Mark Ballas,19.0,0.113185408982231,9,3,12,0.08597285067873303,0.19915825966096404,1,False
11,3,Florence Henderson,S11_Florence Henderson __ Corky Ballas,20.0,0.1144588650385332,7,2,9,0.09049773755656108,0.2049566025950943,1,False
11,3,Jennifer Grey,S11_Jennifer Grey __ Derek Hough,24.0,0.095867654999989,3,9,12,0.1085972850678733,0.2044649400678623,1,False
11,3,Kurt Warner,S11_Kurt Warner __ Anna Trebunskaya,23.0,0.1017086901219238,5,6,11,0.10407239819004525,0.20578108831196906,1,False
11,3,Kyle Massey,S11_Kyle Massey __ Lacey Schwimmer,23.0,0.1024496270790599,6,5,11,0.10407239819004525,0.20652202526910515,1,False
11,3,Margaret Cho,S11_Margaret Cho __ Louis van Amstel,18.0,0.0506372359083435,10,10,20,0.08144796380090498,0.13208519970924848,1,False
11,3,Rick Fox,S11_Rick Fox __ Cheryl Burke,24.0,0.0978019658223326,4,8,12,0.1085972850678733,0.2063992508902059,1,False
11,3,The Situation,S11_The Situation __ Karina Smirnoff,20.0,0.1209592944671536,8,1,9,0.09049773755656108,0.21145703202371469,1,False
11,4,Audrina Patridge,S11_Audrina Patridge __ Tony Dovolani,23.0,0.1129726329862352,3,5,8,0.12849162011173185,0.24146425309796704,1,False
11,4,Brandy,S11_Brandy __ Maksim Chmerkoskiy,24.0,0.1057310860371141,2,7,9,0.1340782122905028,0.23980929832761688,1,False
11,4,Bristol Palin,S11_Bristol Palin __ Mark Ballas,16.0,0.1324013684060194,8,1,9,0.0893854748603352,0.22178684326635462,1,False
11,4,Florence Henderson,S11_Florence Henderson __ Corky Ballas,17.5,0.1288401325983933,6,2,8,0.09776536312849161,0.22660549572688493,1,False
11,4,Jennifer Grey,S11_Jennifer Grey __ Derek Hough,28.0,0.1045439702896001,1,8,9,0.1564245810055866,0.2609685512951867,1,False
11,4,Kurt Warner,S11_Kurt Warner __ Anna Trebunskaya,17.0,0.1203315767255495,7,3,10,0.09497206703910614,0.21530364376465566,1,False
11,4,Kyle Massey,S11_Kyle Massey __ Lacey Schwimmer,20.0,0.1156583456116548,4,4,8,0.11173184357541899,0.2273901891870738,1,False
11,4,Rick Fox,S11_Rick Fox __ Cheryl Burke,19.5,0.1094816499427054,5,6,11,0.10893854748603352,0.21842019742873892,1,False
11,4,The Situation,S11_The Situation __ Karina Smirnoff,14.0,0.0700392374027278,9,9,18,0.0782122905027933,0.1482515279055211,1,False
11,5,Audrina Patridge,S11_Audrina Patridge __ Tony Dovolani,23.0,0.1304893959079511,5,4,9,0.12637362637362637,0.2568630222815775,1,False
11,5,Brandy,S11_Brandy __ Maksim Chmerkoskiy,27.0,0.121703435738651,1,6,7,0.14835164835164835,0.2700550840902993,1,False
11,5,Bristol Palin,S11_Bristol Palin __ Mark Ballas,18.0,0.1585834591100195,8,1,9,0.0989010989010989,0.2574845580111184,1,False
11,5,Florence Henderson,S11_Florence Henderson __ Corky Ballas,21.0,0.0655802992801131,6,8,14,0.11538461538461539,0.18096491466472847,1,False
11,5,Jennifer Grey,S11_Jennifer Grey __ Derek Hough,25.0,0.118255124415653,2,7,9,0.13736263736263737,0.2556177617782904,1,False
11,5,Kurt Warner,S11_Kurt Warner __ Anna Trebunskaya,24.0,0.1375158974056315,3,3,6,0.13186813186813187,0.26938402927376337,1,False
11,5,Kyle Massey,S11_Kyle Massey __ Lacey Schwimmer,20.0,0.14182297440621,7,2,9,0.10989010989010989,0.2517130842963199,1,False
11,5,Rick Fox,S11_Rick Fox __ Cheryl Burke,24.0,0.1260494137357709,4,5,9,0.13186813186813187,0.2579175456039028,1,False
11,6,Audrina Patridge,S11_Audrina Patridge __ Tony Dovolani,31.9998,0.0652044957748682,2,7,9,0.1545889285615942,0.2197934243364624,1,False
11,6,Brandy,S11_Brandy __ Maksim Chmerkoskiy,35.9999,0.1322000475641917,1,6,7,0.17391314849856981,0.30611319606276155,1,False
11,6,Bristol Palin,S11_Bristol Palin __ Mark Ballas,27.9998,0.1759981642980829,6,2,8,0.13526519171803963,0.31126335601612254,1,False
11,6,Jennifer Grey,S11_Jennifer Grey __ Derek Hough,29.0,0.1458070613187776,5,4,9,0.14009709211577046,0.28590415343454806,1,False
11,6,Kurt Warner,S11_Kurt Warner __ Anna Trebunskaya,21.9999,0.1773801569527884,7,1,8,0.10628006954612891,0.2836602264989173,1,False
11,6,Kyle Massey,S11_Kyle Massey __ Lacey Schwimmer,29.9999,0.1586448438115317,4,3,7,0.144927543233238,0.30357238704476974,1,False
11,6,Rick Fox,S11_Rick Fox __ Cheryl Burke,30.0,0.1447652302797594,3,5,8,0.1449280263266591,0.28969325660641854,1,False
11,7,Brandy,S11_Brandy __ Maksim Chmerkoskiy,36.5,0.1596412598339756,1,5,6,0.1750599520383693,0.3347012118723449,1,False
11,7,Bristol Palin,S11_Bristol Palin __ Mark Ballas,32.5,0.2013188676179765,6,1,7,0.15587529976019185,0.35719416737816834,1,False
11,7,Jennifer Grey,S11_Jennifer Grey __ Derek Hough,36.5,0.1678567803829279,2,4,6,0.1750599520383693,0.34291673242129717,1,False
11,7,Kurt Warner,S11_Kurt Warner __ Anna Trebunskaya,35.0,0.1974873846586222,3,2,5,0.16786570743405277,0.36535309209267497,1,False
11,7,Kyle Massey,S11_Kyle Massey __ Lacey Schwimmer,33.5,0.1816309993210891,5,3,8,0.1606714628297362,0.34230246215082527,1,False
11,7,Rick Fox,S11_Rick Fox __ Cheryl Burke,34.5,0.0920647081854087,4,6,10,0.16546762589928057,0.2575323340846893,1,False
11,8,Brandy,S11_Brandy __ Maksim Chmerkoskiy,28.5,0.1962434376539509,1,4,5,0.21509433962264152,0.4113377772765924,1,False
11,8,Bristol Palin,S11_Bristol Palin __ Mark Ballas,23.5,0.2455020676416795,5,1,6,0.17735849056603772,0.42286055820771723,1,False
11,8,Jennifer Grey,S11_Jennifer Grey __ Derek Hough,28.5,0.2040098219559245,2,3,5,0.21509433962264152,0.419104161578566,1,False
11,8,Kurt Warner,S11_Kurt Warner __ Anna Trebunskaya,24.0,0.1415496836024032,4,5,9,0.1811320754716981,0.3226817590741013,1,False
11,8,Kyle Massey,S11_Kyle Massey __ Lacey Schwimmer,28.0,0.2126949891460423,3,2,5,0.21132075471698114,0.42401574386302343,1,False
11,9,Brandy,S11_Brandy __ Maksim Chmerkoskiy,28.5,0.1690318404758897,3,4,7,0.25,0.4190318404758897,1,False
11,9,Bristol Palin,S11_Bristol Palin __ Mark Ballas,26.5,0.3033088292809348,4,1,5,0.2324561403508772,0.535764969631812,1,False
11,9,Jennifer Grey,S11_Jennifer Grey __ Derek Hough,30.0,0.2572894288267416,1,3,4,0.2631578947368421,0.5204473235635837,1,False
11,9,Kyle Massey,S11_Kyle Massey __ Lacey Schwimmer,29.0,0.2703699014164343,2,2,4,0.2543859649122807,0.5247558663287151,1,False
12,3,Chelsea Kane,S12_Chelsea Kane __ Mark Ballas,23.0,0.1074775863536938,3,3,6,0.10747663551401869,0.21495422186771249,1,False
12,3,Chris Jericho,S12_Chris Jericho __ Cheryl Burke,21.0,0.1052316578426086,5,6,11,0.09813084112149532,0.2033624989641039,1,False
12,3,Hines Ward,S12_Hines Ward __ Kym Johnson,25.0,0.0971998427124534,1,9,10,0.11682242990654206,0.21402227261899545,1,False
12,3,Kendra Wilkinson,S12_Kendra Wilkinson __ Louis van Amstel,23.0,0.1052719263327278,4,5,9,0.10747663551401869,0.2127485618467465,1,False
12,3,Kirstie Alley,S12_Kirstie Alley __ Maksim Chmerkoskiy,21.0,0.1076724945406153,6,2,8,0.09813084112149532,0.20580333566211062,1,False
12,3,Petra Nemcova,S12_Petra Nemcova __ Dmitry Chaplin,25.0,0.1082081538755241,2,1,3,0.11682242990654206,0.22503058378206614,1,False
12,3,Ralph Macchio,S12_Ralph Macchio __ Karina Smirnoff,21.0,0.1049248282413372,7,7,14,0.09813084112149532,0.20305566936283254,1,False
12,3,Romeo,S12_Romeo __ Chelsie Hightower,20.0,0.102677267561233,8,8,16,0.09345794392523364,0.19613521148646662,1,False
12,3,Sugar Ray Leonard,S12_Sugar Ray Leonard __ Anna Trebunskaya,20.0,0.1060315614552595,9,4,13,0.09345794392523364,0.19948950538049315,1,False
12,3,Wendy Williams,S12_Wendy Williams __ Tony Dovolani,15.0,0.0553046810845469,10,10,20,0.07009345794392523,0.12539813902847213,1,False
12,4,Chelsea Kane,S12_Chelsea Kane __ Mark Ballas,26.0,0.1191046775173177,1,4,5,0.1262135922330097,0.2453182697503274,1,False
12,4,Chris Jericho,S12_Chris Jericho __ Cheryl Burke,23.0,0.1172675596599559,4,5,9,0.11165048543689321,0.2289180450968491,1,False
12,4,Hines Ward,S12_Hines Ward __ Kym Johnson,25.0,0.1076372146774718,2,8,10,0.12135922330097088,0.22899643797844266,1,False
12,4,Kendra Wilkinson,S12_Kendra Wilkinson __ Louis van Amstel,18.0,0.1293961158505738,9,1,10,0.08737864077669903,0.21677475662727286,1,False
12,4,Kirstie Alley,S12_Kirstie Alley __ Maksim Chmerkoskiy,22.0,0.1214683241870548,7,2,9,0.10679611650485436,0.22826444069190915,1,False
12,4,Petra Nemcova,S12_Petra Nemcova __ Dmitry Chaplin,23.0,0.1167982349827659,5,6,11,0.11165048543689321,0.2284487204196591,1,False
12,4,Ralph Macchio,S12_Ralph Macchio __ Karina Smirnoff,25.0,0.1167329988832418,3,7,10,0.12135922330097088,0.23809222218421267,1,False
12,4,Romeo,S12_Romeo __ Chelsie Hightower,23.0,0.1193036100788127,6,3,9,0.11165048543689321,0.2309540955157059,1,False
12,4,Sugar Ray Leonard,S12_Sugar Ray Leonard __ Anna Trebunskaya,21.0,0.0522912641628051,8,9,17,0.10194174757281553,0.15423301173562062,1,False
12,5,Chelsea Kane,S12_Chelsea Kane __ Mark Ballas,26.0,0.1312742648930668,2,5,7,0.13402061855670103,0.2652948834497678,1,False
12,5,Chris Jericho,S12_Chris Jericho __ Cheryl Burke,26.0,0.1301742106200241,3,6,9,0.13402061855670103,0.2641948291767251,1,False
12,5,Hines Ward,S12_Hines Ward __ Kym Johnson,27.0,0.1185595766816901,1,7,8,0.13917525773195877,0.25773483441364886,1,False
12,5,Kendra Wilkinson,S12_Kendra Wilkinson __ Louis van Amstel,22.0,0.146676268790942,6,1,7,0.1134020618556701,0.2600783306466121,1,False
12,5,Kirstie Alley,S12_Kirstie Alley __ Maksim Chmerkoskiy,23.0,0.1374994191984886,5,2,7,0.11855670103092783,0.25605612022941643,1,False
12,5,Petra Nemcova,S12_Petra Nemcova __ Dmitry Chaplin,22.0,0.0641374074985315,7,8,15,0.1134020618556701,0.17753946935420162,1,False
12,5,Ralph Macchio,S12_Ralph Macchio __ Karina Smirnoff,22.0,0.1357367085551146,8,4,12,0.1134020618556701,0.2491387704107847,1,False
12,5,Romeo,S12_Romeo __ Chelsie Hightower,26.0,0.135942143762142,4,3,7,0.13402061855670103,0.26996276231884303,1,False
12,6,Chelsea Kane,S12_Chelsea Kane __ Mark Ballas,28.0,0.1489610959868096,1,5,6,0.15555555555555556,0.3045166515423652,1,False
12,6,Chris Jericho,S12_Chris Jericho __ Cheryl Burke,22.0,0.0824716379527247,7,7,14,0.12222222222222222,0.20469386017494692,1,False
12,6,Hines Ward,S12_Hines Ward __ Kym Johnson,27.0,0.1329763018579231,3,6,9,0.15,0.2829763018579231,1,False
12,6,Kendra Wilkinson,S12_Kendra Wilkinson __ Louis van Amstel,25.0,0.1660434386912363,5,1,6,0.1388888888888889,0.30493232758012523,1,False
12,6,Kirstie Alley,S12_Kirstie Alley __ Maksim Chmerkoskiy,26.0,0.1593474531505637,4,3,7,0.14444444444444443,0.30379189759500813,1,False
12,6,Ralph Macchio,S12_Ralph Macchio __ Karina Smirnoff,24.0,0.1597682094604932,6,2,8,0.13333333333333333,0.2931015427938265,1,False
12,6,Romeo,S12_Romeo __ Chelsie Hightower,28.0,0.1504318629002491,2,4,6,0.15555555555555556,0.3059874184558047,1,False
12,7,Chelsea Kane,S12_Chelsea Kane __ Mark Ballas,32.0,0.1784517676607626,3,4,7,0.16976127320954906,0.3482130408703117,1,False
12,7,Hines Ward,S12_Hines Ward __ Kym Johnson,33.0,0.1636768805333136,1,5,6,0.17506631299734748,0.33874319353066107,1,False
12,7,Kendra Wilkinson,S12_Kendra Wilkinson __ Louis van Amstel,30.5,0.0996400164937177,4,6,10,0.16180371352785147,0.2614437300215692,1,False
12,7,Kirstie Alley,S12_Kirstie Alley __ Maksim Chmerkoskiy,30.0,0.1921602641255166,5,1,6,0.15915119363395225,0.3513114577594688,1,False
12,7,Ralph Macchio,S12_Ralph Macchio __ Karina Smirnoff,33.0,0.1841859772966684,2,2,4,0.17506631299734748,0.3592522902940159,1,False
12,7,Romeo,S12_Romeo __ Chelsie Hightower,30.0,0.181885093890021,6,3,9,0.15915119363395225,0.34103628752397325,1,False
12,8,Chelsea Kane,S12_Chelsea Kane __ Mark Ballas,27.5,0.2158485953767166,1,3,4,0.21153846153846154,0.42738705691517814,1,False
12,8,Hines Ward,S12_Hines Ward __ Kym Johnson,27.0,0.2055564709720202,2,4,6,0.2076923076923077,0.4132487786643279,1,False
12,8,Kirstie Alley,S12_Kirstie Alley __ Maksim Chmerkoskiy,26.5,0.2236654014918339,3,2,5,0.20384615384615384,0.42751155533798774,1,False
12,8,Ralph Macchio,S12_Ralph Macchio __ Karina Smirnoff,23.0,0.2292558317411685,5,1,6,0.17692307692307693,0.40617890866424544,1,False
12,8,Romeo,S12_Romeo __ Chelsie Hightower,26.0,0.1256737004182603,4,5,9,0.2,0.32567370041826027,1,False
12,9,Chelsea Kane,S12_Chelsea Kane __ Mark Ballas,36.5,0.2529976679232801,1,3,4,0.31063829787234043,0.5636359657956205,1,False
12,9,Hines Ward,S12_Hines Ward __ Kym Johnson,30.0,0.2610330617016506,2,2,4,0.2553191489361702,0.5163522106378208,1,False
12,9,Kirstie Alley,S12_Kirstie Alley __ Maksim Chmerkoskiy,27.0,0.2843564694121438,3,1,4,0.2297872340425532,0.514143703454697,1,False
12,9,Ralph Macchio,S12_Ralph Macchio __ Karina Smirnoff,24.0,0.2016128009629255,4,4,8,0.20425531914893616,0.4058681201118617,1,False
13,2,Carson Kressley,S13_Carson Kressley __ Anna Trebunskaya,18.0,0.1011370668163549,9,3,12,0.08071748878923767,0.18185455560559255,1,False
13,2,Chaz Bono,S13_Chaz Bono __ Lacey Schwimmer,17.0,0.1044457799438096,11,2,13,0.07623318385650224,0.18067896380031184,1,False
13,2,Chynna Phillips,S13_Chynna Phillips __ Tony Dovolani,21.0,0.0913558749173023,4,8,12,0.09417040358744394,0.18552627850474623,1,False
13,2,David Arquette,S13_David Arquette __ Kym Johnson,18.0,0.1054138101416326,10,1,11,0.08071748878923767,0.18613129893087027,1,False
13,2,Elisabetta Canalis,S13_Elisabetta Canalis __ Valentin Chmerkovskiy,21.0,0.0303655609639249,5,11,16,0.09417040358744394,0.12453596455136884,1,False
13,2,Hope Solo,S13_Hope Solo __ Maksim Chmerkoskiy,19.0,0.095350858947661,8,6,14,0.08520179372197309,0.1805526526696341,1,False
13,2,J.R. Martinez,S13_J.R. Martinez __ Karina Smirnoff,22.0,0.095254163189687,2,7,9,0.09865470852017937,0.19390887170986637,1,False
13,2,Kristin Cavallari,S13_Kristin Cavallari __ Mark Ballas,22.0,0.0908040229195395,3,9,12,0.09865470852017937,0.18945873143971886,1,False
13,2,Nancy Grace,S13_Nancy Grace __ Tristan MacManus,21.0,0.0997404730730315,6,4,10,0.09417040358744394,0.19391087666047543,1,False
13,2,Ricki Lake,S13_Ricki Lake __ Derek Hough,23.0,0.089156708219313,1,10,11,0.1031390134529148,0.1922957216722278,1,False
13,2,Rob Kardashian,S13_Rob Kardashian __ Cheryl Burke,21.0,0.0969756808677429,7,5,12,0.09417040358744394,0.19114608445518683,1,False
13,3,Carson Kressley,S13_Carson Kressley __ Anna Trebunskaya,23.0,0.1117034500838344,8,3,11,0.0970464135021097,0.2087498635859441,1,False
13,3,Chaz Bono,S13_Chaz Bono __ Lacey Schwimmer,18.0,0.1221463944026923,10,1,11,0.0759493670886076,0.1980957614912999,1,False
13,3,Chynna Phillips,S13_Chynna Phillips __ Tony Dovolani,26.0,0.0977890579154485,2,8,10,0.10970464135021098,0.20749369926565947,1,False
13,3,David Arquette,S13_David Arquette __ Kym Johnson,24.0,0.1117714846704525,4,2,6,0.10126582278481013,0.21303730745526261,1,False
13,3,Hope Solo,S13_Hope Solo __ Maksim Chmerkoskiy,24.0,0.1035324538240606,5,6,11,0.10126582278481013,0.20479827660887073,1,False
13,3,J.R. Martinez,S13_J.R. Martinez __ Karina Smirnoff,26.0,0.1015960924371079,3,7,10,0.10970464135021098,0.2113007337873189,1,False
13,3,Kristin Cavallari,S13_Kristin Cavallari __ Mark Ballas,24.0,0.0366164154118668,6,10,16,0.10126582278481013,0.13788223819667692,1,False
13,3,Nancy Grace,S13_Nancy Grace __ Tristan MacManus,21.0,0.1108562944978918,9,4,13,0.08860759493670886,0.19946388943460067,1,False
13,3,Ricki Lake,S13_Ricki Lake __ Derek Hough,27.0,0.0951023893558659,1,9,10,0.11392405063291139,0.2090264399887773,1,False
13,3,Rob Kardashian,S13_Rob Kardashian __ Cheryl Burke,24.0,0.108885967400779,7,5,12,0.10126582278481013,0.2101517901855891,1,False
13,4,Carson Kressley,S13_Carson Kressley __ Anna Trebunskaya,20.0,0.1253279830876311,9,3,12,0.09569377990430622,0.22102176299193732,1,False
13,4,Chaz Bono,S13_Chaz Bono __ Lacey Schwimmer,21.0,0.1317061042286342,6,1,7,0.10047846889952153,0.23218457312815574,1,False
13,4,Chynna Phillips,S13_Chynna Phillips __ Tony Dovolani,21.0,0.049946558036274,7,9,16,0.10047846889952153,0.1504250269357955,1,False
13,4,David Arquette,S13_David Arquette __ Kym Johnson,23.0,0.1246691686980082,5,4,9,0.11004784688995216,0.23471701558796038,1,False
13,4,Hope Solo,S13_Hope Solo __ Maksim Chmerkoskiy,24.0,0.1132536341790789,3,6,9,0.11483253588516747,0.22808617006424636,1,False
13,4,J.R. Martinez,S13_J.R. Martinez __ Karina Smirnoff,26.0,0.1116620521182874,2,7,9,0.12440191387559808,0.2360639659938855,1,False
13,4,Nancy Grace,S13_Nancy Grace __ Tristan MacManus,21.0,0.1267204804849454,8,2,10,0.10047846889952153,0.22719894938446694,1,False
13,4,Ricki Lake,S13_Ricki Lake __ Derek Hough,29.0,0.1019655200759495,1,8,9,0.13875598086124402,0.24072150093719352,1,False
13,4,Rob Kardashian,S13_Rob Kardashian __ Cheryl Burke,24.0,0.1147484990911913,4,5,9,0.11483253588516747,0.22958103497635876,1,False
13,5,Carson Kressley,S13_Carson Kressley __ Anna Trebunskaya,19.0,0.0734639754406475,8,8,16,0.10106382978723404,0.17452780522788153,1,False
13,5,Chaz Bono,S13_Chaz Bono __ Lacey Schwimmer,21.0,0.1472748823510632,7,1,8,0.11170212765957446,0.25897701001063766,1,False
13,5,David Arquette,S13_David Arquette __ Kym Johnson,25.0,0.1383893157778404,2,3,5,0.13297872340425532,0.27136803918209573,1,False
13,5,Hope Solo,S13_Hope Solo __ Maksim Chmerkoskiy,24.0,0.12721381967269,4,5,9,0.1276595744680851,0.2548733941407751,1,False
13,5,J.R. Martinez,S13_J.R. Martinez __ Karina Smirnoff,28.0,0.1207948659334857,1,6,7,0.14893617021276595,0.26973103614625166,1,False
13,5,Nancy Grace,S13_Nancy Grace __ Tristan MacManus,22.0,0.1447451399766223,6,2,8,0.11702127659574468,0.261766416572367,1,False
13,5,Ricki Lake,S13_Ricki Lake __ Derek Hough,24.0,0.119476342376808,5,7,12,0.1276595744680851,0.2471359168448931,1,False
13,5,Rob Kardashian,S13_Rob Kardashian __ Cheryl Burke,25.0,0.1286416584708429,3,4,7,0.13297872340425532,0.26162038187509823,1,False
13,6,Chaz Bono,S13_Chaz Bono __ Lacey Schwimmer,19.0,0.0928336898944846,7,7,14,0.1144578313253012,0.20729152121978578,1,False
13,6,David Arquette,S13_David Arquette __ Kym Johnson,23.0,0.1614882339152454,4,2,6,0.13855421686746988,0.3000424507827153,1,False
13,6,Hope Solo,S13_Hope Solo __ Maksim Chmerkoskiy,20.0,0.1589313851931544,6,3,9,0.12048192771084337,0.27941331290399773,1,False
13,6,J.R. Martinez,S13_J.R. Martinez __ Karina Smirnoff,29.0,0.1364057887822957,1,5,6,0.1746987951807229,0.3111045839630186,1,False
13,6,Nancy Grace,S13_Nancy Grace __ Tristan MacManus,24.0,0.1634908536861488,3,1,4,0.14457831325301204,0.30806916693916087,1,False
13,6,Ricki Lake,S13_Ricki Lake __ Derek Hough,29.0,0.1344282769112272,2,6,8,0.1746987951807229,0.3091270720919501,1,False
13,6,Rob Kardashian,S13_Rob Kardashian __ Cheryl Burke,22.0,0.1524217716174434,5,4,9,0.13253012048192772,0.2849518920993711,1,False
13,7,David Arquette,S13_David Arquette __ Kym Johnson,23.5,0.100503590181843,5,6,11,0.16040955631399317,0.2609131464958362,1,False
13,7,Hope Solo,S13_Hope Solo __ Maksim Chmerkoskiy,25.0,0.1889936697364877,3,2,5,0.17064846416382254,0.35964213390031025,1,False
13,7,J.R. Martinez,S13_J.R. Martinez __ Karina Smirnoff,24.0,0.1724995872351547,4,4,8,0.16382252559726962,0.3363221128324243,1,False
13,7,Nancy Grace,S13_Nancy Grace __ Tristan MacManus,22.0,0.2010088861455312,6,1,7,0.15017064846416384,0.35117953460969503,1,False
13,7,Ricki Lake,S13_Ricki Lake __ Derek Hough,26.5,0.1602564949901994,1,5,6,0.18088737201365188,0.34114386700385124,1,False
13,7,Rob Kardashian,S13_Rob Kardashian __ Cheryl Burke,25.5,0.1767377717107841,2,3,5,0.17406143344709898,0.3507992051578831,1,False
13,8,Hope Solo,S13_Hope Solo __ Maksim Chmerkoskiy,26.0,0.2260928021833896,2,1,3,0.20077220077220076,0.4268650029555904,1,False
13,8,J.R. Martinez,S13_J.R. Martinez __ Karina Smirnoff,30.0,0.2016498539829226,1,3,4,0.23166023166023167,0.43331008564315426,1,False
13,8,Nancy Grace,S13_Nancy Grace __ Tristan MacManus,22.0,0.1515929823515941,5,5,10,0.16988416988416988,0.321477152235764,1,False
13,8,Ricki Lake,S13_Ricki Lake __ Derek Hough,26.0,0.2004493227456583,3,4,7,0.20077220077220076,0.40122152351785906,1,False
13,8,Rob Kardashian,S13_Rob Kardashian __ Cheryl Burke,25.5,0.2202150387364351,4,2,6,0.1969111969111969,0.417126235647632,1,False
13,9,Hope Solo,S13_Hope Solo __ Maksim Chmerkoskiy,24.4998,0.2087490204470331,4,4,8,0.20675023945248716,0.4154992598995203,1,False
13,9,J.R. Martinez,S13_J.R. Martinez __ Karina Smirnoff,28.0,0.2704065409175943,3,1,4,0.23628791682665332,0.5066944577442476,1,False
13,9,Ricki Lake,S13_Ricki Lake __ Derek Hough,33.4999,0.2505982653463837,1,3,4,0.28270077088932866,0.5332990362357124,1,False
13,9,Rob Kardashian,S13_Rob Kardashian __ Cheryl Burke,32.4998,0.2702461732889888,2,2,4,0.27426107283153095,0.5445072461205198,1,False
14,3,Donald Driver,S14_Donald Driver __ Peta Murgatroyd,26.0,0.0975124106001619,4,4,8,0.09285714285714286,0.19036955345730477,1,False
14,3,Gavin DeGraw,S14_Gavin DeGraw __ Karina Smirnoff,24.0,0.1005035263713697,7,2,9,0.08571428571428572,0.1862178120856554,1,False
14,3,Gladys Knight,S14_Gladys Knight __ Tristan MacManus,24.0,0.1072225628465148,8,1,9,0.08571428571428572,0.1929368485608005,1,False
14,3,Jack Wagner,S14_Jack Wagner __ Anna Trebunskaya,24.0,0.0333672445561436,9,11,20,0.08571428571428572,0.11908153027042931,1,False
14,3,Jaleel White,S14_Jaleel White __ Kym Johnson,25.0,0.0943464525045887,5,8,13,0.08928571428571429,0.18363216679030298,1,False
14,3,Katherine Jenkins,S14_Katherine Jenkins __ Mark Ballas,29.0,0.0885158629805749,1,10,11,0.10357142857142858,0.1920872915520035,1,False
14,3,Maria Menounos,S14_Maria Menounos __ Derek Hough,27.0,0.0939538698173065,3,9,12,0.09642857142857143,0.19038244124587794,1,False
14,3,Melissa Gilbert,S14_Melissa Gilbert __ Maksim Chmerkoskiy,24.0,0.0962300832720498,10,5,15,0.08571428571428572,0.1819443689863355,1,False
14,3,Roshon Fegan,S14_Roshon Fegan __ Chelsie Hightower,25.0,0.098793469307054,6,3,9,0.08928571428571429,0.1880791835927683,1,False
14,3,Sherri Sheperd,S14_Sherri Sheperd __ Valentin Chmerkovskiy,24.0,0.0945697324056555,11,7,18,0.08571428571428572,0.18028401811994121,1,False
14,3,William Levy,S14_William Levy __ Cheryl Burke,28.0,0.0949847853385803,2,6,8,0.1,0.19498478533858032,1,False
14,4,Donald Driver,S14_Donald Driver __ Peta Murgatroyd,27.0,0.1046432274009384,1,7,8,0.11587982832618025,0.22052305572711867,1,False
14,4,Gavin DeGraw,S14_Gavin DeGraw __ Karina Smirnoff,23.0,0.1068876834090199,5,2,7,0.09871244635193133,0.2056001297609512,1,False
14,4,Gladys Knight,S14_Gladys Knight __ Tristan MacManus,20.0,0.121733987548706,10,1,11,0.08583690987124463,0.20757089741995063,1,False
14,4,Jaleel White,S14_Jaleel White __ Kym Johnson,22.0,0.1048124661722673,6,6,12,0.0944206008583691,0.19923306703063642,1,False
14,4,Katherine Jenkins,S14_Katherine Jenkins __ Mark Ballas,24.0,0.0990740677378314,4,9,13,0.10300429184549356,0.20207835958332496,1,False
14,4,Maria Menounos,S14_Maria Menounos __ Derek Hough,26.0,0.1040952064847497,2,8,10,0.11158798283261803,0.21568318931736774,1,False
14,4,Melissa Gilbert,S14_Melissa Gilbert __ Maksim Chmerkoskiy,22.0,0.1053312082797882,7,3,10,0.0944206008583691,0.19975180913815732,1,False
14,4,Roshon Fegan,S14_Roshon Fegan __ Chelsie Hightower,26.0,0.105305372828354,3,4,7,0.11158798283261803,0.21689335566097204,1,False
14,4,Sherri Sheperd,S14_Sherri Sheperd __ Valentin Chmerkovskiy,21.0,0.0430903083290734,9,10,19,0.09012875536480687,0.13321906369388026,1,False
14,4,William Levy,S14_William Levy __ Cheryl Burke,22.0,0.1050264718092714,8,5,13,0.0944206008583691,0.1994470726676405,1,False
14,5,Donald Driver,S14_Donald Driver __ Peta Murgatroyd,27.0,0.1131658818167744,3,7,10,0.12053571428571429,0.2337015961024887,1,False
14,5,Gavin DeGraw,S14_Gavin DeGraw __ Karina Smirnoff,19.0,0.0629933921530174,9,9,18,0.08482142857142858,0.14781482072444596,1,False
14,5,Gladys Knight,S14_Gladys Knight __ Tristan MacManus,22.0,0.1337436246465151,7,1,8,0.09821428571428571,0.23195791036080082,1,False
14,5,Jaleel White,S14_Jaleel White __ Kym Johnson,24.0,0.1175916299148488,6,3,9,0.10714285714285714,0.22473448705770593,1,False
14,5,Katherine Jenkins,S14_Katherine Jenkins __ Mark Ballas,29.0,0.1076941446036392,1,8,9,0.12946428571428573,0.23715843031792494,1,False
14,5,Maria Menounos,S14_Maria Menounos __ Derek Hough,27.0,0.1140943342685045,4,6,10,0.12053571428571429,0.2346300485542188,1,False
14,5,Melissa Gilbert,S14_Melissa Gilbert __ Maksim Chmerkoskiy,21.0,0.1183671317975473,8,2,10,0.09375,0.21211713179754732,1,False
14,5,Roshon Fegan,S14_Roshon Fegan __ Chelsie Hightower,26.0,0.1147602582269253,5,5,10,0.11607142857142858,0.23083168679835386,1,False
14,5,William Levy,S14_William Levy __ Cheryl Burke,29.0,0.1175896025722278,2,4,6,0.12946428571428573,0.24705388828651353,1,False
14,6,Donald Driver,S14_Donald Driver __ Peta Murgatroyd,33.9999,0.1273334092307415,4,6,10,0.13178291569008135,0.2591163249208228,1,False
14,6,Gladys Knight,S14_Gladys Knight __ Tristan MacManus,24.0,0.0788012678975012,8,8,16,0.09302350820331685,0.17182477610081806,1,False
14,6,Jaleel White,S14_Jaleel White __ Kym Johnson,36.9998,0.1331542959324443,2,4,6,0.1434104666175451,0.2765647625499894,1,False
14,6,Katherine Jenkins,S14_Katherine Jenkins __ Mark Ballas,38.9999,0.1221827883903641,1,7,8,0.15116281323243902,0.27334560162280314,1,False
14,6,Maria Menounos,S14_Maria Menounos __ Derek Hough,29.9999,0.1316041834222845,6,5,11,0.11627899765619522,0.24788318107847973,1,False
14,6,Melissa Gilbert,S14_Melissa Gilbert __ Maksim Chmerkoskiy,30.0,0.1376338413016281,5,1,6,0.11627938525414606,0.25391322655577414,1,False
14,6,Roshon Fegan,S14_Roshon Fegan __ Chelsie Hightower,27.9998,0.134701493476504,7,2,9,0.1085266510413013,0.2432281445178053,1,False
14,6,William Levy,S14_William Levy __ Cheryl Burke,36.0,0.1345887203485318,3,3,6,0.13953526230497526,0.27412398265350707,1,False
14,7,Donald Driver,S14_Donald Driver __ Peta Murgatroyd,26.5,0.1506357894145072,3,5,8,0.1444141689373297,0.2950499583518369,1,False
14,7,Jaleel White,S14_Jaleel White __ Kym Johnson,25.5,0.0768275188600984,6,7,13,0.13896457765667575,0.21579209651677417,1,False
14,7,Katherine Jenkins,S14_Katherine Jenkins __ Mark Ballas,27.0,0.1475421180189498,2,6,8,0.14713896457765668,0.2946810825966065,1,False
14,7,Maria Menounos,S14_Maria Menounos __ Derek Hough,28.5,0.1512864198675057,1,4,5,0.1553133514986376,0.3065997713661433,1,False
14,7,Melissa Gilbert,S14_Melissa Gilbert __ Maksim Chmerkoskiy,23.5,0.1641041272902563,7,1,8,0.12806539509536785,0.29216952238562416,1,False
14,7,Roshon Fegan,S14_Roshon Fegan __ Chelsie Hightower,26.0,0.1534697411616053,5,3,8,0.14168937329700274,0.29515911445860804,1,False
14,7,William Levy,S14_William Levy __ Cheryl Burke,26.5,0.1561342853870765,4,2,6,0.1444141689373297,0.3005484543244062,1,False
14,8,Donald Driver,S14_Donald Driver __ Peta Murgatroyd,27.5,0.1939307954322636,3,2,5,0.16819571865443425,0.3621265140866978,1,False
14,8,Katherine Jenkins,S14_Katherine Jenkins __ Mark Ballas,27.5,0.1933520965732141,4,3,7,0.16819571865443425,0.36154781522764834,1,False
14,8,Maria Menounos,S14_Maria Menounos __ Derek Hough,26.5,0.1965641736297027,5,1,6,0.1620795107033639,0.3586436843330666,1,False
14,8,Melissa Gilbert,S14_Melissa Gilbert __ Maksim Chmerkoskiy,25.5,0.1183013625059802,6,5,11,0.1559633027522936,0.27426466525827375,1,False
14,8,Roshon Fegan,S14_Roshon Fegan __ Chelsie Hightower,28.0,0.1069626850420754,2,6,8,0.1712538226299694,0.2782165076720448,1,False
14,8,William Levy,S14_William Levy __ Cheryl Burke,28.5,0.1908888868167637,1,4,5,0.1743119266055046,0.3652008134222683,1,False
14,9,Donald Driver,S14_Donald Driver __ Peta Murgatroyd,28.5,0.2781371424638132,3,1,4,0.24782608695652175,0.5259632294203349,2,False
14,9,Katherine Jenkins,S14_Katherine Jenkins __ Mark Ballas,28.0,0.2775428935319435,4,2,6,0.24347826086956523,0.5210211544015088,2,False
14,9,Maria Menounos,S14_Maria Menounos __ Derek Hough,29.5,0.1730411368699618,1,4,5,0.2565217391304348,0.4295628760003966,2,False
14,9,William Levy,S14_William Levy __ Cheryl Burke,29.0,0.2712788271342811,2,3,5,0.25217391304347825,0.5234527401777593,2,False
15,2,Apolo Anton Ohno,S15_Apolo Anton Ohno __ Karina Smirnoff,24.5,0.0881205725491281,4,7,11,0.08876811594202899,0.17688868849115708,1,False
15,2,Bristol Palin,S15_Bristol Palin __ Mark Ballas,18.0,0.0977414266765514,12,1,13,0.06521739130434782,0.16295881798089923,1,False
15,2,Drew Lachey,S15_Drew Lachey __ Anna Trebunskaya,22.5,0.0894954255771199,7,5,12,0.08152173913043478,0.17101716470755468,1,False
15,2,Emmitt Smith,S15_Emmitt Smith __ Cheryl Burke,22.5,0.0903109036371431,8,4,12,0.08152173913043478,0.17183264276757787,1,False
15,2,Gilles Marini,S15_Gilles Marini __ Peta Murgatroyd,25.5,0.0813379029228003,2,11,13,0.09239130434782608,0.17372920727062638,1,False
15,2,Helio Castroneves,S15_Helio Castroneves __ Chelsie Hightower,23.0,0.0888927952562207,6,6,12,0.08333333333333333,0.17222612858955402,1,False
15,2,Joey Fatone,S15_Joey Fatone __ Kym Johnson,22.5,0.0277817849329353,9,12,21,0.08152173913043478,0.10930352406337009,1,False
15,2,Kelly Monaco,S15_Kelly Monaco __ Valentin Chmerkovskiy,22.0,0.0907343011636266,10,3,13,0.07971014492753623,0.17044444609116283,1,False
15,2,Kirstie Alley,S15_Kirstie Alley __ Maksim Chmerkoskiy,21.0,0.0914143245451097,11,2,13,0.07608695652173914,0.16750128106684883,1,False
15,2,Melissa Rycroft,S15_Melissa Rycroft __ Tony Dovolani,23.5,0.0859525047821293,5,8,13,0.08514492753623189,0.1710974323183612,1,False
15,2,Sabrina Bryan,S15_Sabrina Bryan __ Louis van Amstel,26.0,0.0843631371999798,1,9,10,0.09420289855072464,0.17856603575070445,1,False
15,2,Shawn Johnson,S15_Shawn Johnson __ Derek Hough,25.0,0.0838549207572554,3,10,13,0.09057971014492754,0.17443463090218292,1,False
15,3,Apolo Anton Ohno,S15_Apolo Anton Ohno __ Karina Smirnoff,25.5,0.1033815028057119,4,4,8,0.09172661870503597,0.19510812151074786,1,False
15,3,Bristol Palin,S15_Bristol Palin __ Mark Ballas,22.5,0.1158465287894535,11,1,12,0.08093525179856115,0.19678178058801465,1,False
15,3,Drew Lachey,S15_Drew Lachey __ Anna Trebunskaya,24.0,0.0414097708297175,9,10,19,0.08633093525179857,0.12774070608151605,1,False
15,3,Emmitt Smith,S15_Emmitt Smith __ Cheryl Burke,25.0,0.105065291292173,8,3,11,0.08992805755395683,0.19499334884612984,1,False
15,3,Gilles Marini,S15_Gilles Marini __ Peta Murgatroyd,25.5,0.0968633227171922,5,8,13,0.09172661870503597,0.18858994142222818,1,False
15,3,Helio Castroneves,S15_Helio Castroneves __ Chelsie Hightower,25.5,0.0386450137010112,6,11,17,0.09172661870503597,0.13037163240604716,1,False
15,3,Kelly Monaco,S15_Kelly Monaco __ Valentin Chmerkovskiy,27.0,0.0980962486138625,1,7,8,0.09712230215827339,0.1952185507721359,1,False
15,3,Kirstie Alley,S15_Kirstie Alley __ Maksim Chmerkoskiy,24.0,0.1069410286404572,10,2,12,0.08633093525179857,0.19327196389225576,1,False
15,3,Melissa Rycroft,S15_Melissa Rycroft __ Tony Dovolani,27.0,0.09529610687226,2,9,11,0.09712230215827339,0.1924184090305334,1,False
15,3,Sabrina Bryan,S15_Sabrina Bryan __ Louis van Amstel,25.5,0.0989670609727339,7,6,13,0.09172661870503597,0.19069367967776987,1,False
15,3,Shawn Johnson,S15_Shawn Johnson __ Derek Hough,26.5,0.0994881247654271,3,5,8,0.09532374100719425,0.19481186577262133,1,False
15,4,Apolo Anton Ohno,S15_Apolo Anton Ohno __ Karina Smirnoff,34.5,0.1259252314204416,7,2,9,0.10730948678071539,0.233234718201157,2,False
15,4,Bristol Palin,S15_Bristol Palin __ Mark Ballas,32.0,0.0566218520741152,8,9,17,0.09953343701399689,0.1561552890881121,2,False
15,4,Emmitt Smith,S15_Emmitt Smith __ Cheryl Burke,36.0,0.1238311808935443,5,3,8,0.1119751166407465,0.23580629753429078,2,False
15,4,Gilles Marini,S15_Gilles Marini __ Peta Murgatroyd,39.5,0.1106510707139715,1,8,9,0.12286158631415241,0.2335126570281239,2,False
15,4,Kelly Monaco,S15_Kelly Monaco __ Valentin Chmerkovskiy,37.5,0.1115513211990844,3,6,9,0.1166407465007776,0.228192067699862,2,False
15,4,Kirstie Alley,S15_Kirstie Alley __ Maksim Chmerkoskiy,30.0,0.1296586288623288,9,1,10,0.09331259720062209,0.2229712260629509,2,False
15,4,Melissa Rycroft,S15_Melissa Rycroft __ Tony Dovolani,37.0,0.1122170394372743,4,5,9,0.1150855365474339,0.2273025759847082,2,False
15,4,Sabrina Bryan,S15_Sabrina Bryan __ Louis van Amstel,35.5,0.118119298485108,6,4,10,0.1104199066874028,0.2285392051725108,2,False
15,4,Shawn Johnson,S15_Shawn Johnson __ Derek Hough,39.5,0.1114243769141311,2,7,9,0.12286158631415241,0.2342859632282835,2,False
15,5,Apolo Anton Ohno,S15_Apolo Anton Ohno __ Karina Smirnoff,28.25,0.1343690567232274,2,2,4,0.12710911136107986,0.26147816808430724,1,False
15,5,Emmitt Smith,S15_Emmitt Smith __ Cheryl Burke,28.0,0.1262040754786898,6,4,10,0.12598425196850394,0.25218832744719377,1,False
15,5,Gilles Marini,S15_Gilles Marini __ Peta Murgatroyd,28.25,0.1164937531600136,3,8,11,0.12710911136107986,0.24360286452109348,1,False
15,5,Kelly Monaco,S15_Kelly Monaco __ Valentin Chmerkovskiy,25.75,0.1170813062157132,8,6,14,0.11586051743532058,0.23294182365103377,1,False
15,5,Kirstie Alley,S15_Kirstie Alley __ Maksim Chmerkoskiy,26.25,0.138699422038658,7,1,8,0.11811023622047244,0.25680965825913044,1,False
15,5,Melissa Rycroft,S15_Melissa Rycroft __ Tony Dovolani,28.25,0.1167746999847028,4,7,11,0.12710911136107986,0.24388381134578266,1,False
15,5,Sabrina Bryan,S15_Sabrina Bryan __ Louis van Amstel,29.25,0.1301111423557071,1,3,4,0.13160854893138357,0.26171969128709066,1,False
15,5,Shawn Johnson,S15_Shawn Johnson __ Derek Hough,28.25,0.120266544043288,5,5,10,0.12710911136107986,0.24737565540436784,1,False
15,7,Apolo Anton Ohno,S15_Apolo Anton Ohno __ Karina Smirnoff,33.0,0.1440048056292462,6,3,9,0.1363640308050478,0.280368836434294,1,False
15,7,Emmitt Smith,S15_Emmitt Smith __ Cheryl Burke,34.4999,0.1413753328834372,4,4,8,0.1425619826173051,0.2839373155007423,1,False
15,7,Gilles Marini,S15_Gilles Marini __ Peta Murgatroyd,33.4998,0.1381356463833635,5,6,11,0.1384293260352406,0.2765649724186041,1,False
15,7,Kelly Monaco,S15_Kelly Monaco __ Valentin Chmerkovskiy,36.0,0.1444769793620309,3,2,5,0.14876076087823395,0.29323774024026483,1,False
15,7,Kirstie Alley,S15_Kirstie Alley __ Maksim Chmerkoskiy,27.9999,0.1545529472593756,7,1,8,0.11570240079206842,0.270255348051444,1,False
15,7,Melissa Rycroft,S15_Melissa Rycroft __ Tony Dovolani,38.9999,0.1374126728497469,1,7,8,0.16115707772708435,0.2985697505768312,1,False
15,7,Shawn Johnson,S15_Shawn Johnson __ Derek Hough,37.9998,0.1400416156327996,2,5,7,0.15702442114501985,0.29706603677781945,1,False
15,9,Apolo Anton Ohno,S15_Apolo Anton Ohno __ Karina Smirnoff,28.611,0.1392240378629163,3,5,8,0.20291532535175605,0.3421393632146723,2,False
15,9,Emmitt Smith,S15_Emmitt Smith __ Cheryl Burke,27.0,0.1498997223129602,5,4,9,0.19148976912716834,0.34138949144012853,2,False
15,9,Kelly Monaco,S15_Kelly Monaco __ Valentin Chmerkovskiy,27.111,0.2430963854726427,4,1,5,0.19227700484469115,0.43537339031733385,2,False
15,9,Melissa Rycroft,S15_Melissa Rycroft __ Tony Dovolani,28.7777,0.2332169138548216,2,3,5,0.20409759737077451,0.4373145112255961,2,False
15,9,Shawn Johnson,S15_Shawn Johnson __ Derek Hough,29.5,0.2345629404966591,1,2,3,0.20922030330560984,0.44378324380226897,2,False
16,3,Alexandra Raisman,S16_Alexandra Raisman __ Mark Ballas,23.0,0.0869679254178773,4,9,13,0.09787250701703322,0.18484043243491052,1,False
16,3,Andy Dick,S16_Andy Dick __ Sharna Burgess,18.0,0.1009794016326339,9,3,12,0.07659587505680861,0.1775752766894425,1,False
16,3,D. L. Hughley,S16_D. L. Hughley __ Cheryl Burke,16.0,0.1067158837511746,10,1,11,0.06808522227271877,0.17480110602389337,1,False
16,3,Ingo Rademacher,S16_Ingo Rademacher __ Kym Johnson,21.0,0.0971913228337054,6,4,10,0.08936185423294338,0.18655317706664878,1,False
16,3,Jacoby Jones,S16_Jacoby Jones __ Karina Smirnoff,25.9998,0.0868578569402982,1,10,11,0.11063763512788959,0.19749549206818778,1,False
16,3,Kellie Pickler,S16_Kellie Pickler __ Derek Hough,25.0,0.0882310277364183,3,8,11,0.10638315980112308,0.1946141875375414,1,False
16,3,Lisa Vanderpump,S16_Lisa Vanderpump __ Gleb Savchenko,21.0,0.1027506454964347,7,2,9,0.08936185423294338,0.19211249972937808,1,False
16,3,Sean Lowe,S16_Sean Lowe __ Peta Murgatroyd,21.0,0.0941331108682757,8,6,14,0.08936185423294338,0.18349496510121907,1,False
16,3,Victor Ortiz,S16_Victor Ortiz __ Lindsay Arnold,23.0,0.0971842145408749,5,5,10,0.09787250701703322,0.19505672155790812,1,False
16,3,Wynonna Judd,S16_Wynonna Judd __ Tony Dovolani,15.0,0.0459647154667826,11,11,22,0.06382989588067384,0.10979461134745644,1,False
16,3,Zendaya,S16_Zendaya __ Valentin Chmerkovskiy,25.9998,0.0930238953155239,2,7,9,0.11063763512788959,0.20366153044341348,1,False
16,4,Alexandra Raisman,S16_Alexandra Raisman __ Mark Ballas,27.0,0.092683191704768,1,9,10,0.12053571428571429,0.2132189059904823,1,False
16,4,Andy Dick,S16_Andy Dick __ Sharna Burgess,21.0,0.1131240591893589,6,3,9,0.09375,0.20687405918935892,1,False
16,4,D. L. Hughley,S16_D. L. Hughley __ Cheryl Burke,21.0,0.1205369505810666,7,1,8,0.09375,0.21428695058106662,1,False
16,4,Ingo Rademacher,S16_Ingo Rademacher __ Kym Johnson,23.0,0.1030907053281981,5,5,10,0.10267857142857142,0.20576927675676954,1,False
16,4,Jacoby Jones,S16_Jacoby Jones __ Karina Smirnoff,24.0,0.0958910823790148,4,7,11,0.10714285714285714,0.20303393952187193,1,False
16,4,Kellie Pickler,S16_Kellie Pickler __ Derek Hough,26.0,0.0942479776567677,2,8,10,0.11607142857142858,0.21031940622819628,1,False
16,4,Lisa Vanderpump,S16_Lisa Vanderpump __ Gleb Savchenko,18.0,0.0507220158936687,9,10,19,0.08035714285714286,0.13107915875081155,1,False
16,4,Sean Lowe,S16_Sean Lowe __ Peta Murgatroyd,20.0,0.1125135356517985,8,4,12,0.08928571428571429,0.2017992499375128,1,False
16,4,Victor Ortiz,S16_Victor Ortiz __ Lindsay Arnold,18.0,0.1152095471840629,10,2,12,0.08035714285714286,0.19556669004120575,1,False
16,4,Zendaya,S16_Zendaya __ Valentin Chmerkovskiy,26.0,0.1019809344312955,3,6,9,0.11607142857142858,0.21805236300272407,1,False
16,5,Alexandra Raisman,S16_Alexandra Raisman __ Mark Ballas,25.0,0.1052492786053895,4,7,11,0.11961722488038277,0.22486650348577228,1,False
16,5,Andy Dick,S16_Andy Dick __ Sharna Burgess,18.0,0.1333821132696612,8,1,9,0.0861244019138756,0.2195065151835368,1,False
16,5,D. L. Hughley,S16_D. L. Hughley __ Cheryl Burke,18.0,0.0646270629583036,9,9,18,0.0861244019138756,0.15075146487217922,1,False
16,5,Ingo Rademacher,S16_Ingo Rademacher __ Kym Johnson,21.0,0.1212412718746152,6,4,10,0.10047846889952153,0.22171974077413673,1,False
16,5,Jacoby Jones,S16_Jacoby Jones __ Karina Smirnoff,26.0,0.1052214909858002,3,8,11,0.12440191387559808,0.2296234048613983,1,False
16,5,Kellie Pickler,S16_Kellie Pickler __ Derek Hough,27.0,0.1056106299036749,2,6,8,0.1291866028708134,0.2347972327744883,1,False
16,5,Sean Lowe,S16_Sean Lowe __ Peta Murgatroyd,24.0,0.1222221812866572,5,3,8,0.11483253588516747,0.23705471717182466,1,False
16,5,Victor Ortiz,S16_Victor Ortiz __ Lindsay Arnold,21.0,0.1310138182576302,7,2,9,0.10047846889952153,0.23149228715715173,1,False
16,5,Zendaya,S16_Zendaya __ Valentin Chmerkovskiy,29.0,0.1114321528582681,1,5,6,0.13875598086124402,0.2501881337195121,1,False
16,6,Alexandra Raisman,S16_Alexandra Raisman __ Mark Ballas,26.0,0.1207608494938362,2,7,9,0.13793103448275862,0.2586918839765948,1,False
16,6,Andy Dick,S16_Andy Dick __ Sharna Burgess,21.5,0.1545553831036098,7,1,8,0.11405835543766578,0.26861373854127557,1,False
16,6,Ingo Rademacher,S16_Ingo Rademacher __ Kym Johnson,23.0,0.1386940300915615,4,3,7,0.1220159151193634,0.2607099452109249,1,False
16,6,Jacoby Jones,S16_Jacoby Jones __ Karina Smirnoff,22.5,0.1262092469641745,6,4,10,0.11936339522546419,0.24557264218963867,1,False
16,6,Kellie Pickler,S16_Kellie Pickler __ Derek Hough,27.0,0.1220796101049441,1,6,7,0.14323607427055704,0.2653156843755011,1,False
16,6,Sean Lowe,S16_Sean Lowe __ Peta Murgatroyd,23.0,0.140257037137917,5,2,7,0.1220159151193634,0.2622729522572804,1,False
16,6,Victor Ortiz,S16_Victor Ortiz __ Lindsay Arnold,20.0,0.0740009037575496,8,8,16,0.10610079575596817,0.1801016995135178,1,False
16,6,Zendaya,S16_Zendaya __ Valentin Chmerkovskiy,25.5,0.1234429393464068,3,5,8,0.13527851458885942,0.25872145393526624,1,False
16,7,Alexandra Raisman,S16_Alexandra Raisman __ Mark Ballas,32.0,0.1394535161808048,1,6,7,0.17391304347826086,0.3133665596590657,1,False
16,7,Andy Dick,S16_Andy Dick __ Sharna Burgess,17.0,0.1086318163172511,7,7,14,0.09239130434782608,0.2010231206650772,1,False
16,7,Ingo Rademacher,S16_Ingo Rademacher __ Kym Johnson,25.0,0.1599494805495935,5,2,7,0.1358695652173913,0.2958190457669848,1,False
16,7,Jacoby Jones,S16_Jacoby Jones __ Karina Smirnoff,27.0,0.1429637583333903,4,4,8,0.14673913043478262,0.28970288876817296,1,False
16,7,Kellie Pickler,S16_Kellie Pickler __ Derek Hough,29.0,0.1409693909146425,3,5,8,0.15760869565217392,0.2985780865668164,1,False
16,7,Sean Lowe,S16_Sean Lowe __ Peta Murgatroyd,24.0,0.1602197962870576,6,1,7,0.13043478260869565,0.29065457889575325,1,False
16,7,Zendaya,S16_Zendaya __ Valentin Chmerkovskiy,30.0,0.1478122414172599,2,3,5,0.16304347826086957,0.31085571967812947,1,False
16,8,Alexandra Raisman,S16_Alexandra Raisman __ Mark Ballas,28.0,0.1678858034780172,2,5,7,0.18006430868167203,0.34795011215968924,1,False
16,8,Ingo Rademacher,S16_Ingo Rademacher __ Kym Johnson,24.0,0.1923538704324099,5,1,6,0.15434083601286175,0.34669470644527167,1,False
16,8,Jacoby Jones,S16_Jacoby Jones __ Karina Smirnoff,26.0,0.1749668337249094,4,3,7,0.16720257234726688,0.3421694060721763,1,False
16,8,Kellie Pickler,S16_Kellie Pickler __ Derek Hough,27.5,0.1698090607889305,3,4,7,0.17684887459807075,0.34665793538700124,1,False
16,8,Sean Lowe,S16_Sean Lowe __ Peta Murgatroyd,21.0,0.1173751207798545,6,6,12,0.13504823151125403,0.2524233522911085,1,False
16,8,Zendaya,S16_Zendaya __ Valentin Chmerkovskiy,29.0,0.1776093107958777,1,2,3,0.1864951768488746,0.3641044876447523,1,False
16,9,Alexandra Raisman,S16_Alexandra Raisman __ Mark Ballas,29.5,0.2069610330876142,1,4,5,0.20921985815602837,0.41618089124364255,1,False
16,9,Ingo Rademacher,S16_Ingo Rademacher __ Kym Johnson,25.5,0.1406295638054632,5,5,10,0.18085106382978725,0.3214806276352504,1,False
16,9,Jacoby Jones,S16_Jacoby Jones __ Karina Smirnoff,29.5,0.2119457838009363,2,3,5,0.20921985815602837,0.42116564195696465,1,False
16,9,Kellie Pickler,S16_Kellie Pickler __ Derek Hough,29.0,0.2185281295180292,3,2,5,0.20567375886524822,0.42420188838327744,1,False
16,9,Zendaya,S16_Zendaya __ Valentin Chmerkovskiy,27.5,0.2219354897879567,4,1,5,0.1950354609929078,0.41697095078086455,1,False
17,3,Amber Riley,S17_Amber Riley __ Derek Hough,24.0,0.0978931793461102,6,3,9,0.09411764705882353,0.19201082640493372,1,False
17,3,Bill Engvall,S17_Bill Engvall __ Emma Slater,24.0,0.1017958157158669,7,2,9,0.09411764705882353,0.19591346277469043,1,False
17,3,Bill Nye,S17_Bill Nye __ Tyne Stecklein,16.0,0.0486901429002202,10,11,21,0.06274509803921569,0.11143524093943588,1,False
17,3,Brant Daugherty,S17_Brant Daugherty __ Peta Murgatroyd,27.0,0.0927750987755943,1,6,7,0.10588235294117647,0.19865745171677077,1,False
17,3,Christina Milian,S17_Christina Milian __ Mark Ballas,26.0,0.086449405576516,2,10,12,0.10196078431372549,0.1884101898902415,1,False
17,3,Corbin Bleu,S17_Corbin Bleu __ Karina Smirnoff,26.0,0.0914151479853173,3,7,10,0.10196078431372549,0.1933759322990428,1,False
17,3,Elizabeth Berkley Lauren,S17_Elizabeth Berkley Lauren __ Valentin Chmerkovskiy,25.0,0.0913025380282198,4,8,12,0.09803921568627451,0.1893417537144943,1,False
17,3,Jack Osbourne,S17_Jack Osbourne __ Cheryl Burke,22.0,0.097303208632987,9,5,14,0.08627450980392157,0.18357771843690857,1,False
17,3,Leah Remini,S17_Leah Remini __ Tony Dovolani,24.0,0.0891397441393604,8,9,17,0.09411764705882353,0.18325739119818393,1,False
17,3,"Nicole ""Snooki"" Polizzi","S17_Nicole ""Snooki"" Polizzi __ Sasha Farber",25.0,0.0977602310758864,5,4,9,0.09803921568627451,0.1957994467621609,1,False
17,3,Valerie Harper,S17_Valerie Harper __ Tristan MacManus,16.0,0.1054754878239209,11,1,12,0.06274509803921569,0.1682205858631366,1,False
17,4,Amber Riley,S17_Amber Riley __ Derek Hough,27.0,0.1051362365945523,1,5,6,0.11392405063291139,0.21906028722746368,1,False
17,4,Bill Engvall,S17_Bill Engvall __ Emma Slater,21.0,0.112678434772858,8,1,9,0.08860759493670886,0.20128602970956685,1,False
17,4,Brant Daugherty,S17_Brant Daugherty __ Peta Murgatroyd,21.0,0.1101567057089359,9,3,12,0.08860759493670886,0.19876430064564476,1,False
17,4,Christina Milian,S17_Christina Milian __ Mark Ballas,24.0,0.0971768921509654,4,9,13,0.10126582278481013,0.19844271493577553,1,False
17,4,Corbin Bleu,S17_Corbin Bleu __ Karina Smirnoff,27.0,0.1011484541050418,2,7,9,0.11392405063291139,0.2150725047379532,1,False
17,4,Elizabeth Berkley Lauren,S17_Elizabeth Berkley Lauren __ Valentin Chmerkovskiy,27.0,0.1039582084320587,3,6,9,0.11392405063291139,0.2178822590649701,1,False
17,4,Jack Osbourne,S17_Jack Osbourne __ Cheryl Burke,24.0,0.1104121867015975,5,2,7,0.10126582278481013,0.21167800948640764,1,False
17,4,Leah Remini,S17_Leah Remini __ Tony Dovolani,24.0,0.0999170051757238,6,8,14,0.10126582278481013,0.20118282796053394,1,False
17,4,"Nicole ""Snooki"" Polizzi","S17_Nicole ""Snooki"" Polizzi __ Sasha Farber",24.0,0.1065789416554388,7,4,11,0.10126582278481013,0.2078447644402489,1,False
17,4,Valerie Harper,S17_Valerie Harper __ Tristan MacManus,18.0,0.0528369347028275,10,10,20,0.0759493670886076,0.1287863017914351,1,False
17,5,Amber Riley,S17_Amber Riley __ Derek Hough,26.0,0.1195345198565398,6,4,10,0.11063829787234042,0.2301728177288802,1,False
17,5,Bill Engvall,S17_Bill Engvall __ Emma Slater,24.0,0.1326329725568626,8,1,9,0.10212765957446808,0.2347606321313307,1,False
17,5,Brant Daugherty,S17_Brant Daugherty __ Peta Murgatroyd,27.0,0.1212039542486386,3,3,6,0.1148936170212766,0.2360975712699152,1,False
17,5,Christina Milian,S17_Christina Milian __ Mark Ballas,28.0,0.040605381346518,1,9,10,0.11914893617021277,0.15975431751673078,1,False
17,5,Corbin Bleu,S17_Corbin Bleu __ Karina Smirnoff,28.0,0.1118503052435706,2,8,10,0.11914893617021277,0.23099924141378336,1,False
17,5,Elizabeth Berkley Lauren,S17_Elizabeth Berkley Lauren __ Valentin Chmerkovskiy,26.0,0.1154741118337316,7,6,13,0.11063829787234042,0.22611240970607202,1,False
17,5,Jack Osbourne,S17_Jack Osbourne __ Cheryl Burke,27.0,0.1191500347259002,4,5,9,0.1148936170212766,0.23404365174717678,1,False
17,5,Leah Remini,S17_Leah Remini __ Tony Dovolani,22.0,0.1258371490157875,9,2,11,0.09361702127659574,0.21945417029238323,1,False
17,5,"Nicole ""Snooki"" Polizzi","S17_Nicole ""Snooki"" Polizzi __ Sasha Farber",27.0,0.1137115711724509,5,7,12,0.1148936170212766,0.2286051881937275,1,False
17,6,Amber Riley,S17_Amber Riley __ Derek Hough,31.9999,0.1260084833776524,1,4,5,0.138528185378997,0.2645366687566494,1,False
17,6,Bill Engvall,S17_Bill Engvall __ Emma Slater,23.9999,0.1352600088686976,8,1,9,0.10389603080876472,0.23915603967746232,1,False
17,6,Brant Daugherty,S17_Brant Daugherty __ Peta Murgatroyd,31.0,0.1279105513943681,3,3,6,0.13419959895965008,0.2621101503540182,1,False
17,6,Corbin Bleu,S17_Corbin Bleu __ Karina Smirnoff,26.9999,0.1172583381705506,6,7,13,0.11688308877260183,0.23414142694315243,1,False
17,6,Elizabeth Berkley Lauren,S17_Elizabeth Berkley Lauren __ Valentin Chmerkovskiy,31.9998,0.1191860382134252,2,6,8,0.13852775247706486,0.25771379069049005,1,False
17,6,Jack Osbourne,S17_Jack Osbourne __ Cheryl Burke,26.9998,0.1242262477766869,7,5,12,0.11688265587066969,0.2411089036473566,1,False
17,6,Leah Remini,S17_Leah Remini __ Tony Dovolani,27.9999,0.1333470371487446,5,2,7,0.12121210809388086,0.25455914524262546,1,False
17,6,"Nicole ""Snooki"" Polizzi","S17_Nicole ""Snooki"" Polizzi __ Sasha Farber",30.0,0.1168032950498742,4,8,12,0.12987057963837106,0.24667387468824525,1,False
17,8,Amber Riley,S17_Amber Riley __ Derek Hough,28.0,0.1500425816988999,3,4,7,0.14583333333333334,0.2958759150322332,1,False
17,8,Bill Engvall,S17_Bill Engvall __ Emma Slater,24.0,0.1777887746174876,7,1,8,0.125,0.3027887746174876,1,False
17,8,Brant Daugherty,S17_Brant Daugherty __ Peta Murgatroyd,27.0,0.0751801208487947,5,7,12,0.140625,0.21580512084879472,1,False
17,8,Corbin Bleu,S17_Corbin Bleu __ Karina Smirnoff,30.0,0.1401426836205081,1,6,7,0.15625,0.2963926836205081,1,False
17,8,Elizabeth Berkley Lauren,S17_Elizabeth Berkley Lauren __ Valentin Chmerkovskiy,25.0,0.1556821747403937,6,3,9,0.13020833333333334,0.28589050807372707,1,False
17,8,Jack Osbourne,S17_Jack Osbourne __ Cheryl Burke,30.0,0.1446354860982144,2,5,7,0.15625,0.3008854860982144,1,False
17,8,Leah Remini,S17_Leah Remini __ Tony Dovolani,28.0,0.1565281783757014,4,2,6,0.14583333333333334,0.30236151170903475,1,False
17,9,Amber Riley,S17_Amber Riley __ Derek Hough,25.5,0.1820277610480412,5,2,7,0.1619047619047619,0.3439325229528031,1,False
17,9,Bill Engvall,S17_Bill Engvall __ Emma Slater,21.0,0.2120739175979013,6,1,7,0.13333333333333333,0.34540725093123464,1,False
17,9,Corbin Bleu,S17_Corbin Bleu __ Karina Smirnoff,29.0,0.1667380545003076,1,5,6,0.18412698412698414,0.35086503862729174,1,False
17,9,Elizabeth Berkley Lauren,S17_Elizabeth Berkley Lauren __ Valentin Chmerkovskiy,28.0,0.0880478339697656,2,6,8,0.17777777777777778,0.2658256117475434,1,False
17,9,Jack Osbourne,S17_Jack Osbourne __ Cheryl Burke,27.0,0.1691861857002462,3,4,7,0.17142857142857143,0.3406147571288176,1,False
17,9,Leah Remini,S17_Leah Remini __ Tony Dovolani,27.0,0.1819262471837378,4,3,7,0.17142857142857143,0.3533548186123092,1,False
17,10,Amber Riley,S17_Amber Riley __ Derek Hough,39.5,0.2101118841674984,1,2,3,0.2257142857142857,0.43582616988178413,1,False
17,10,Bill Engvall,S17_Bill Engvall __ Emma Slater,30.0,0.2537695491797706,5,1,6,0.17142857142857143,0.42519812060834206,1,False
17,10,Corbin Bleu,S17_Corbin Bleu __ Karina Smirnoff,37.5,0.1976431701998732,2,4,6,0.21428571428571427,0.4119288844855875,1,False
17,10,Jack Osbourne,S17_Jack Osbourne __ Cheryl Burke,35.5,0.2063050580236166,3,3,6,0.20285714285714285,0.40916220088075944,1,False
17,10,Leah Remini,S17_Leah Remini __ Tony Dovolani,32.5,0.1321703384292408,4,5,9,0.18571428571428572,0.31788462414352653,1,False
18,2,Amy Purdy,S18_Amy Purdy __ Derek Hough,24.0,0.0978792001803861,4,7,11,0.09836065573770492,0.196239855918091,1,False
18,2,Billy Dee Williams,S18_Billy Dee Williams __ Emma Slater,15.0,0.0559857205793519,11,10,21,0.06147540983606557,0.11746113041541748,1,False
18,2,Candace Cameron Bure,S18_Candace Cameron Bure __ Mark Ballas,21.0,0.1050097612409537,7,2,9,0.0860655737704918,0.1910753350114455,1,False
18,2,Charlie White,S18_Charlie White __ Sharna Burgess,25.0,0.0992756485790279,1,6,7,0.10245901639344263,0.20173466497247053,1,False
18,2,Cody Simpson,S18_Cody Simpson __ Witney Carson,22.0,0.1044394643782911,6,4,10,0.09016393442622951,0.1946033988045206,1,False
18,2,Danica McKellar,S18_Danica McKellar __ Valentin Chmerkovskiy,24.0,0.0937686916114383,5,9,14,0.09836065573770492,0.19212934734914322,1,False
18,2,Drew Carey,S18_Drew Carey __ Cheryl Burke,21.0,0.1051448695220433,8,1,9,0.0860655737704918,0.19121044329253511,1,False
18,2,James Maslow,S18_James Maslow __ Peta Murgatroyd,25.0,0.0999921271976659,2,5,7,0.10245901639344263,0.20245114359110852,1,False
18,2,Meryl Davis,S18_Meryl Davis __ Maksim Chmerkoskiy,25.0,0.0937689362155174,3,8,11,0.10245901639344263,0.19622795260896003,1,False
18,2,NeNe Leakes,S18_NeNe Leakes __ Tony Dovolani,21.0,0.104564262085334,9,3,12,0.0860655737704918,0.1906298358558258,1,False
18,2,Sean Avery,S18_Sean Avery __ Karina Smirnoff,21.0,0.0401713184099902,10,11,21,0.0860655737704918,0.126236892180482,1,False
18,3,Amy Purdy,S18_Amy Purdy __ Derek Hough,36.0,0.1092534901061772,2,7,9,0.1157556270096463,0.2250091171158235,2,False
18,3,Candace Cameron Bure,S18_Candace Cameron Bure __ Mark Ballas,32.0,0.1154081004181879,7,3,10,0.10289389067524116,0.21830199109342907,2,False
18,3,Charlie White,S18_Charlie White __ Sharna Burgess,36.0,0.1094532735956848,3,6,9,0.1157556270096463,0.2252089006053311,2,False
18,3,Cody Simpson,S18_Cody Simpson __ Witney Carson,35.0,0.1183203230352739,6,1,7,0.11254019292604502,0.2308605159613189,2,False
18,3,Danica McKellar,S18_Danica McKellar __ Valentin Chmerkovskiy,36.0,0.1006017947435391,4,9,13,0.1157556270096463,0.2163574217531854,2,False
18,3,Drew Carey,S18_Drew Carey __ Cheryl Burke,30.0,0.1136771483768447,9,4,13,0.09646302250803858,0.2101401708848833,2,False
18,3,James Maslow,S18_James Maslow __ Peta Murgatroyd,36.0,0.113498397818962,5,5,10,0.1157556270096463,0.2292540248286083,2,False
18,3,Meryl Davis,S18_Meryl Davis __ Maksim Chmerkoskiy,39.0,0.1018257758624271,1,8,9,0.12540192926045016,0.22722770512287727,2,False
18,3,NeNe Leakes,S18_NeNe Leakes __ Tony Dovolani,31.0,0.1179616960429029,8,2,10,0.09967845659163987,0.21764015263454278,2,False
18,6,Amy Purdy,S18_Amy Purdy __ Derek Hough,38.0,0.1281695233195429,2,5,7,0.1347517730496454,0.26292129636918826,1,False
18,6,Candace Cameron Bure,S18_Candace Cameron Bure __ Mark Ballas,32.0,0.1416672384082484,7,2,9,0.11347517730496454,0.25514241571321294,1,False
18,6,Charlie White,S18_Charlie White __ Sharna Burgess,36.0,0.1331019218805747,3,4,7,0.1276595744680851,0.2607614963486598,1,False
18,6,Danica McKellar,S18_Danica McKellar __ Valentin Chmerkovskiy,36.0,0.1219804902437529,4,7,11,0.1276595744680851,0.249640064711838,1,False
18,6,Drew Carey,S18_Drew Carey __ Cheryl Burke,32.0,0.0679304770810332,8,8,16,0.11347517730496454,0.18140565438599773,1,False
18,6,James Maslow,S18_James Maslow __ Peta Murgatroyd,35.0,0.1352386680883159,5,3,8,0.12411347517730496,0.25935214326562084,1,False
18,6,Meryl Davis,S18_Meryl Davis __ Maksim Chmerkoskiy,40.0,0.1281088209739539,1,6,7,0.14184397163120568,0.2699527926051596,1,False
18,6,NeNe Leakes,S18_NeNe Leakes __ Tony Dovolani,33.0,0.1438028600045778,6,1,7,0.11702127659574468,0.26082413660032244,1,False
18,7,Amy Purdy,S18_Amy Purdy __ Derek Hough,37.5,0.1519426394322235,2,4,6,0.1482213438735178,0.3001639833057413,1,False
18,7,Candace Cameron Bure,S18_Candace Cameron Bure __ Mark Ballas,37.0,0.1634690620703144,3,1,4,0.14624505928853754,0.3097141213588519,1,False
18,7,Charlie White,S18_Charlie White __ Sharna Burgess,35.5,0.1538712390355942,5,3,8,0.14031620553359683,0.294187444569191,1,False
18,7,Danica McKellar,S18_Danica McKellar __ Valentin Chmerkovskiy,36.0,0.1466043388738335,4,5,9,0.1422924901185771,0.2888968289924106,1,False
18,7,James Maslow,S18_James Maslow __ Peta Murgatroyd,35.0,0.1558968875218675,6,2,8,0.1383399209486166,0.2942368084704841,1,False
18,7,Meryl Davis,S18_Meryl Davis __ Maksim Chmerkoskiy,39.0,0.1460796154991738,1,6,7,0.1541501976284585,0.3002298131276323,1,False
18,7,NeNe Leakes,S18_NeNe Leakes __ Tony Dovolani,33.0,0.0821362175669926,7,7,14,0.13043478260869565,0.21257100017568825,1,False
18,8,Amy Purdy,S18_Amy Purdy __ Derek Hough,40.0,0.1754904316306839,1,5,6,0.17699115044247787,0.35248158207316177,1,False
18,8,Candace Cameron Bure,S18_Candace Cameron Bure __ Mark Ballas,36.0,0.1888664324303309,4,1,5,0.1592920353982301,0.34815846782856097,1,False
18,8,Charlie White,S18_Charlie White __ Sharna Burgess,40.0,0.1797298510637072,2,3,5,0.17699115044247787,0.3567210015061851,1,False
18,8,Danica McKellar,S18_Danica McKellar __ Valentin Chmerkovskiy,38.0,0.0917598621493926,3,6,9,0.168141592920354,0.2599014550697466,1,False
18,8,James Maslow,S18_James Maslow __ Peta Murgatroyd,36.0,0.1854103785321267,5,2,7,0.1592920353982301,0.3447024139303568,1,False
18,8,Meryl Davis,S18_Meryl Davis __ Maksim Chmerkoskiy,36.0,0.1787430441937586,6,4,10,0.1592920353982301,0.3380350795919887,1,False
18,9,Amy Purdy,S18_Amy Purdy __ Derek Hough,39.0,0.2103692401683582,2,4,6,0.20418848167539266,0.41455772184375084,1,False
18,9,Candace Cameron Bure,S18_Candace Cameron Bure __ Mark Ballas,36.0,0.2312760096107866,5,1,6,0.18848167539267016,0.4197576850034568,1,False
18,9,Charlie White,S18_Charlie White __ Sharna Burgess,38.0,0.1261027966463879,3,5,8,0.19895287958115182,0.3250556762275397,1,False
18,9,James Maslow,S18_James Maslow __ Peta Murgatroyd,38.0,0.2205744365635649,4,2,6,0.19895287958115182,0.4195273161447167,1,False
18,9,Meryl Davis,S18_Meryl Davis __ Maksim Chmerkoskiy,40.0,0.2116775170109018,1,3,4,0.2094240837696335,0.42110160078053527,1,False
19,2,Alfonso Ribeiro,S19_Alfonso Ribeiro __ Witney Carson,32.0,0.0810571040988432,4,10,14,0.08839779005524862,0.16945489415409182,1,False
19,2,Antonio Sabato Jr.,S19_Antonio Sabato Jr. __ Cheryl Burke,31.0,0.088801018485018,5,5,10,0.0856353591160221,0.17443637760104008,1,False
19,2,Bethany Mota,S19_Bethany Mota __ Derek Hough,33.0,0.0882715614061995,3,6,9,0.09116022099447514,0.17943178240067464,1,False
19,2,Betsey Johnson,S19_Betsey Johnson __ Tony Dovolani,28.0,0.0946704926343602,8,2,10,0.07734806629834254,0.17201855893270274,1,False
19,2,Janel Parrish,S19_Janel Parrish __ Valentin Chmerkovskiy,34.0,0.0868068968629753,2,8,10,0.09392265193370165,0.18072954879667696,1,False
19,2,Jonathan Bennett,S19_Jonathan Bennett __ Allison Holker,30.0,0.0917406046148862,7,3,10,0.08287292817679558,0.1746135327916818,1,False
19,2,Lea Thompson,S19_Lea Thompson __ Artem Chigvintsev,35.0,0.0805211025560924,1,11,12,0.09668508287292818,0.17720618542902059,1,False
19,2,Michael Waltrip,S19_Michael Waltrip __ Emma Slater,24.0,0.0952107815895272,12,1,13,0.06629834254143646,0.16150912413096366,1,False
19,2,Randy Couture,S19_Randy Couture __ Karina Smirnoff,28.0,0.0851465618557539,9,9,18,0.07734806629834254,0.16249462815409643,1,False
19,2,Sadie Robertson,S19_Sadie Robertson __ Mark Ballas,31.0,0.0880621168621572,6,7,13,0.0856353591160221,0.1736974759781793,1,False
19,2,Tavis Smiley,S19_Tavis Smiley __ Sharna Burgess,28.0,0.028501018103494,10,12,22,0.07734806629834254,0.10584908440183655,1,False
19,2,Tommy Chong,S19_Tommy Chong __ Peta Murgatroyd,28.0,0.0912107409306923,11,4,15,0.07734806629834254,0.16855880722903482,1,False
19,3,Alfonso Ribeiro,S19_Alfonso Ribeiro __ Witney Carson,32.0,0.0881163071954726,4,10,14,0.0906515580736544,0.178767865269127,1,False
19,3,Antonio Sabato Jr.,S19_Antonio Sabato Jr. __ Cheryl Burke,29.0,0.0987082044086156,8,3,11,0.0821529745042493,0.1808611789128649,1,False
19,3,Bethany Mota,S19_Bethany Mota __ Derek Hough,40.0,0.0913051808774624,1,8,9,0.11331444759206799,0.20461962846953038,1,False
19,3,Betsey Johnson,S19_Betsey Johnson __ Tony Dovolani,29.0,0.1054627191692091,9,2,11,0.0821529745042493,0.1876156936734584,1,False
19,3,Janel Parrish,S19_Janel Parrish __ Valentin Chmerkovskiy,40.0,0.0927151383557045,2,6,8,0.11331444759206799,0.2060295859477725,1,False
19,3,Jonathan Bennett,S19_Jonathan Bennett __ Allison Holker,32.0,0.0968713936838656,5,4,9,0.0906515580736544,0.18752295175751998,1,False
19,3,Lea Thompson,S19_Lea Thompson __ Artem Chigvintsev,31.0,0.0892652872389979,7,9,16,0.08781869688385269,0.1770839841228506,1,False
19,3,Michael Waltrip,S19_Michael Waltrip __ Emma Slater,28.0,0.1085524676838795,10,1,11,0.07932011331444759,0.1878725809983271,1,False
19,3,Randy Couture,S19_Randy Couture __ Karina Smirnoff,26.0,0.0400382888515056,11,11,22,0.07365439093484419,0.11369267978634978,1,False
19,3,Sadie Robertson,S19_Sadie Robertson __ Mark Ballas,32.0,0.092323371067969,6,7,13,0.0906515580736544,0.1829749291416234,1,False
19,3,Tommy Chong,S19_Tommy Chong __ Peta Murgatroyd,34.0,0.0966416414673179,3,5,8,0.09631728045325778,0.19295892192057568,1,False
19,4,Alfonso Ribeiro,S19_Alfonso Ribeiro __ Witney Carson,40.0,0.0940714078478029,1,8,9,0.125,0.21907140784780288,1,False
19,4,Antonio Sabato Jr.,S19_Antonio Sabato Jr. __ Cheryl Burke,29.0,0.1136728871876838,6,3,9,0.090625,0.2042978871876838,1,False
19,4,Bethany Mota,S19_Bethany Mota __ Derek Hough,33.0,0.1020230316423967,5,5,10,0.103125,0.2051480316423967,1,False
19,4,Betsey Johnson,S19_Betsey Johnson __ Tony Dovolani,29.0,0.0455534346109671,7,10,17,0.090625,0.1361784346109671,1,False
19,4,Janel Parrish,S19_Janel Parrish __ Valentin Chmerkovskiy,36.0,0.0979136000434201,4,7,11,0.1125,0.2104136000434201,1,False
19,4,Jonathan Bennett,S19_Jonathan Bennett __ Allison Holker,24.0,0.1178623897539163,10,2,12,0.075,0.19286238975391629,1,False
19,4,Lea Thompson,S19_Lea Thompson __ Artem Chigvintsev,39.0,0.0938190388934026,2,9,11,0.121875,0.2156940388934026,1,False
19,4,Michael Waltrip,S19_Michael Waltrip __ Emma Slater,25.0,0.1216675392341883,9,1,10,0.078125,0.1997925392341883,1,False
19,4,Sadie Robertson,S19_Sadie Robertson __ Mark Ballas,37.0,0.1011534259895973,3,6,9,0.115625,0.2167784259895973,1,False
19,4,Tommy Chong,S19_Tommy Chong __ Peta Murgatroyd,28.0,0.1122632447966242,8,4,12,0.0875,0.1997632447966242,1,False
19,5,Alfonso Ribeiro,S19_Alfonso Ribeiro __ Witney Carson,34.0,0.0988135265089614,2,9,11,0.12878787878787878,0.2276014052968402,1,False
19,5,Antonio Sabato Jr.,S19_Antonio Sabato Jr. __ Cheryl Burke,28.0,0.1178565945223772,6,3,9,0.10606060606060606,0.22391720058298326,1,False
19,5,Bethany Mota,S19_Bethany Mota __ Derek Hough,32.0,0.1051786532308654,5,6,11,0.12121212121212122,0.2263907744429866,1,False
19,5,Janel Parrish,S19_Janel Parrish __ Valentin Chmerkovskiy,33.0,0.1012464419885421,4,8,12,0.125,0.2262464419885421,1,False
19,5,Jonathan Bennett,S19_Jonathan Bennett __ Allison Holker,24.0,0.1233815379930496,7,2,9,0.09090909090909091,0.2142906289021405,1,False
19,5,Lea Thompson,S19_Lea Thompson __ Artem Chigvintsev,34.0,0.1016019409524243,3,7,10,0.12878787878787878,0.2303898197403031,1,False
19,5,Michael Waltrip,S19_Michael Waltrip __ Emma Slater,20.0,0.1282436808323895,9,1,10,0.07575757575757576,0.20400125658996526,1,False
19,5,Sadie Robertson,S19_Sadie Robertson __ Mark Ballas,36.0,0.1069467117547809,1,5,6,0.13636363636363635,0.24331034811841726,1,False
19,5,Tommy Chong,S19_Tommy Chong __ Peta Murgatroyd,23.0,0.116730912216609,8,4,12,0.08712121212121213,0.20385212433782113,1,False
19,7,Alfonso Ribeiro,S19_Alfonso Ribeiro __ Witney Carson,34.0,0.1136135481630938,3,7,10,0.13152804642166344,0.24514159458475723,1,False
19,7,Antonio Sabato Jr.,S19_Antonio Sabato Jr. __ Cheryl Burke,29.5,0.0703696600621812,7,8,15,0.11411992263056092,0.18448958269274213,1,False
19,7,Bethany Mota,S19_Bethany Mota __ Derek Hough,37.5,0.1288215738215202,1,4,5,0.1450676982591876,0.2738892720807078,1,False
19,7,Janel Parrish,S19_Janel Parrish __ Valentin Chmerkovskiy,33.5,0.1277149503796377,4,5,9,0.12959381044487428,0.257308760824512,1,False
19,7,Lea Thompson,S19_Lea Thompson __ Artem Chigvintsev,35.0,0.123179362935748,2,6,8,0.13539651837524178,0.25857588131098974,1,False
19,7,Michael Waltrip,S19_Michael Waltrip __ Emma Slater,28.0,0.1556459584603563,8,1,9,0.10831721470019343,0.26396317316054974,1,False
19,7,Sadie Robertson,S19_Sadie Robertson __ Mark Ballas,31.0,0.1327308058805377,5,3,8,0.11992263056092843,0.25265343644146615,1,False
19,7,Tommy Chong,S19_Tommy Chong __ Peta Murgatroyd,30.0,0.1479241402969248,6,2,8,0.11605415860735009,0.2639782989042749,1,False
19,8,Alfonso Ribeiro,S19_Alfonso Ribeiro __ Witney Carson,41.0,0.1311292936861675,2,6,8,0.16532258064516128,0.2964518743313288,1,False
19,8,Bethany Mota,S19_Bethany Mota __ Derek Hough,40.0,0.1452557477445163,3,4,7,0.16129032258064516,0.30654607032516146,1,False
19,8,Janel Parrish,S19_Janel Parrish __ Valentin Chmerkovskiy,43.0,0.1437281093135024,1,5,6,0.17338709677419356,0.31711520608769594,1,False
19,8,Lea Thompson,S19_Lea Thompson __ Artem Chigvintsev,32.0,0.1524279576044829,5,2,7,0.12903225806451613,0.28146021566899904,1,False
19,8,Michael Waltrip,S19_Michael Waltrip __ Emma Slater,25.0,0.1018054569538206,7,7,14,0.10080645161290322,0.20261190856672381,1,False
19,8,Sadie Robertson,S19_Sadie Robertson __ Mark Ballas,38.0,0.1511306819116036,4,3,7,0.1532258064516129,0.3043564883632165,1,False
19,8,Tommy Chong,S19_Tommy Chong __ Peta Murgatroyd,29.0,0.1745227527859064,6,1,7,0.11693548387096774,0.29145823665687415,1,False
19,9,Alfonso Ribeiro,S19_Alfonso Ribeiro __ Witney Carson,38.5,0.1585009145434163,1,5,6,0.17990654205607476,0.33840745659949106,1,False
19,9,Bethany Mota,S19_Bethany Mota __ Derek Hough,37.0,0.1745424154153605,3,3,6,0.17289719626168223,0.34743961167704274,1,False
19,9,Janel Parrish,S19_Janel Parrish __ Valentin Chmerkovskiy,38.5,0.1704720212707637,2,4,6,0.17990654205607476,0.3503785633268385,1,False
19,9,Lea Thompson,S19_Lea Thompson __ Artem Chigvintsev,35.0,0.0978241549302433,5,6,11,0.16355140186915887,0.26137555679940216,1,False
19,9,Sadie Robertson,S19_Sadie Robertson __ Mark Ballas,36.5,0.179799572223144,4,2,6,0.1705607476635514,0.35036031988669536,1,False
19,9,Tommy Chong,S19_Tommy Chong __ Peta Murgatroyd,28.5,0.2188609216170722,6,1,7,0.13317757009345793,0.35203849171053014,1,False
19,10,Alfonso Ribeiro,S19_Alfonso Ribeiro __ Witney Carson,37.5,0.2064402645669663,3,3,6,0.2054794520547945,0.4119197166217608,1,False
19,10,Bethany Mota,S19_Bethany Mota __ Derek Hough,38.0,0.2142122812594455,2,2,4,0.20821917808219179,0.4224314593416373,1,False
19,10,Janel Parrish,S19_Janel Parrish __ Valentin Chmerkovskiy,39.0,0.2044954233571019,1,4,5,0.2136986301369863,0.4181940534940882,1,False
19,10,Sadie Robertson,S19_Sadie Robertson __ Mark Ballas,37.0,0.2182588407873112,4,1,5,0.20273972602739726,0.4209985668147085,1,False
19,10,Tommy Chong,S19_Tommy Chong __ Peta Murgatroyd,31.0,0.1565931900291749,5,5,10,0.16986301369863013,0.32645620372780504,1,False
20,3,Charlotte McKinney,S20_Charlotte McKinney __ Keo Motsepe,22.0,0.0443763366154129,10,11,21,0.07028753993610223,0.11466387655151514,1,False
20,3,Chris Soules,S20_Chris Soules __ Witney Carson,28.0,0.1112504680563909,7,1,8,0.08945686900958466,0.20070733706597554,1,False
20,3,Michael Sam,S20_Michael Sam __ Peta Murgatroyd,24.0,0.1002663533154588,9,4,13,0.07667731629392971,0.1769436696093885,1,False
20,3,Nastia Liukin,S20_Nastia Liukin __ Derek Hough,34.0,0.0858177899133568,1,9,10,0.10862619808306709,0.19444398799642387,1,False
20,3,Noah Galloway,S20_Noah Galloway __ Sharna Burgess,30.0,0.097290490151801,5,5,10,0.09584664536741214,0.19313713551921313,1,False
20,3,Patti LaBelle,S20_Patti LaBelle __ Artem Chigvintsev,22.0,0.1065740790731517,11,2,13,0.07028753993610223,0.17686161900925393,1,False
20,3,Riker Lynch,S20_Riker Lynch __ Allison Holker,34.0,0.0877761665365938,2,7,9,0.10862619808306709,0.19640236461966087,1,False
20,3,Robert Herjavec,S20_Robert Herjavec __ Kym Johnson,29.0,0.094572817334787,6,6,12,0.0926517571884984,0.1872245745232854,1,False
20,3,Rumer Willis,S20_Rumer Willis __ Valentin Chmerkovskiy,33.0,0.0838984637103883,3,10,13,0.10543130990415335,0.18932977361454165,1,False
20,3,Suzanne Somers,S20_Suzanne Somers __ Tony Dovolani,25.0,0.1011422615419586,8,3,11,0.07987220447284345,0.18101446601480203,1,False
20,3,Willow Shields,S20_Willow Shields __ Mark Ballas,32.0,0.0870347737506997,4,8,12,0.10223642172523961,0.18927119547593932,1,False
20,4,Chris Soules,S20_Chris Soules __ Witney Carson,27.0,0.1259361016309209,10,1,11,0.08307692307692308,0.20901302470784397,1,False
20,4,Michael Sam,S20_Michael Sam __ Peta Murgatroyd,30.0,0.042844790283434,7,10,17,0.09230769230769231,0.1351524825911263,1,False
20,4,Nastia Liukin,S20_Nastia Liukin __ Derek Hough,36.0,0.0959781322385619,2,6,8,0.11076923076923077,0.20674736300779267,1,False
20,4,Noah Galloway,S20_Noah Galloway __ Sharna Burgess,32.0,0.1119511035224033,6,4,10,0.09846153846153846,0.21041264198394177,1,False
20,4,Patti LaBelle,S20_Patti LaBelle __ Artem Chigvintsev,30.0,0.1175871690629932,8,2,10,0.09230769230769231,0.20989486137068553,1,False
20,4,Riker Lynch,S20_Riker Lynch __ Allison Holker,34.0,0.0952692613163289,4,7,11,0.10461538461538461,0.1998846459317135,1,False
20,4,Robert Herjavec,S20_Robert Herjavec __ Kym Johnson,34.0,0.1067286855714938,5,5,10,0.10461538461538461,0.2113440701868784,1,False
20,4,Rumer Willis,S20_Rumer Willis __ Valentin Chmerkovskiy,35.0,0.0944337638052022,3,8,11,0.1076923076923077,0.20212607149750988,1,False
20,4,Suzanne Somers,S20_Suzanne Somers __ Tony Dovolani,28.0,0.1155310403969585,9,3,12,0.08615384615384615,0.20168488655080463,1,False
20,4,Willow Shields,S20_Willow Shields __ Mark Ballas,39.0,0.0937399521717034,1,9,10,0.12,0.21373995217170338,1,False
20,5,Chris Soules,S20_Chris Soules __ Witney Carson,27.0,0.1407884320614824,7,1,8,0.09540636042402827,0.23619479248551067,1,False
20,5,Nastia Liukin,S20_Nastia Liukin __ Derek Hough,38.0,0.102253728383192,2,6,8,0.13427561837455831,0.2365293467577503,1,False
20,5,Noah Galloway,S20_Noah Galloway __ Sharna Burgess,28.0,0.1288381180853301,5,4,9,0.0989399293286219,0.22777804741395202,1,False
20,5,Patti LaBelle,S20_Patti LaBelle __ Artem Chigvintsev,27.0,0.1356322955659332,8,2,10,0.09540636042402827,0.23103865598996148,1,False
20,5,Riker Lynch,S20_Riker Lynch __ Allison Holker,38.0,0.1009718835356927,3,8,11,0.13427561837455831,0.235247501910251,1,False
20,5,Robert Herjavec,S20_Robert Herjavec __ Kym Johnson,24.0,0.1310972866870856,9,3,12,0.08480565371024736,0.21590294039733293,1,False
20,5,Rumer Willis,S20_Rumer Willis __ Valentin Chmerkovskiy,39.0,0.1017539642355069,1,7,8,0.13780918727915195,0.23956315151465885,1,False
20,5,Suzanne Somers,S20_Suzanne Somers __ Tony Dovolani,28.0,0.055241991766631,6,9,15,0.0989399293286219,0.15418192109525292,1,False
20,5,Willow Shields,S20_Willow Shields __ Mark Ballas,34.0,0.1034222996791455,4,5,9,0.12014134275618374,0.22356364243532922,1,False
20,6,Chris Soules,S20_Chris Soules __ Witney Carson,35.0,0.1596059935344536,5,1,6,0.12367491166077739,0.28328090519523097,1,False
20,6,Nastia Liukin,S20_Nastia Liukin __ Derek Hough,36.5,0.1220492351753847,2,6,8,0.12897526501766785,0.25102450019305256,1,False
20,6,Noah Galloway,S20_Noah Galloway __ Sharna Burgess,34.0,0.1454115004164621,6,3,9,0.12014134275618374,0.2655528431726458,1,False
20,6,Patti LaBelle,S20_Patti LaBelle __ Artem Chigvintsev,34.0,0.0652132748481027,7,8,15,0.12014134275618374,0.18535461760428645,1,False
20,6,Riker Lynch,S20_Riker Lynch __ Allison Holker,38.0,0.1162476808118628,1,7,8,0.13427561837455831,0.25052329918642113,1,False
20,6,Robert Herjavec,S20_Robert Herjavec __ Kym Johnson,33.5,0.1463050262574328,8,2,10,0.11837455830388692,0.26467958456131974,1,False
20,6,Rumer Willis,S20_Rumer Willis __ Valentin Chmerkovskiy,35.5,0.1225527344421314,4,5,9,0.1254416961130742,0.2479944305552056,1,False
20,6,Willow Shields,S20_Willow Shields __ Mark Ballas,36.5,0.12261455451417,3,4,7,0.12897526501766785,0.25158981953183784,1,False
20,7,Chris Soules,S20_Chris Soules __ Witney Carson,31.0,0.1825580785992913,6,1,7,0.1220472440944882,0.3046053226937795,1,False
20,7,Nastia Liukin,S20_Nastia Liukin __ Derek Hough,41.0,0.1347886492959013,1,6,7,0.16141732283464566,0.296205972130547,1,False
20,7,Noah Galloway,S20_Noah Galloway __ Sharna Burgess,38.0,0.1606022795707919,3,3,6,0.14960629921259844,0.31020857878339037,1,False
20,7,Riker Lynch,S20_Riker Lynch __ Allison Holker,37.0,0.1406756113040432,4,5,9,0.14566929133858267,0.2863449026426259,1,False
20,7,Robert Herjavec,S20_Robert Herjavec __ Kym Johnson,31.0,0.1710462598167456,7,2,9,0.1220472440944882,0.2930935039112338,1,False
20,7,Rumer Willis,S20_Rumer Willis __ Valentin Chmerkovskiy,37.0,0.1458574380642486,5,4,9,0.14566929133858267,0.2915267294028313,1,False
20,7,Willow Shields,S20_Willow Shields __ Mark Ballas,39.0,0.0644716833489779,2,7,9,0.15354330708661418,0.21801499043559208,1,False
20,8,Chris Soules,S20_Chris Soules __ Witney Carson,32.0,0.1255124835402049,4,6,10,0.15130023640661938,0.27681271994682427,1,False
20,8,Nastia Liukin,S20_Nastia Liukin __ Derek Hough,38.0,0.174748887967623,3,4,7,0.17966903073286053,0.35441791870048356,1,False
20,8,Noah Galloway,S20_Noah Galloway __ Sharna Burgess,31.5,0.2108931932465903,5,1,6,0.14893617021276595,0.35982936345935623,1,False
20,8,Riker Lynch,S20_Riker Lynch __ Allison Holker,39.0,0.1783661468105941,2,3,5,0.18439716312056736,0.36276330993116146,1,False
20,8,Robert Herjavec,S20_Robert Herjavec __ Kym Johnson,31.0,0.1271784483445944,6,5,11,0.14657210401891252,0.2737505523635069,1,False
20,8,Rumer Willis,S20_Rumer Willis __ Valentin Chmerkovskiy,40.0,0.1833008400903933,1,2,3,0.18912529550827423,0.37242613559866755,1,False
20,9,Nastia Liukin,S20_Nastia Liukin __ Derek Hough,40.0,0.166247634663845,1,4,5,0.25477707006369427,0.4210247047275393,2,False
20,9,Noah Galloway,S20_Noah Galloway __ Sharna Burgess,38.0,0.2977105703480737,4,1,5,0.24203821656050956,0.5397487869085833,2,False
20,9,Riker Lynch,S20_Riker Lynch __ Allison Holker,40.0,0.263120576371792,2,3,5,0.25477707006369427,0.5178976464354863,2,False
20,9,Rumer Willis,S20_Rumer Willis __ Valentin Chmerkovskiy,39.0,0.2729212186162894,3,2,5,0.2484076433121019,0.5213288619283913,2,False
21,3,Alek Skarlatos,S21_Alek Skarlatos __ Lindsay Arnold,33.0,0.0957154393219966,3,8,11,0.10819672131147541,0.203912160633472,3,False
21,3,Alexa PenaVega,S21_Alexa PenaVega __ Mark Ballas,36.0,0.0949242612767986,1,9,10,0.1180327868852459,0.2129570481620445,3,False
21,3,Andy Grammer,S21_Andy Grammer __ Allison Holker,29.0,0.0958977325249671,8,7,15,0.09508196721311475,0.19097969973808185,3,False
21,3,Bindi Irwin,S21_Bindi Irwin __ Derek Hough,32.0,0.1001055082603014,5,3,8,0.10491803278688525,0.20502354104718665,3,False
21,3,Carlos PenaVega,S21_Carlos PenaVega __ Witney Carson,31.0,0.0964274598810405,6,6,12,0.10163934426229508,0.19806680414333558,3,False
21,3,Gary Busey,S21_Gary Busey __ Anna Trebunskaya,25.0,0.119567866681472,9,1,10,0.08196721311475409,0.2015350797962261,3,False
21,3,Hayes Grier,S21_Hayes Grier __ Emma Slater,30.0,0.0969907269984366,7,5,12,0.09836065573770492,0.1953513827361415,3,False
21,3,Nick Carter,S21_Nick Carter __ Sharna Burgess,36.0,0.0935266679066745,2,10,12,0.1180327868852459,0.2115594547919204,3,False
21,3,Paula Deen,S21_Paula Deen __ Louis van Amstel,20.0,0.1094792497518818,10,2,12,0.06557377049180328,0.17505302024368508,3,False
21,3,Tamar Braxton,S21_Tamar Braxton __ Valentin Chmerkovskiy,33.0,0.0973650873964303,4,4,8,0.10819672131147541,0.2055618087079057,3,False
21,5,Alek Skarlatos,S21_Alek Skarlatos __ Lindsay Arnold,29.0,0.1072857979251181,7,7,14,0.09634551495016612,0.20363131287528421,1,False
21,5,Alexa PenaVega,S21_Alexa PenaVega __ Mark Ballas,40.0,0.1128145844703348,1,3,4,0.132890365448505,0.2457049499188398,1,False
21,5,Andy Grammer,S21_Andy Grammer __ Allison Holker,36.0,0.114813463528723,4,2,6,0.11960132890365449,0.2344147924323775,1,False
21,5,Bindi Irwin,S21_Bindi Irwin __ Derek Hough,37.0,0.1092702230454564,3,4,7,0.12292358803986711,0.2321938110853235,1,False
21,5,Carlos PenaVega,S21_Carlos PenaVega __ Witney Carson,39.0,0.1049523895383638,2,8,10,0.12956810631229235,0.23452049585065615,1,False
21,5,Hayes Grier,S21_Hayes Grier __ Emma Slater,30.0,0.1083319469660295,6,5,11,0.09966777408637874,0.20799972105240824,1,False
21,5,Nick Carter,S21_Nick Carter __ Sharna Burgess,35.0,0.1075291423279807,5,6,11,0.11627906976744186,0.22380821209542257,1,False
21,5,Paula Deen,S21_Paula Deen __ Louis van Amstel,26.0,0.1308100642432772,9,1,10,0.08637873754152824,0.21718880178480543,1,False
21,5,Tamar Braxton,S21_Tamar Braxton __ Valentin Chmerkovskiy,29.0,0.104192387954716,8,9,17,0.09634551495016612,0.2005379029048821,1,False
21,7,Alek Skarlatos,S21_Alek Skarlatos __ Lindsay Arnold,26.5,0.1420945863114353,8,2,10,0.11990950226244344,0.26200408857387875,1,False
21,7,Alexa PenaVega,S21_Alexa PenaVega __ Mark Ballas,27.5,0.1457491616608665,5,1,6,0.1244343891402715,0.270183550801138,1,False
21,7,Andy Grammer,S21_Andy Grammer __ Allison Holker,28.0,0.1410757441849877,2,3,5,0.12669683257918551,0.2677725767641732,1,False
21,7,Bindi Irwin,S21_Bindi Irwin __ Derek Hough,29.0,0.126682079926125,1,6,7,0.13122171945701358,0.25790379938313857,1,False
21,7,Carlos PenaVega,S21_Carlos PenaVega __ Witney Carson,28.0,0.1239872911119942,3,7,10,0.12669683257918551,0.2506841236911797,1,False
21,7,Hayes Grier,S21_Hayes Grier __ Emma Slater,28.0,0.0574223070244896,4,8,12,0.12669683257918551,0.1841191396036751,1,False
21,7,Nick Carter,S21_Nick Carter __ Sharna Burgess,27.0,0.1328404036795929,6,4,10,0.12217194570135746,0.25501234938095035,1,False
21,7,Tamar Braxton,S21_Tamar Braxton __ Valentin Chmerkovskiy,27.0,0.1301484261005087,7,5,12,0.12217194570135746,0.2523203718018662,1,False
21,8,Alek Skarlatos,S21_Alek Skarlatos __ Lindsay Arnold,25.0,0.1589186707488558,6,2,8,0.12886637793725134,0.2877850486861071,1,False
21,8,Alexa PenaVega,S21_Alexa PenaVega __ Mark Ballas,26.9998,0.1648783436045689,5,1,6,0.13917465724120795,0.30405300084577686,1,False
21,8,Andy Grammer,S21_Andy Grammer __ Allison Holker,23.9998,0.0858041094549933,7,7,14,0.1237106918887378,0.2095148013437311,1,False
21,8,Bindi Irwin,S21_Bindi Irwin __ Derek Hough,28.0,0.1449929377718984,3,5,8,0.1443303432897215,0.28932328106161986,1,False
21,8,Carlos PenaVega,S21_Carlos PenaVega __ Witney Carson,28.9998,0.1445793552194352,2,6,8,0.14948396747618806,0.2940633226956233,1,False
21,8,Nick Carter,S21_Nick Carter __ Sharna Burgess,33.0,0.1490799905942469,1,4,5,0.17010361887717176,0.31918360947141866,1,False
21,8,Tamar Braxton,S21_Tamar Braxton __ Valentin Chmerkovskiy,28.0,0.1517465926060012,4,3,7,0.1443303432897215,0.2960769358957227,1,False
21,9,Alek Skarlatos,S21_Alek Skarlatos __ Lindsay Arnold,25.5,0.2071116519121709,5,1,6,0.15501519756838905,0.36212684948055995,1,False
21,9,Alexa PenaVega,S21_Alexa PenaVega __ Mark Ballas,30.0,0.1019700927714851,1,6,7,0.182370820668693,0.2843409134401781,1,False
21,9,Bindi Irwin,S21_Bindi Irwin __ Derek Hough,30.0,0.18675909130033,2,4,6,0.182370820668693,0.369129911969023,1,False
21,9,Carlos PenaVega,S21_Carlos PenaVega __ Witney Carson,27.0,0.1904188318784409,4,3,7,0.1641337386018237,0.35455257048026456,1,False
21,9,Nick Carter,S21_Nick Carter __ Sharna Burgess,27.5,0.1943282783583789,3,2,5,0.16717325227963525,0.36150153063801416,1,False
21,9,Tamar Braxton,S21_Tamar Braxton __ Valentin Chmerkovskiy,24.5,0.1194120537791941,6,5,11,0.14893617021276595,0.26834822399196007,1,False
21,10,Alek Skarlatos,S21_Alek Skarlatos __ Lindsay Arnold,28.5,0.2662145668165675,3,1,4,0.24050632911392406,0.5067208959304916,2,False
21,10,Bindi Irwin,S21_Bindi Irwin __ Derek Hough,31.5,0.2407190191436059,1,3,4,0.26582278481012656,0.5065418039537325,2,False
21,10,Carlos PenaVega,S21_Carlos PenaVega __ Witney Carson,31.5,0.2401253803633494,2,4,6,0.26582278481012656,0.505948165173476,2,False
21,10,Nick Carter,S21_Nick Carter __ Sharna Burgess,27.0,0.2529410336764764,4,2,6,0.22784810126582278,0.4807891349422992,2,False
22,3,Antonio Brown,S22_Antonio Brown __ Sharna Burgess,20.0,0.0998898661373609,8,2,10,0.08438818565400844,0.18427805179136933,1,False
22,3,Doug Flutie,S22_Doug Flutie __ Karina Smirnoff,20.0,0.1019756423350997,9,1,10,0.08438818565400844,0.18636382798910814,1,False
22,3,Ginger Zee,S22_Ginger Zee __ Valentin Chmerkovskiy,21.0,0.0966331163638839,6,5,11,0.08860759493670886,0.18524071130059278,1,False
22,3,Jodie Sweetin,S22_Jodie Sweetin __ Keo Motsepe,23.0,0.0934836495469282,3,8,11,0.0970464135021097,0.1905300630490379,1,False
22,3,Kim Fields,S22_Kim Fields __ Sasha Farber,22.0,0.0956239843486514,5,6,11,0.09282700421940929,0.1884509885680607,1,False
22,3,Marla Maples,S22_Marla Maples __ Tony Dovolani,21.0,0.097479386862083,7,4,11,0.08860759493670886,0.18608698179879185,1,False
22,3,Mischa Barton,S22_Mischa Barton __ Artem Chigvintsev,18.0,0.0411252373290199,11,11,22,0.0759493670886076,0.11707460441762749,1,False
22,3,Nyle DiMarco,S22_Nyle DiMarco __ Peta Murgatroyd,25.0,0.0918102727035895,1,9,10,0.10548523206751055,0.19729550477110006,1,False
22,3,Paige VanZant,S22_Paige VanZant __ Mark Ballas,23.0,0.0896003350518307,4,10,14,0.0970464135021097,0.1866467485539404,1,False
22,3,Von Miller,S22_Von Miller __ Witney Carson,20.0,0.0987843869682104,10,3,13,0.08438818565400844,0.18317257262221884,1,False
22,3,Wanya Morris,S22_Wanya Morris __ Lindsay Arnold,24.0,0.093594122353342,2,7,9,0.10126582278481013,0.19485994513815214,1,False
22,4,Antonio Brown,S22_Antonio Brown __ Sharna Burgess,35.0,0.1069335765527508,3,4,7,0.109717868338558,0.2166514448913088,1,False
22,4,Doug Flutie,S22_Doug Flutie __ Karina Smirnoff,24.0,0.1185223873916637,10,1,11,0.07523510971786834,0.19375749710953205,1,False
22,4,Ginger Zee,S22_Ginger Zee __ Valentin Chmerkovskiy,36.0,0.1034926292546964,1,6,7,0.11285266457680251,0.21634529383149892,1,False
22,4,Jodie Sweetin,S22_Jodie Sweetin __ Keo Motsepe,27.0,0.1122887108528958,9,2,11,0.08463949843260188,0.19692820928549767,1,False
22,4,Kim Fields,S22_Kim Fields __ Sasha Farber,32.0,0.106397181449267,6,5,11,0.10031347962382445,0.20671066107309144,1,False
22,4,Marla Maples,S22_Marla Maples __ Tony Dovolani,28.0,0.0445687733004745,8,10,18,0.0877742946708464,0.1323430679713209,1,False
22,4,Nyle DiMarco,S22_Nyle DiMarco __ Peta Murgatroyd,34.0,0.1011052134204054,5,7,12,0.10658307210031348,0.20768828552071888,1,False
22,4,Paige VanZant,S22_Paige VanZant __ Mark Ballas,36.0,0.0945864906394829,2,9,11,0.11285266457680251,0.20743915521628542,1,False
22,4,Von Miller,S22_Von Miller __ Witney Carson,32.0,0.1116592361297434,7,3,10,0.10031347962382445,0.21197271575356785,1,False
22,4,Wanya Morris,S22_Wanya Morris __ Lindsay Arnold,35.0,0.1004458010086198,4,8,12,0.109717868338558,0.21016366934717778,1,False
22,5,Antonio Brown,S22_Antonio Brown __ Sharna Burgess,26.0,0.1139802830499722,9,3,12,0.09420289855072464,0.20818318160069682,1,False
22,5,Doug Flutie,S22_Doug Flutie __ Karina Smirnoff,28.0,0.1269492999249334,7,1,8,0.10144927536231885,0.22839857528725224,1,False
22,5,Ginger Zee,S22_Ginger Zee __ Valentin Chmerkovskiy,32.0,0.1050687340007708,3,7,10,0.11594202898550725,0.22101076298627803,1,False
22,5,Jodie Sweetin,S22_Jodie Sweetin __ Keo Motsepe,35.0,0.122562610119293,2,2,4,0.12681159420289856,0.24937420432219154,1,False
22,5,Kim Fields,S22_Kim Fields __ Sasha Farber,28.0,0.1093517220901297,8,5,13,0.10144927536231885,0.21080099745244854,1,False
22,5,Nyle DiMarco,S22_Nyle DiMarco __ Peta Murgatroyd,37.0,0.1062760408689098,1,6,7,0.13405797101449277,0.24033401188340256,1,False
22,5,Paige VanZant,S22_Paige VanZant __ Mark Ballas,31.0,0.0991484434253048,4,9,13,0.11231884057971014,0.21146728400501494,1,False
22,5,Von Miller,S22_Von Miller __ Witney Carson,29.0,0.1126959709538468,6,4,10,0.10507246376811594,0.21776843472196272,1,False
22,5,Wanya Morris,S22_Wanya Morris __ Lindsay Arnold,30.0,0.103966895566839,5,8,13,0.10869565217391304,0.21266254774075205,1,False
22,7,Antonio Brown,S22_Antonio Brown __ Sharna Burgess,26.0,0.1526373290734077,5,1,6,0.12149532710280374,0.27413265617621146,1,False
22,7,Ginger Zee,S22_Ginger Zee __ Valentin Chmerkovskiy,27.5,0.1398894915427712,2,3,5,0.12850467289719625,0.26839416443996744,1,False
22,7,Jodie Sweetin,S22_Jodie Sweetin __ Keo Motsepe,25.5,0.1493648821721841,8,2,10,0.1191588785046729,0.268523760676857,1,False
22,7,Kim Fields,S22_Kim Fields __ Sasha Farber,26.0,0.071133168682533,6,8,14,0.12149532710280374,0.19262849578533675,1,False
22,7,Nyle DiMarco,S22_Nyle DiMarco __ Peta Murgatroyd,28.0,0.1391766217242821,1,4,5,0.1308411214953271,0.2700177432196092,1,False
22,7,Paige VanZant,S22_Paige VanZant __ Mark Ballas,27.5,0.1390977827591358,3,5,8,0.12850467289719625,0.26760245565633206,1,False
22,7,Von Miller,S22_Von Miller __ Witney Carson,26.0,0.0723301917944393,7,7,14,0.12149532710280374,0.19382551889724303,1,False
22,7,Wanya Morris,S22_Wanya Morris __ Lindsay Arnold,27.5,0.1363705322512464,4,6,10,0.12850467289719625,0.26487520514844265,1,False
22,8,Antonio Brown,S22_Antonio Brown __ Sharna Burgess,27.0,0.1914225155286333,5,1,6,0.15976331360946747,0.35118582913810076,2,False
22,8,Ginger Zee,S22_Ginger Zee __ Valentin Chmerkovskiy,30.0,0.1744296765148521,1,5,6,0.17751479289940827,0.3519444694142604,2,False
22,8,Jodie Sweetin,S22_Jodie Sweetin __ Keo Motsepe,30.0,0.0892123772673211,2,6,8,0.17751479289940827,0.26672717016672937,2,False
22,8,Nyle DiMarco,S22_Nyle DiMarco __ Peta Murgatroyd,29.0,0.1786003441413713,3,4,7,0.17159763313609466,0.35019797727746593,2,False
22,8,Paige VanZant,S22_Paige VanZant __ Mark Ballas,28.0,0.1787183162098486,4,3,7,0.16568047337278108,0.3443987895826297,2,False
22,8,Wanya Morris,S22_Wanya Morris __ Lindsay Arnold,25.0,0.1876167703379734,6,2,8,0.14792899408284024,0.33554576442081363,2,False
22,9,Antonio Brown,S22_Antonio Brown __ Sharna Burgess,27.5,0.1517608917939714,5,4,9,0.1916376306620209,0.34339852245599234,1,False
22,9,Ginger Zee,S22_Ginger Zee __ Valentin Chmerkovskiy,28.0,0.2409201435005439,4,1,5,0.1951219512195122,0.43604209472005606,1,False
22,9,Nyle DiMarco,S22_Nyle DiMarco __ Peta Murgatroyd,28.5,0.2381451108189919,3,2,5,0.1986062717770035,0.4367513825959954,1,False
22,9,Paige VanZant,S22_Paige VanZant __ Mark Ballas,29.5,0.2292488743321447,2,3,5,0.20557491289198607,0.43482378722413073,1,False
22,9,Wanya Morris,S22_Wanya Morris __ Lindsay Arnold,30.0,0.1399249795543482,1,5,6,0.20905923344947736,0.34898421300382554,1,False
23,3,Amber Rose,S23_Amber Rose __ Maksim Chmerkoskiy,25.0,0.0933114947221881,8,2,10,0.07692307692307693,0.170234571645265,1,False
23,3,Babyface,S23_Babyface __ Allison Holker,25.0,0.0823894614313932,9,10,19,0.07692307692307693,0.15931253835447012,1,False
23,3,Calvin Johnson Jr.,S23_Calvin Johnson Jr. __ Lindsay Arnold,32.0,0.084062388092066,1,9,10,0.09846153846153846,0.18252392655360444,1,False
23,3,James Hinchcliffe,S23_James Hinchcliffe __ Sharna Burgess,29.0,0.0840666141893399,4,8,12,0.08923076923076922,0.17329738342010914,1,False
23,3,Jana Kramer,S23_Jana Kramer __ Gleb Savchenko,26.0,0.0959274926568028,7,1,8,0.08,0.1759274926568028,1,False
23,3,Laurie Hernandez,S23_Laurie Hernandez __ Valentin Chmerkovskiy,31.0,0.0819834089579013,2,11,13,0.09538461538461539,0.1773680243425167,1,False
23,3,Marilu Henner,S23_Marilu Henner __ Derek Hough,28.0,0.0888194582184056,5,5,10,0.08615384615384615,0.17497330437225175,1,False
23,3,Maureen McCormick,S23_Maureen McCormick __ Artem Chigvintsev,28.0,0.087395183858877,6,6,12,0.08615384615384615,0.17354903001272315,1,False
23,3,Rick Perry,S23_Rick Perry __ Emma Slater,23.0,0.0337692939733828,11,12,23,0.07076923076923076,0.10453852474261356,1,False
23,3,Ryan Lochte,S23_Ryan Lochte __ Cheryl Burke,25.0,0.0914630419374484,10,3,13,0.07692307692307693,0.16838611886052535,1,False
23,3,Terra Jole,S23_Terra Jole __ Sasha Farber,30.0,0.0871011143452989,3,7,10,0.09230769230769231,0.1794088066529912,1,False
23,3,Vanilla Ice,S23_Vanilla Ice __ Witney Carson,23.0,0.0897110476168955,12,4,16,0.07076923076923076,0.16048027838612627,1,False
23,4,Amber Rose,S23_Amber Rose __ Maksim Chmerkoskiy,24.0,0.1066669610397634,4,2,6,0.09195402298850575,0.19862098402826917,1,False
23,4,Babyface,S23_Babyface __ Allison Holker,18.0,0.0494275553943135,11,10,21,0.06896551724137931,0.1183930726356928,1,False
23,4,Calvin Johnson Jr.,S23_Calvin Johnson Jr. __ Lindsay Arnold,23.0,0.0997878278488696,6,7,13,0.08812260536398467,0.18791043321285428,1,False
23,4,James Hinchcliffe,S23_James Hinchcliffe __ Sharna Burgess,28.0,0.0934087563671878,2,8,10,0.10727969348659004,0.20068844985377784,1,False
23,4,Jana Kramer,S23_Jana Kramer __ Gleb Savchenko,23.0,0.1070999457721574,7,1,8,0.08812260536398467,0.19522255113614206,1,False
23,4,Laurie Hernandez,S23_Laurie Hernandez __ Valentin Chmerkovskiy,30.0,0.0866995242633985,1,9,10,0.11494252873563218,0.20164205299903068,1,False
23,4,Marilu Henner,S23_Marilu Henner __ Derek Hough,21.0,0.1047934649735779,10,4,14,0.08045977011494253,0.18525323508852043,1,False
23,4,Maureen McCormick,S23_Maureen McCormick __ Artem Chigvintsev,24.0,0.1046022868373294,5,5,10,0.09195402298850575,0.19655630982583516,1,False
23,4,Ryan Lochte,S23_Ryan Lochte __ Cheryl Burke,22.0,0.1063359333444544,9,3,12,0.0842911877394636,0.190627121083918,1,False
23,4,Terra Jole,S23_Terra Jole __ Sasha Farber,25.0,0.1016836434336902,3,6,9,0.09578544061302682,0.19746908404671704,1,False
23,4,Vanilla Ice,S23_Vanilla Ice __ Witney Carson,23.0,0.0394941007252569,8,11,19,0.08812260536398467,0.12761670608924158,1,False
23,5,Amber Rose,S23_Amber Rose __ Maksim Chmerkoskiy,24.0,0.1193132095439979,6,1,7,0.10434782608695652,0.2236610356309544,2,False
23,5,Calvin Johnson Jr.,S23_Calvin Johnson Jr. __ Lindsay Arnold,24.0,0.1131584517081051,7,6,13,0.10434782608695652,0.2175062777950616,2,False
23,5,James Hinchcliffe,S23_James Hinchcliffe __ Sharna Burgess,29.0,0.1013341614016611,1,8,9,0.12608695652173912,0.22742111792340022,2,False
23,5,Jana Kramer,S23_Jana Kramer __ Gleb Savchenko,26.0,0.1166582797688187,4,3,7,0.11304347826086956,0.22970175802968829,2,False
23,5,Laurie Hernandez,S23_Laurie Hernandez __ Valentin Chmerkovskiy,25.0,0.0940814521445135,5,9,14,0.10869565217391304,0.20277710431842655,2,False
23,5,Marilu Henner,S23_Marilu Henner __ Derek Hough,27.0,0.1132087728697753,2,5,7,0.11739130434782609,0.2306000772176014,2,False
23,5,Maureen McCormick,S23_Maureen McCormick __ Artem Chigvintsev,24.0,0.1161959179506208,8,4,12,0.10434782608695652,0.22054374403757732,2,False
23,5,Ryan Lochte,S23_Ryan Lochte __ Cheryl Burke,24.0,0.1173651407703663,9,2,11,0.10434782608695652,0.22171296685732284,2,False
23,5,Terra Jole,S23_Terra Jole __ Sasha Farber,27.0,0.1086846138421411,3,7,10,0.11739130434782609,0.2260759181899672,2,False
23,7,Calvin Johnson Jr.,S23_Calvin Johnson Jr. __ Lindsay Arnold,37.0,0.1302741235098378,1,5,6,0.13430127041742287,0.2645753939272607,1,False
23,7,James Hinchcliffe,S23_James Hinchcliffe __ Sharna Burgess,37.0,0.1169709898469058,2,7,9,0.13430127041742287,0.2512722602643287,1,False
23,7,Jana Kramer,S23_Jana Kramer __ Gleb Savchenko,34.5,0.1369413506164424,3,4,7,0.12522686025408347,0.2621682108705259,1,False
23,7,Laurie Hernandez,S23_Laurie Hernandez __ Valentin Chmerkovskiy,34.5,0.1250389301036051,4,6,10,0.12522686025408347,0.2502657903576886,1,False
23,7,Marilu Henner,S23_Marilu Henner __ Derek Hough,32.0,0.1434702814782427,8,2,10,0.1161524500907441,0.2596227315689868,1,False
23,7,Maureen McCormick,S23_Maureen McCormick __ Artem Chigvintsev,33.0,0.0625044305703861,6,8,14,0.11978221415607986,0.18228664472646594,1,False
23,7,Ryan Lochte,S23_Ryan Lochte __ Cheryl Burke,33.0,0.1448781640018966,7,1,8,0.11978221415607986,0.26466037815797644,1,False
23,7,Terra Jole,S23_Terra Jole __ Sasha Farber,34.5,0.1399217298726829,5,3,8,0.12522686025408347,0.2651485901267664,1,False
23,8,Calvin Johnson Jr.,S23_Calvin Johnson Jr. __ Lindsay Arnold,30.0,0.1484036141711746,3,4,7,0.14925387985460684,0.29765749402578145,1,False
23,8,James Hinchcliffe,S23_James Hinchcliffe __ Sharna Burgess,34.9998,0.1309126354174585,1,6,7,0.1741285314711756,0.30504116688863414,1,False
23,8,Jana Kramer,S23_Jana Kramer __ Gleb Savchenko,30.0,0.1537935804059442,4,3,7,0.14925387985460684,0.30304746026055107,1,False
23,8,Laurie Hernandez,S23_Laurie Hernandez __ Valentin Chmerkovskiy,33.0,0.1414288958533976,2,5,7,0.1641792678400675,0.3056081636934651,1,False
23,8,Marilu Henner,S23_Marilu Henner __ Derek Hough,23.0,0.1721926702788166,7,1,8,0.11442797455519857,0.28662064483401517,1,False
23,8,Ryan Lochte,S23_Ryan Lochte __ Cheryl Burke,26.0,0.0833268388852399,5,7,12,0.12935336254065924,0.21268020142589913,1,False
23,8,Terra Jole,S23_Terra Jole __ Sasha Farber,24.0,0.1699417649879688,6,2,8,0.11940310388368545,0.2893448688716543,1,False
23,9,Calvin Johnson Jr.,S23_Calvin Johnson Jr. __ Lindsay Arnold,37.0,0.180558832357148,4,2,6,0.16299559471365638,0.3435544270708044,1,False
23,9,James Hinchcliffe,S23_James Hinchcliffe __ Sharna Burgess,36.0,0.1695399048956795,5,5,10,0.15859030837004406,0.32813021326572356,1,False
23,9,Jana Kramer,S23_Jana Kramer __ Gleb Savchenko,40.0,0.1790237013341435,1,3,4,0.1762114537444934,0.3552351550786369,1,False
23,9,Laurie Hernandez,S23_Laurie Hernandez __ Valentin Chmerkovskiy,40.0,0.174197279101865,2,4,6,0.1762114537444934,0.35040873284635843,1,False
23,9,Marilu Henner,S23_Marilu Henner __ Derek Hough,36.0,0.1027120626661543,6,6,12,0.15859030837004406,0.26130237103619836,1,False
23,9,Terra Jole,S23_Terra Jole __ Sasha Farber,38.0,0.1939682196450093,3,1,4,0.16740088105726872,0.361369100702278,1,False
23,10,Calvin Johnson Jr.,S23_Calvin Johnson Jr. __ Lindsay Arnold,28.0,0.2209400303257854,5,2,7,0.19112627986348124,0.41206631018926665,1,False
23,10,James Hinchcliffe,S23_James Hinchcliffe __ Sharna Burgess,29.5,0.2144332757679348,3,3,6,0.20136518771331058,0.4157984634812454,1,False
23,10,Jana Kramer,S23_Jana Kramer __ Gleb Savchenko,29.0,0.2247260952084947,4,1,5,0.19795221843003413,0.4226783136385288,1,False
23,10,Laurie Hernandez,S23_Laurie Hernandez __ Valentin Chmerkovskiy,30.0,0.211262209735067,1,4,5,0.20477815699658702,0.416040366731654,1,False
23,10,Terra Jole,S23_Terra Jole __ Sasha Farber,30.0,0.1286383889627183,2,5,7,0.20477815699658702,0.3334165459593053,1,False
24,3,Bonner Bolton,S24_Bonner Bolton __ Sharna Burgess,24.0,0.1041187044015167,9,2,11,0.0761904761904762,0.1803091805919929,1,False
24,3,Charo,S24_Charo __ Keo Motsepe,24.0,0.0398138257063553,10,11,21,0.0761904761904762,0.1160043018968315,1,False
24,3,David Ross,S24_David Ross __ Lindsay Arnold,31.0,0.0981274984545824,5,4,9,0.09841269841269841,0.1965401968672808,1,False
24,3,Erika Jayne,S24_Erika Jayne __ Gleb Savchenko,26.0,0.1013985994639558,7,3,10,0.08253968253968254,0.18393828200363832,1,False
24,3,Heather Morris,S24_Heather Morris __ Maksim Chmerkoskiy,33.0,0.0937809200319878,2,7,9,0.10476190476190476,0.19854282479389257,1,False
24,3,Mr. T,S24_Mr. T __ Kym Herjavec,24.0,0.1055284576694649,11,1,12,0.0761904761904762,0.1817189338599411,1,False
24,3,Nancy Kerrigan,S24_Nancy Kerrigan __ Artem Chigvintsev,33.0,0.0861266541536653,3,10,13,0.10476190476190476,0.19088855891557005,1,False
24,3,Nick Viall,S24_Nick Viall __ Peta Murgatroyd,26.0,0.0973384968866433,8,5,13,0.08253968253968254,0.17987817942632583,1,False
24,3,Normani,S24_Normani __ Valentin Chmerkovskiy,34.0,0.0867433527574065,1,9,10,0.10793650793650794,0.19467986069391444,1,False
24,3,Rashad Jennings,S24_Rashad Jennings __ Emma Slater,28.0,0.094555341682546,6,6,12,0.08888888888888889,0.18344423057143489,1,False
24,3,Simone Biles,S24_Simone Biles __ Sasha Farber,32.0,0.0924681487918755,4,8,12,0.10158730158730159,0.1940554503791771,1,False
24,4,Bonner Bolton,S24_Bonner Bolton __ Sharna Burgess,32.0,0.1154557221957128,5,1,6,0.09815950920245399,0.2136152313981668,1,False
24,4,David Ross,S24_David Ross __ Lindsay Arnold,31.0,0.1078404136270763,7,4,11,0.0950920245398773,0.2029324381669536,1,False
24,4,Erika Jayne,S24_Erika Jayne __ Gleb Savchenko,30.0,0.1131258826598839,8,2,10,0.09202453987730061,0.20515042253718452,1,False
24,4,Heather Morris,S24_Heather Morris __ Maksim Chmerkoskiy,35.0,0.1041070829779454,3,5,8,0.10736196319018405,0.21146904616812945,1,False
24,4,Mr. T,S24_Mr. T __ Kym Herjavec,28.0,0.0492924527166065,10,10,20,0.08588957055214724,0.13518202326875373,1,False
24,4,Nancy Kerrigan,S24_Nancy Kerrigan __ Artem Chigvintsev,33.0,0.0957782074377398,4,9,13,0.10122699386503067,0.1970052013027705,1,False
24,4,Nick Viall,S24_Nick Viall __ Peta Murgatroyd,30.0,0.1095512902795184,9,3,12,0.09202453987730061,0.201575830156819,1,False
24,4,Normani,S24_Normani __ Valentin Chmerkovskiy,32.0,0.1011160147074156,6,7,13,0.09815950920245399,0.19927552390986958,1,False
24,4,Rashad Jennings,S24_Rashad Jennings __ Emma Slater,39.0,0.1040343131682737,1,6,7,0.1196319018404908,0.2236662150087645,1,False
24,4,Simone Biles,S24_Simone Biles __ Sasha Farber,36.0,0.0996986202298274,2,8,10,0.11042944785276074,0.21012806808258813,1,False
24,5,Bonner Bolton,S24_Bonner Bolton __ Sharna Burgess,30.0,0.1344432082540871,8,1,9,0.09868421052631579,0.23312741878040288,1,False
24,5,David Ross,S24_David Ross __ Lindsay Arnold,29.0,0.1284283066358186,9,2,11,0.09539473684210527,0.22382304347792387,1,False
24,5,Erika Jayne,S24_Erika Jayne __ Gleb Savchenko,32.0,0.0520051215162103,6,9,15,0.10526315789473684,0.15726827941094712,1,False
24,5,Heather Morris,S24_Heather Morris __ Maksim Chmerkoskiy,34.0,0.1147606581864496,4,5,9,0.1118421052631579,0.2266027634496075,1,False
24,5,Nancy Kerrigan,S24_Nancy Kerrigan __ Artem Chigvintsev,36.0,0.1069010947851786,3,8,11,0.11842105263157894,0.22532214741675755,1,False
24,5,Nick Viall,S24_Nick Viall __ Peta Murgatroyd,34.0,0.1208204563738238,5,4,9,0.1118421052631579,0.23266256163698168,1,False
24,5,Normani,S24_Normani __ Valentin Chmerkovskiy,39.0,0.1089163109946062,1,7,8,0.12828947368421054,0.23720578467881676,1,False
24,5,Rashad Jennings,S24_Rashad Jennings __ Emma Slater,32.0,0.1224808801973326,7,3,10,0.10526315789473684,0.22774403809206945,1,False
24,5,Simone Biles,S24_Simone Biles __ Sasha Farber,38.0,0.1112439630564922,2,6,8,0.125,0.2362439630564922,1,False
24,6,Bonner Bolton,S24_Bonner Bolton __ Sharna Burgess,31.5,0.1495009193542433,6,1,7,0.1171003717472119,0.2666012911014552,1,False
24,6,David Ross,S24_David Ross __ Lindsay Arnold,31.0,0.1472794500162113,7,2,9,0.11524163568773234,0.2625210857039436,1,False
24,6,Heather Morris,S24_Heather Morris __ Maksim Chmerkoskiy,37.0,0.0507087069698122,1,8,9,0.137546468401487,0.18825517537129918,1,False
24,6,Nancy Kerrigan,S24_Nancy Kerrigan __ Artem Chigvintsev,33.5,0.1258473918843448,5,6,11,0.12453531598513011,0.2503827078694749,1,False
24,6,Nick Viall,S24_Nick Viall __ Peta Murgatroyd,30.5,0.1382415040379789,8,4,12,0.11338289962825279,0.25162440366623173,1,False
24,6,Normani,S24_Normani __ Valentin Chmerkovskiy,36.0,0.1231895681804086,2,7,9,0.13382899628252787,0.25701856446293647,1,False
24,6,Rashad Jennings,S24_Rashad Jennings __ Emma Slater,35.0,0.1384813106409179,3,3,6,0.13011152416356878,0.2685928348044867,1,False
24,6,Simone Biles,S24_Simone Biles __ Sasha Farber,34.5,0.1267511489160828,4,5,9,0.12825278810408922,0.255003937020172,1,False
24,7,Bonner Bolton,S24_Bonner Bolton __ Sharna Burgess,31.0,0.1838061061798103,7,2,9,0.1225296442687747,0.306335750448585,1,False
24,7,David Ross,S24_David Ross __ Lindsay Arnold,32.0,0.1839933540573078,6,1,7,0.12648221343873517,0.310475567496043,1,False
24,7,Nancy Kerrigan,S24_Nancy Kerrigan __ Artem Chigvintsev,36.0,0.0821876032128675,4,7,11,0.1422924901185771,0.22448009333144459,1,False
24,7,Nick Viall,S24_Nick Viall __ Peta Murgatroyd,34.0,0.0895201184838666,5,6,11,0.13438735177865613,0.22390747026252272,1,False
24,7,Normani,S24_Normani __ Valentin Chmerkovskiy,42.0,0.1466158944848835,1,5,6,0.16600790513833993,0.3126237996232234,1,False
24,7,Rashad Jennings,S24_Rashad Jennings __ Emma Slater,39.0,0.1620213568654462,2,3,5,0.1541501976284585,0.31617155449390466,1,False
24,7,Simone Biles,S24_Simone Biles __ Sasha Farber,39.0,0.1518555667158175,3,4,7,0.1541501976284585,0.306005764344276,1,False
24,8,Bonner Bolton,S24_Bonner Bolton __ Sharna Burgess,29.0,0.1507024150903184,5,5,10,0.166189111747851,0.3168915268381694,2,False
24,8,David Ross,S24_David Ross __ Lindsay Arnold,32.5,0.2454491974659511,4,1,5,0.18624641833810887,0.43169561580405996,2,False
24,8,Normani,S24_Normani __ Valentin Chmerkovskiy,39.5,0.1888971731162327,1,4,5,0.22636103151862463,0.4152582046348573,2,False
24,8,Rashad Jennings,S24_Rashad Jennings __ Emma Slater,37.5,0.2095635077003133,2,2,4,0.2148997134670487,0.424463221167362,2,False
24,8,Simone Biles,S24_Simone Biles __ Sasha Farber,36.0,0.205387706627184,3,3,6,0.20630372492836677,0.41169143155555077,2,False
24,9,David Ross,S24_David Ross __ Lindsay Arnold,35.0,0.3087094427708794,4,1,5,0.23102310231023102,0.5397325450811105,1,False
24,9,Normani,S24_Normani __ Valentin Chmerkovskiy,38.0,0.2600865665229562,3,3,6,0.2508250825082508,0.510911649031207,1,False
24,9,Rashad Jennings,S24_Rashad Jennings __ Emma Slater,38.5,0.2695229159620874,2,2,4,0.25412541254125415,0.5236483285033415,1,False
24,9,Simone Biles,S24_Simone Biles __ Sasha Farber,40.0,0.1616810747440768,1,4,5,0.264026402640264,0.4257074773843408,1,False
25,3,Derek Fisher,S25_Derek Fisher __ Sharna Burgess,21.0,0.0975085944490439,6,1,7,0.0860655737704918,0.1835741682195357,2,False
25,3,Drew Scott,S25_Drew Scott __ Emma Slater,23.0,0.0901392898049012,3,7,10,0.0942622950819672,0.18440158488686842,2,False
25,3,Frankie Muniz,S25_Frankie Muniz __ Witney Carson,21.0,0.088669925943795,7,8,15,0.0860655737704918,0.1747354997142868,2,False
25,3,Jordan Fisher,S25_Jordan Fisher __ Lindsay Arnold,25.0,0.0875197233196001,2,9,11,0.10245901639344263,0.18997873971304274,2,False
25,3,Lindsey Stirling,S25_Lindsey Stirling __ Mark Ballas,27.0,0.0867222255061246,1,10,11,0.11065573770491803,0.19737796321104262,2,False
25,3,Nick Lachey,S25_Nick Lachey __ Peta Murgatroyd,21.0,0.09133184737026,8,5,13,0.0860655737704918,0.1773974211407518,2,False
25,3,Nikki Bella,S25_Nikki Bella __ Artem Chigvintsev,21.0,0.0965629423334619,9,2,11,0.0860655737704918,0.1826285161039537,2,False
25,3,Sasha Pieterse,S25_Sasha Pieterse __ Gleb Savchenko,19.0,0.091461293194407,11,4,15,0.0778688524590164,0.16933014565342341,2,False
25,3,Terrell Owens,S25_Terrell Owens __ Cheryl Burke,21.0,0.0928581740907021,10,3,13,0.0860655737704918,0.17892374786119392,2,False
25,3,Vanessa Lachey,S25_Vanessa Lachey __ Maksim Chmerkoskiy,23.0,0.0912893355185122,4,6,10,0.0942622950819672,0.1855516306004794,2,False
25,3,Victoria Arlen,S25_Victoria Arlen __ Valentin Chmerkovskiy,22.0,0.0859366484691917,5,11,16,0.09016393442622951,0.17610058289542121,2,False
25,5,Drew Scott,S25_Drew Scott __ Emma Slater,25.0,0.1066669283504435,6,4,10,0.09578544061302682,0.20245236896347032,1,False
25,5,Frankie Muniz,S25_Frankie Muniz __ Witney Carson,29.0,0.1010288476532513,2,7,9,0.1111111111111111,0.21213995876436242,1,False
25,5,Jordan Fisher,S25_Jordan Fisher __ Lindsay Arnold,30.0,0.0995231624081577,1,8,9,0.11494252873563218,0.21446569114378988,1,False
25,5,Lindsey Stirling,S25_Lindsey Stirling __ Mark Ballas,28.0,0.1023931013622542,3,6,9,0.10727969348659004,0.20967279484884424,1,False
25,5,Nick Lachey,S25_Nick Lachey __ Peta Murgatroyd,22.0,0.1193776371632584,10,1,11,0.0842911877394636,0.203668824902722,1,False
25,5,Nikki Bella,S25_Nikki Bella __ Artem Chigvintsev,27.0,0.1094550271124935,4,3,7,0.10344827586206896,0.21290330297456245,1,False
25,5,Sasha Pieterse,S25_Sasha Pieterse __ Gleb Savchenko,24.0,0.0437011708951716,8,10,18,0.09195402298850575,0.13565519388367736,1,False
25,5,Terrell Owens,S25_Terrell Owens __ Cheryl Burke,25.0,0.1139755022760051,7,2,9,0.09578544061302682,0.2097609428890319,1,False
25,5,Vanessa Lachey,S25_Vanessa Lachey __ Maksim Chmerkoskiy,24.0,0.1064931043559468,9,5,14,0.09195402298850575,0.19844712734445255,1,False
25,5,Victoria Arlen,S25_Victoria Arlen __ Valentin Chmerkovskiy,27.0,0.0973855184230176,5,9,14,0.10344827586206896,0.20083379428508658,1,False
25,6,Drew Scott,S25_Drew Scott __ Emma Slater,30.0,0.1238873680569021,8,2,10,0.09803921568627451,0.22192658374317661,1,False
25,6,Frankie Muniz,S25_Frankie Muniz __ Witney Carson,31.0,0.1210935969643791,6,3,9,0.10130718954248366,0.22240078650686276,1,False
25,6,Jordan Fisher,S25_Jordan Fisher __ Lindsay Arnold,39.0,0.1078851845225727,2,8,10,0.12745098039215685,0.23533616491472956,1,False
25,6,Lindsey Stirling,S25_Lindsey Stirling __ Mark Ballas,40.0,0.1098535691974064,1,7,8,0.13071895424836602,0.2405725234457724,1,False
25,6,Nick Lachey,S25_Nick Lachey __ Peta Murgatroyd,26.0,0.0635008630039869,9,9,18,0.08496732026143791,0.14846818326542482,1,False
25,6,Nikki Bella,S25_Nikki Bella __ Artem Chigvintsev,36.0,0.1192734876804398,4,4,8,0.11764705882352941,0.2369205465039692,1,False
25,6,Terrell Owens,S25_Terrell Owens __ Cheryl Burke,37.0,0.1249531964731665,3,1,4,0.12091503267973856,0.24586822915290507,1,False
25,6,Vanessa Lachey,S25_Vanessa Lachey __ Maksim Chmerkoskiy,36.0,0.1164151478077098,5,5,10,0.11764705882352941,0.23406220663123922,1,False
25,6,Victoria Arlen,S25_Victoria Arlen __ Valentin Chmerkovskiy,31.0,0.1131375862934365,7,6,13,0.10130718954248366,0.21444477583592014,1,False
25,7,Drew Scott,S25_Drew Scott __ Emma Slater,28.5,0.1431084496743879,2,3,5,0.1325581395348837,0.2756665892092716,1,False
25,7,Frankie Muniz,S25_Frankie Muniz __ Witney Carson,30.0,0.1398298066334502,1,4,5,0.13953488372093023,0.27936469035438044,1,False
25,7,Jordan Fisher,S25_Jordan Fisher __ Lindsay Arnold,27.0,0.1345660794334888,4,6,10,0.12558139534883722,0.260147474782326,1,False
25,7,Lindsey Stirling,S25_Lindsey Stirling __ Mark Ballas,25.5,0.1482046967084127,6,2,8,0.1186046511627907,0.26680934787120336,1,False
25,7,Nikki Bella,S25_Nikki Bella __ Artem Chigvintsev,24.0,0.0767208951836998,8,7,15,0.11162790697674418,0.18834880216044397,1,False
25,7,Terrell Owens,S25_Terrell Owens __ Cheryl Burke,24.5,0.1536845488935194,7,1,8,0.11395348837209303,0.2676380372656124,1,False
25,7,Vanessa Lachey,S25_Vanessa Lachey __ Maksim Chmerkoskiy,27.0,0.0688977289587993,5,8,13,0.12558139534883722,0.19447912430763653,1,False
25,7,Victoria Arlen,S25_Victoria Arlen __ Valentin Chmerkovskiy,28.5,0.1349877945142414,3,5,8,0.1325581395348837,0.2675459340491251,1,False
25,8,Drew Scott,S25_Drew Scott __ Emma Slater,23.5,0.1908091586036242,6,1,7,0.1501597444089457,0.3409689030125699,2,False
25,8,Frankie Muniz,S25_Frankie Muniz __ Witney Carson,26.5,0.1789962081624171,3,4,7,0.16932907348242812,0.3483252816448452,2,False
25,8,Jordan Fisher,S25_Jordan Fisher __ Lindsay Arnold,30.0,0.1629173794733876,1,5,6,0.19169329073482427,0.3546106702082119,2,False
25,8,Lindsey Stirling,S25_Lindsey Stirling __ Mark Ballas,27.0,0.1861875201292061,2,2,4,0.17252396166134185,0.35871148179054796,2,False
25,8,Terrell Owens,S25_Terrell Owens __ Cheryl Burke,25.5,0.0999412010983408,4,6,10,0.16293929712460065,0.26288049822294146,2,False
25,8,Victoria Arlen,S25_Victoria Arlen __ Valentin Chmerkovskiy,24.0,0.181148532533024,5,3,8,0.15335463258785942,0.3345031651208834,2,False
25,9,Drew Scott,S25_Drew Scott __ Emma Slater,24.0,0.2341707893077088,5,1,6,0.17777777777777778,0.41194856708548655,1,False
25,9,Frankie Muniz,S25_Frankie Muniz __ Witney Carson,25.5,0.2229120883834929,4,3,7,0.18888888888888888,0.4118009772723818,1,False
25,9,Jordan Fisher,S25_Jordan Fisher __ Lindsay Arnold,29.0,0.1977000211101839,1,4,5,0.21481481481481482,0.4125148359249987,1,False
25,9,Lindsey Stirling,S25_Lindsey Stirling __ Mark Ballas,28.5,0.222998632540843,2,2,4,0.2111111111111111,0.4341097436519541,1,False
25,9,Victoria Arlen,S25_Victoria Arlen __ Valentin Chmerkovskiy,28.0,0.1222184686577716,3,5,8,0.2074074074074074,0.329625876065179,1,False
26,2,Adam Rippon,S26_Adam Rippon __ Jenna Johnson,37.0,0.1360265342791539,1,6,7,0.1383177570093458,0.2743442912884997,2,False
26,2,Arike Ogunbowale,S26_Arike Ogunbowale __ Gleb Savchenko,35.0,0.0656535079236881,3,8,11,0.1308411214953271,0.1964946294190152,2,False
26,2,Chris Mazdzer,S26_Chris Mazdzer __ Witney Carson,33.0,0.1439654223355251,4,3,7,0.1233644859813084,0.2673299083168335,2,False
26,2,Jennie Finch Daigle,S26_Jennie Finch Daigle __ Keo Motsepe,31.5,0.1478517565211086,6,1,7,0.11775700934579439,0.26560876586690296,2,False
26,2,Josh Norman,S26_Josh Norman __ Sharna Burgess,31.5,0.1458607353261769,7,2,9,0.11775700934579439,0.2636177446719713,2,False
26,2,Kareem Abdul-Jabbar,S26_Kareem Abdul-Jabbar __ Lindsay Arnold,29.5,0.0820142789736892,8,7,15,0.1102803738317757,0.1922946528054649,2,False
26,2,Mirai Nagasu,S26_Mirai Nagasu __ Alan Bersten,37.0,0.1362946454806664,2,5,7,0.1383177570093458,0.2746124024900122,2,False
26,2,Tonya Harding,S26_Tonya Harding __ Sasha Farber,33.0,0.1423331191599916,5,4,9,0.1233644859813084,0.26569760514130003,2,False
26,3,Adam Rippon,S26_Adam Rippon __ Jenna Johnson,41.0,0.1936038958526925,1,3,4,0.1943127962085308,0.3879166920612233,2,False
26,3,Chris Mazdzer,S26_Chris Mazdzer __ Witney Carson,33.0,0.1299711599743798,5,5,10,0.15639810426540285,0.28636926423978265,2,False
26,3,Jennie Finch Daigle,S26_Jennie Finch Daigle __ Keo Motsepe,29.0,0.1412436907024235,6,4,10,0.13744075829383887,0.2786844489962624,2,False
26,3,Josh Norman,S26_Josh Norman __ Sharna Burgess,38.0,0.2053659826736556,2,2,4,0.18009478672985782,0.3854607694035134,2,False
26,3,Mirai Nagasu,S26_Mirai Nagasu __ Alan Bersten,35.0,0.1191942851295115,3,6,9,0.16587677725118483,0.28507106238069635,2,False
26,3,Tonya Harding,S26_Tonya Harding __ Sasha Farber,35.0,0.2106209856673366,4,1,5,0.16587677725118483,0.37649776291852144,2,False
27,2,Alexis Ren,S27_Alexis Ren __ Alan Bersten,24.5,0.0841718893287563,4,9,13,0.09057301293900184,0.17474490226775813,1,False
27,2,Bobby Bones,S27_Bobby Bones __ Sharna Burgess,19.5,0.0907779019560195,10,2,12,0.07208872458410351,0.16286662654012302,1,False
27,2,Danelle Umstead,S27_Danelle Umstead __ Artem Chigvintsev,18.5,0.0346753592604721,11,12,23,0.06839186691312385,0.10306722617359595,1,False
27,2,DeMarcus Ware,S27_DeMarcus Ware __ Lindsay Arnold,23.5,0.0843522060960277,6,8,14,0.08687615526802218,0.1712283613640499,1,False
27,2,Evanna Lynch,S27_Evanna Lynch __ Keo Motsepe,24.0,0.0874613019518049,5,7,12,0.08872458410351201,0.17618588605531693,1,False
27,2,Joe Amabile,S27_Joe Amabile __ Jenna Johnson,17.5,0.0979054084107962,12,1,13,0.06469500924214418,0.16260041765294037,1,False
27,2,John Schneider,S27_John Schneider __ Emma Slater,21.5,0.0891946081328988,8,4,12,0.07948243992606285,0.16867704805896166,1,False
27,2,Juan Pablo Di Pace,S27_Juan Pablo Di Pace __ Cheryl Burke,26.0,0.0819620097184698,1,11,12,0.09611829944547134,0.17808030916394113,1,False
27,2,Mary Lou Retton,S27_Mary Lou Retton __ Sasha Farber,23.0,0.0878789736416312,7,6,13,0.08502772643253234,0.17290670007416353,1,False
27,2,Milo Manheim,S27_Milo Manheim __ Witney Carson,26.0,0.088337507730579,2,5,7,0.09611829944547134,0.18445580717605034,1,False
27,2,Nancy McKeon,S27_Nancy McKeon __ Valentin Chmerkovskiy,20.5,0.0893450476414343,9,3,12,0.07578558225508318,0.1651306298965175,1,False
27,2,Tinashe,S27_Tinashe __ Brandon Armstrong,26.0,0.0839377861311098,3,10,13,0.09611829944547134,0.18005608557658115,1,False
27,3,Alexis Ren,S27_Alexis Ren __ Alan Bersten,26.0,0.0931851759184797,5,6,11,0.0959409594095941,0.18912613532807382,1,False
27,3,Bobby Bones,S27_Bobby Bones __ Sharna Burgess,23.0,0.0991217355424287,8,4,12,0.08487084870848709,0.1839925842509158,1,False
27,3,DeMarcus Ware,S27_DeMarcus Ware __ Lindsay Arnold,26.0,0.0914757425812943,6,8,14,0.0959409594095941,0.1874167019908884,1,False
27,3,Evanna Lynch,S27_Evanna Lynch __ Keo Motsepe,27.0,0.0924337672512072,2,7,9,0.0996309963099631,0.1920647635611703,1,False
27,3,Joe Amabile,S27_Joe Amabile __ Jenna Johnson,18.0,0.112733108582069,11,1,12,0.06642066420664207,0.17915377278871109,1,False
27,3,John Schneider,S27_John Schneider __ Emma Slater,21.0,0.1008190547202453,10,2,12,0.07749077490774908,0.17830982962799438,1,False
27,3,Juan Pablo Di Pace,S27_Juan Pablo Di Pace __ Cheryl Burke,30.0,0.0853496711711838,1,10,11,0.11070110701107011,0.19605077818225392,1,False
27,3,Mary Lou Retton,S27_Mary Lou Retton __ Sasha Farber,24.0,0.0998737543109614,7,3,10,0.08856088560885608,0.1884346399198175,1,False
27,3,Milo Manheim,S27_Milo Manheim __ Witney Carson,27.0,0.0973357720306332,3,5,8,0.0996309963099631,0.1969667683405963,1,False
27,3,Nancy McKeon,S27_Nancy McKeon __ Valentin Chmerkovskiy,22.0,0.0369625902184374,9,11,20,0.08118081180811808,0.11814340202655547,1,False
27,3,Tinashe,S27_Tinashe __ Brandon Armstrong,27.0,0.0907096276730597,4,9,13,0.0996309963099631,0.19034062398302282,1,False
27,4,Alexis Ren,S27_Alexis Ren __ Alan Bersten,25.0,0.0991264983204761,4,7,11,0.10775862068965517,0.20688511901013126,1,False
27,4,Bobby Bones,S27_Bobby Bones __ Sharna Burgess,20.0,0.1141258079600892,9,2,11,0.08620689655172414,0.20033270451181334,1,False
27,4,DeMarcus Ware,S27_DeMarcus Ware __ Lindsay Arnold,22.0,0.1040587800325923,7,5,12,0.09482758620689655,0.19888636623948885,1,False
27,4,Evanna Lynch,S27_Evanna Lynch __ Keo Motsepe,24.0,0.1028952129435075,5,6,11,0.10344827586206896,0.20634348880557646,1,False
27,4,Joe Amabile,S27_Joe Amabile __ Jenna Johnson,15.0,0.1374420451516745,10,1,11,0.06465517241379311,0.2020972175654676,1,False
27,4,John Schneider,S27_John Schneider __ Emma Slater,21.0,0.1126353668797821,8,3,11,0.09051724137931035,0.20315260825909243,1,False
27,4,Juan Pablo Di Pace,S27_Juan Pablo Di Pace __ Cheryl Burke,24.0,0.0955254604130556,6,8,14,0.10344827586206896,0.19897373627512455,1,False
27,4,Mary Lou Retton,S27_Mary Lou Retton __ Sasha Farber,26.0,0.1087351980852843,2,4,6,0.11206896551724138,0.2208041636025257,1,False
27,4,Milo Manheim,S27_Milo Manheim __ Witney Carson,29.0,0.0950850300050142,1,9,10,0.125,0.2200850300050142,1,False
27,4,Tinashe,S27_Tinashe __ Brandon Armstrong,26.0,0.0303706002085236,3,10,13,0.11206896551724138,0.142439565725765,1,False
27,5,Alexis Ren,S27_Alexis Ren __ Alan Bersten,29.0,0.1012863232078793,1,7,8,0.13063063063063063,0.2319169538385099,1,False
27,5,Bobby Bones,S27_Bobby Bones __ Sharna Burgess,21.0,0.120683324594029,8,2,10,0.0945945945945946,0.2152779191886236,1,False
27,5,DeMarcus Ware,S27_DeMarcus Ware __ Lindsay Arnold,26.0,0.1086009260572392,4,5,9,0.11711711711711711,0.22571804317435631,1,False
27,5,Evanna Lynch,S27_Evanna Lynch __ Keo Motsepe,24.0,0.1076560389186704,6,6,12,0.10810810810810811,0.2157641470267785,1,False
27,5,Joe Amabile,S27_Joe Amabile __ Jenna Johnson,17.0,0.1428528642085535,9,1,10,0.07657657657657657,0.21942944078513008,1,False
27,5,John Schneider,S27_John Schneider __ Emma Slater,24.0,0.1154388400859197,7,3,10,0.10810810810810811,0.22354694819402782,1,False
27,5,Juan Pablo Di Pace,S27_Juan Pablo Di Pace __ Cheryl Burke,29.0,0.0966424234414175,2,8,10,0.13063063063063063,0.22727305407204812,1,False
27,5,Mary Lou Retton,S27_Mary Lou Retton __ Sasha Farber,25.0,0.1111380791288102,5,4,9,0.11261261261261261,0.2237506917414228,1,False
27,5,Milo Manheim,S27_Milo Manheim __ Witney Carson,27.0,0.0957011803574807,3,9,12,0.12162162162162163,0.2173228019791023,1,False
27,7,Alexis Ren,S27_Alexis Ren __ Alan Bersten,27.5,0.1400203712207826,4,3,7,0.12643678160919541,0.266457152829978,1,False
27,7,Bobby Bones,S27_Bobby Bones __ Sharna Burgess,26.5,0.1540127764632083,6,2,8,0.12183908045977011,0.2758518569229784,1,False
27,7,DeMarcus Ware,S27_DeMarcus Ware __ Lindsay Arnold,26.5,0.0694834059576365,7,8,15,0.12183908045977011,0.19132248641740662,1,False
27,7,Evanna Lynch,S27_Evanna Lynch __ Keo Motsepe,29.5,0.134281126367122,1,4,5,0.135632183908046,0.26991331027516796,1,False
27,7,Joe Amabile,S27_Joe Amabile __ Jenna Johnson,23.5,0.1724918181438528,8,1,9,0.10804597701149425,0.28053779515534705,1,False
27,7,John Schneider,S27_John Schneider __ Emma Slater,27.0,0.0730551527979587,5,7,12,0.12413793103448276,0.19719308383244144,1,False
27,7,Juan Pablo Di Pace,S27_Juan Pablo Di Pace __ Cheryl Burke,28.0,0.1278161988152151,3,6,9,0.12873563218390804,0.25655183099912315,1,False
27,7,Milo Manheim,S27_Milo Manheim __ Witney Carson,29.0,0.1288391502342237,2,5,7,0.13333333333333333,0.26217248356755707,1,False
27,8,Alexis Ren,S27_Alexis Ren __ Alan Bersten,29.0,0.1882774154590374,2,2,4,0.18012422360248448,0.3684016390615219,2,False
27,8,Bobby Bones,S27_Bobby Bones __ Sharna Burgess,22.5,0.2184025139439299,6,1,7,0.13975155279503104,0.35815406673896094,2,False
27,8,Evanna Lynch,S27_Evanna Lynch __ Keo Motsepe,29.0,0.1814166336927679,3,4,7,0.18012422360248448,0.36154085729525237,2,False
27,8,Joe Amabile,S27_Joe Amabile __ Jenna Johnson,23.0,0.1333133980777225,5,5,10,0.14285714285714285,0.27617054093486537,2,False
27,8,Juan Pablo Di Pace,S27_Juan Pablo Di Pace __ Cheryl Burke,30.0,0.092745871113429,1,6,7,0.18633540372670807,0.27908127484013706,2,False
27,8,Milo Manheim,S27_Milo Manheim __ Witney Carson,27.5,0.1858441677131133,4,3,7,0.17080745341614906,0.35665162112926235,2,False
28,3,Ally Brooke,S28_Ally Brooke __ Sasha Farber,24.0,0.0876534176401507,1,10,11,0.12121212121212122,0.2088655388522719,2,False
28,3,Hannah Brown,S28_Hannah Brown __ Alan Bersten,21.0,0.0995010687771559,5,5,10,0.10606060606060606,0.20556167483776194,2,False
28,3,James Van Der Beek,S28_James Van Der Beek __ Emma Slater,23.0,0.0925321055449835,3,8,11,0.11616161616161616,0.20869372170659967,2,False
28,3,Karamo Brown,S28_Karamo Brown __ Jenna Johnson,16.0,0.0931567733596373,8,7,15,0.08080808080808081,0.17396485416771812,2,False
28,3,Kate Flannery,S28_Kate Flannery __ Pasha Pashkov,24.0,0.089960109604613,2,9,11,0.12121212121212122,0.2111722308167342,2,False
28,3,Kel Mitchell,S28_Kel Mitchell __ Witney Carson,20.0,0.0978051848739631,6,6,12,0.10101010101010101,0.1988152858840641,2,False
28,3,Lamar Odom,S28_Lamar Odom __ Peta Murgatroyd,12.0,0.1250144769687786,10,1,11,0.06060606060606061,0.1856205375748392,2,False
28,3,Lauren Alaina,S28_Lauren Alaina __ Gleb Savchenko,20.0,0.1019752009833449,7,4,11,0.10101010101010101,0.2029853019934459,2,False
28,3,Sailor Brinkley-Cook,S28_Sailor Brinkley-Cook __ Valentin Chmerkovskiy,23.0,0.1033682218730168,4,3,7,0.11616161616161616,0.21952983803463294,2,False
28,3,Sean Spicer,S28_Sean Spicer __ Lindsay Arnold,15.0,0.1090334403743557,9,2,11,0.07575757575757576,0.18479101613193144,2,False
28,5,Ally Brooke,S28_Ally Brooke __ Sasha Farber,27.0,0.0988211578096863,1,9,10,0.12558139534883722,0.22440255315852353,1,False
28,5,Hannah Brown,S28_Hannah Brown __ Alan Bersten,25.0,0.106043728471557,4,7,11,0.11627906976744186,0.22232279823899886,1,False
28,5,James Van Der Beek,S28_James Van Der Beek __ Emma Slater,26.0,0.1066190460438555,2,6,8,0.12093023255813953,0.22754927860199503,1,False
28,5,Karamo Brown,S28_Karamo Brown __ Jenna Johnson,21.0,0.1051239838230427,8,8,16,0.09767441860465116,0.20279840242769387,1,False
28,5,Kate Flannery,S28_Kate Flannery __ Pasha Pashkov,24.0,0.1088695689513801,5,4,9,0.11162790697674418,0.2204974759281243,1,False
28,5,Kel Mitchell,S28_Kel Mitchell __ Witney Carson,26.0,0.1135181432847282,3,3,6,0.12093023255813953,0.23444837584286773,1,False
28,5,Lauren Alaina,S28_Lauren Alaina __ Gleb Savchenko,23.0,0.1081389544198645,7,5,12,0.10697674418604651,0.215115698605911,1,False
28,5,Sailor Brinkley-Cook,S28_Sailor Brinkley-Cook __ Valentin Chmerkovskiy,24.0,0.1199641209282064,6,2,8,0.11162790697674418,0.2315920279049506,1,False
28,5,Sean Spicer,S28_Sean Spicer __ Lindsay Arnold,19.0,0.1329012962676791,9,1,10,0.08837209302325581,0.22127338929093493,1,False
28,7,Ally Brooke,S28_Ally Brooke __ Sasha Farber,27.0,0.127476933979479,1,4,5,0.13366336633663367,0.2611403003161127,1,False
28,7,Hannah Brown,S28_Hannah Brown __ Alan Bersten,26.0,0.1332292908054115,4,3,7,0.12871287128712872,0.2619421620925402,1,False
28,7,James Van Der Beek,S28_James Van Der Beek __ Emma Slater,27.0,0.0780581640648101,2,8,10,0.13366336633663367,0.21172153040144376,1,False
28,7,Karamo Brown,S28_Karamo Brown __ Jenna Johnson,24.5,0.0829046068128853,6,7,13,0.12128712871287128,0.2041917355257566,1,False
28,7,Kate Flannery,S28_Kate Flannery __ Pasha Pashkov,24.0,0.1361435902785205,7,2,9,0.1188118811881188,0.2549554714666393,1,False
28,7,Kel Mitchell,S28_Kel Mitchell __ Witney Carson,25.5,0.1223238499961222,5,5,10,0.12623762376237624,0.24856147375849844,1,False
28,7,Lauren Alaina,S28_Lauren Alaina __ Gleb Savchenko,27.0,0.0948688233794451,3,6,9,0.13366336633663367,0.22853218971607878,1,False
28,7,Sean Spicer,S28_Sean Spicer __ Lindsay Arnold,21.0,0.2249947406833261,8,1,9,0.10396039603960396,0.32895513672293003,1,False
28,8,Ally Brooke,S28_Ally Brooke __ Sasha Farber,30.0,0.137148500288942,3,5,8,0.15544105882304174,0.2925895591119837,1,False
28,8,Hannah Brown,S28_Hannah Brown __ Alan Bersten,30.9998,0.1386413866051679,2,4,6,0.160621391176751,0.2992627777819189,1,False
28,8,James Van Der Beek,S28_James Van Der Beek __ Emma Slater,31.9998,0.0852993235792245,1,6,7,0.1658027598041857,0.2511020833834102,1,False
28,8,Kate Flannery,S28_Kate Flannery __ Pasha Pashkov,25.9998,0.083306383773642,5,7,12,0.13471454803957736,0.21802093181321935,1,False
28,8,Kel Mitchell,S28_Kel Mitchell __ Witney Carson,29.9998,0.1456721122986358,4,3,7,0.15544002254931627,0.3011121348479521,1,False
28,8,Lauren Alaina,S28_Lauren Alaina __ Gleb Savchenko,24.0,0.1513516969290627,6,2,8,0.1243528470584334,0.2757045439874961,1,False
28,8,Sean Spicer,S28_Sean Spicer __ Lindsay Arnold,20.0,0.2585805965253246,7,1,8,0.1036273725486945,0.3622079690740191,1,False
28,9,Ally Brooke,S28_Ally Brooke __ Sasha Farber,40.0,0.1518159251309404,1,5,6,0.19184652278177458,0.34366244791271494,1,False
28,9,Hannah Brown,S28_Hannah Brown __ Alan Bersten,35.5,0.1772338245250644,4,3,7,0.17026378896882494,0.3474976134938893,1,False
28,9,James Van Der Beek,S28_James Van Der Beek __ Emma Slater,36.0,0.0966179392480105,3,6,9,0.17266187050359713,0.26927980975160765,1,False
28,9,Kel Mitchell,S28_Kel Mitchell __ Witney Carson,37.0,0.1677633845179192,2,4,6,0.1774580335731415,0.34522141809106066,1,False
28,9,Lauren Alaina,S28_Lauren Alaina __ Gleb Savchenko,35.0,0.2169538972800732,5,1,6,0.16786570743405277,0.38481960471412596,1,False
28,9,Sean Spicer,S28_Sean Spicer __ Lindsay Arnold,25.0,0.1896150292979921,6,2,8,0.11990407673860912,0.3095191060366012,1,False
28,10,Ally Brooke,S28_Ally Brooke __ Sasha Farber,29.5,0.1875212109598976,1,4,5,0.21454545454545454,0.40206666550535214,1,False
28,10,Hannah Brown,S28_Hannah Brown __ Alan Bersten,27.0,0.2231026649113132,3,2,5,0.19636363636363635,0.41946630127494955,1,False
28,10,James Van Der Beek,S28_James Van Der Beek __ Emma Slater,25.5,0.111534713375487,5,5,10,0.18545454545454546,0.29698925883003247,1,False
28,10,Kel Mitchell,S28_Kel Mitchell __ Witney Carson,28.5,0.2051673143155865,2,3,5,0.20727272727272728,0.41244004158831377,1,False
28,10,Lauren Alaina,S28_Lauren Alaina __ Gleb Savchenko,27.0,0.272674096437716,4,1,5,0.19636363636363635,0.46903773280135236,1,False
29,3,AJ McLean,S29_AJ McLean __ Cheryl Burke,21.0,0.0744564005755606,7,6,13,0.07473309608540925,0.14918949666096987,1,False
29,3,Anne Heche,S29_Anne Heche __ Keo Motsepe,15.0,0.0797694120666477,13,2,15,0.05338078291814947,0.13315019498479716,1,False
29,3,Carole Baskin,S29_Carole Baskin __ Pasha Pashkov,12.0,0.0366243293259759,14,14,28,0.042704626334519574,0.07932895566049547,1,False
29,3,Chrishell Stause,S29_Chrishell Stause __ Gleb Savchenko,22.0,0.071501358250761,4,8,12,0.07829181494661921,0.14979317319738022,1,False
29,3,Jeannie Mai,S29_Jeannie Mai __ Brandon Armstrong,22.0,0.0751761685706724,5,5,10,0.07829181494661921,0.15346798351729163,1,False
29,3,Jesse Metcalfe,S29_Jesse Metcalfe __ Sharna Burgess,20.0,0.0691445668977912,9,12,21,0.0711743772241993,0.14031894412199047,1,False
29,3,Johnny Weir,S29_Johnny Weir __ Britt Stewart,24.0,0.0701959610395601,1,10,11,0.08540925266903915,0.15560521370859925,1,False
29,3,Justina Machado,S29_Justina Machado __ Sasha Farber,19.0,0.0705683881206741,10,9,19,0.06761565836298933,0.13818404648366345,1,False
29,3,Kaitlyn Bristowe,S29_Kaitlyn Bristowe __ Artem Chigvintsev,23.0,0.0647530190143474,3,13,16,0.08185053380782918,0.14660355282217657,1,False
29,3,Monica Aldama,S29_Monica Aldama __ Valentin Chmerkovskiy,21.0,0.0792648191663541,8,3,11,0.07473309608540925,0.15399791525176335,1,False
29,3,Nelly,S29_Nelly __ Daniella Karagach,18.0,0.0770312839101232,11,4,15,0.06405693950177936,0.14108822341190258,1,False
29,3,Nev Schulman,S29_Nev Schulman __ Jenna Johnson,24.0,0.0695435861721628,2,11,13,0.08540925266903915,0.15495283884120195,1,False
29,3,Skai Jackson,S29_Skai Jackson __ Alan Bersten,18.0,0.0886579815281304,12,1,13,0.06405693950177936,0.15271492102990974,1,False
29,3,Veron Davis,S29_Veron Davis __ Peta Murgatroyd,22.0,0.0733127253612386,6,7,13,0.07829181494661921,0.1516045403078578,1,False
29,4,AJ McLean,S29_AJ McLean __ Cheryl Burke,24.0,0.0783605287989056,3,7,10,0.07973421926910298,0.15809474806800858,1,False
29,4,Anne Heche,S29_Anne Heche __ Keo Motsepe,21.0,0.0354130755865865,10,13,23,0.06976744186046512,0.10518051744705162,1,False
29,4,Chrishell Stause,S29_Chrishell Stause __ Gleb Savchenko,22.0,0.0768002737977974,8,8,16,0.07308970099667775,0.14988997479447513,1,False
29,4,Jeannie Mai,S29_Jeannie Mai __ Brandon Armstrong,21.0,0.0862988211242638,11,3,14,0.06976744186046512,0.15606626298472892,1,False
29,4,Jesse Metcalfe,S29_Jesse Metcalfe __ Sharna Burgess,21.0,0.0828796679025738,12,4,16,0.06976744186046512,0.1526471097630389,1,False
29,4,Johnny Weir,S29_Johnny Weir __ Britt Stewart,24.0,0.0735537918297895,4,10,14,0.07973421926910298,0.15328801109889248,1,False
29,4,Justina Machado,S29_Justina Machado __ Sasha Farber,24.0,0.0761020588987317,5,9,14,0.07973421926910298,0.15583627816783469,1,False
29,4,Kaitlyn Bristowe,S29_Kaitlyn Bristowe __ Artem Chigvintsev,25.0,0.0675922243687745,2,12,14,0.08305647840531562,0.15064870277409012,1,False
29,4,Monica Aldama,S29_Monica Aldama __ Valentin Chmerkovskiy,24.0,0.0819988858181135,6,5,11,0.07973421926910298,0.1617331050872165,1,False
29,4,Nelly,S29_Nelly __ Daniella Karagach,21.0,0.0917282124205495,13,2,15,0.06976744186046512,0.16149565428101462,1,False
29,4,Nev Schulman,S29_Nev Schulman __ Jenna Johnson,24.0,0.0730675414167426,7,11,18,0.07973421926910298,0.15280176068584558,1,False
29,4,Skai Jackson,S29_Skai Jackson __ Alan Bersten,28.0,0.0946173965335992,1,1,2,0.09302325581395349,0.18764065234755267,1,False
29,4,Veron Davis,S29_Veron Davis __ Peta Murgatroyd,22.0,0.0815875215035717,9,6,15,0.07308970099667775,0.15467722250024946,1,False
29,5,AJ McLean,S29_AJ McLean __ Cheryl Burke,24.0,0.0861565955531448,5,7,12,0.08362369337979095,0.16978028893293573,1,False
29,5,Chrishell Stause,S29_Chrishell Stause __ Gleb Savchenko,19.0,0.0943830306975419,11,5,16,0.06620209059233449,0.1605851212898764,1,False
29,5,Jeannie Mai,S29_Jeannie Mai __ Brandon Armstrong,24.0,0.0967580464514941,6,3,9,0.08362369337979095,0.18038173983128505,1,False
29,5,Jesse Metcalfe,S29_Jesse Metcalfe __ Sharna Burgess,19.0,0.0446514594687767,12,12,24,0.06620209059233449,0.1108535500611112,1,False
29,5,Johnny Weir,S29_Johnny Weir __ Britt Stewart,29.0,0.0774441829698317,1,9,10,0.10104529616724739,0.17848947913707908,1,False
29,5,Justina Machado,S29_Justina Machado __ Sasha Farber,24.0,0.0813761932630841,7,8,15,0.08362369337979095,0.16499988664287504,1,False
29,5,Kaitlyn Bristowe,S29_Kaitlyn Bristowe __ Artem Chigvintsev,27.0,0.068833934457661,2,11,13,0.09407665505226481,0.16291058950992582,1,False
29,5,Monica Aldama,S29_Monica Aldama __ Valentin Chmerkovskiy,26.0,0.0864167071868821,3,6,9,0.09059233449477352,0.17700904168165563,1,False
29,5,Nelly,S29_Nelly __ Daniella Karagach,24.0,0.0970754742515768,8,1,9,0.08362369337979095,0.18069916763136773,1,False
29,5,Nev Schulman,S29_Nev Schulman __ Jenna Johnson,26.0,0.073379419871447,4,10,14,0.09059233449477352,0.16397175436622052,1,False
29,5,Skai Jackson,S29_Skai Jackson __ Alan Bersten,24.0,0.0970427255564829,9,2,11,0.08362369337979095,0.18066641893627383,1,False
29,5,Veron Davis,S29_Veron Davis __ Peta Murgatroyd,21.0,0.0964822302720765,10,4,14,0.07317073170731707,0.16965296197939356,1,False
29,6,AJ McLean,S29_AJ McLean __ Cheryl Burke,27.0,0.0955649679019147,1,5,6,0.10074626865671642,0.1963112365586311,1,False
29,6,Chrishell Stause,S29_Chrishell Stause __ Gleb Savchenko,24.0,0.1031503402672041,7,4,11,0.08955223880597014,0.19270257907317423,1,False
29,6,Jeannie Mai,S29_Jeannie Mai __ Brandon Armstrong,25.0,0.1050004321267541,6,3,9,0.09328358208955224,0.19828401421630634,1,False
29,6,Johnny Weir,S29_Johnny Weir __ Britt Stewart,22.0,0.0909120713768833,9,6,15,0.08208955223880597,0.17300162361568927,1,False
29,6,Justina Machado,S29_Justina Machado __ Sasha Farber,27.0,0.0839564086967726,2,8,10,0.10074626865671642,0.184702677353489,1,False
29,6,Kaitlyn Bristowe,S29_Kaitlyn Bristowe __ Artem Chigvintsev,27.0,0.070906072404926,3,10,13,0.10074626865671642,0.1716523410616424,1,False
29,6,Monica Aldama,S29_Monica Aldama __ Valentin Chmerkovskiy,27.0,0.0908631444117995,4,7,11,0.10074626865671642,0.19160941306851592,1,False
29,6,Nelly,S29_Nelly __ Daniella Karagach,24.0,0.1072729759332374,8,2,10,0.08955223880597014,0.19682521473920755,1,False
29,6,Nev Schulman,S29_Nev Schulman __ Jenna Johnson,26.0,0.0807218915562431,5,9,14,0.09701492537313433,0.17773681692937743,1,False
29,6,Skai Jackson,S29_Skai Jackson __ Alan Bersten,18.0,0.1168647688147312,11,1,12,0.06716417910447761,0.18402894791920882,1,False
29,6,Veron Davis,S29_Veron Davis __ Peta Murgatroyd,21.0,0.0547869265095335,10,11,21,0.07835820895522388,0.13314513546475737,1,False
29,7,AJ McLean,S29_AJ McLean __ Cheryl Burke,26.0,0.107992490363013,5,6,11,0.1,0.207992490363013,1,False
29,7,Chrishell Stause,S29_Chrishell Stause __ Gleb Savchenko,26.0,0.1160536569752626,6,3,9,0.1,0.2160536569752626,1,False
29,7,Jeannie Mai,S29_Jeannie Mai __ Brandon Armstrong,25.0,0.0580140642485083,8,10,18,0.09615384615384616,0.15416791040235445,1,False
29,7,Johnny Weir,S29_Johnny Weir __ Britt Stewart,27.0,0.09610444706724,2,7,9,0.10384615384615385,0.19995060091339384,1,False
29,7,Justina Machado,S29_Justina Machado __ Sasha Farber,26.0,0.1083059690344549,7,5,12,0.1,0.20830596903445492,1,False
29,7,Kaitlyn Bristowe,S29_Kaitlyn Bristowe __ Artem Chigvintsev,24.0,0.1170409797746261,9,2,11,0.09230769230769231,0.20934867208231842,1,False
29,7,Monica Aldama,S29_Monica Aldama __ Valentin Chmerkovskiy,22.0,0.0686772979354614,10,9,19,0.08461538461538462,0.15329268255084602,1,False
29,7,Nelly,S29_Nelly __ Daniella Karagach,27.0,0.1151519295074,3,4,7,0.10384615384615385,0.21899808335355386,1,False
29,7,Nev Schulman,S29_Nev Schulman __ Jenna Johnson,30.0,0.0865875961863321,1,8,9,0.11538461538461539,0.2019722115709475,1,False
29,7,Skai Jackson,S29_Skai Jackson __ Alan Bersten,27.0,0.126071568907701,4,1,5,0.10384615384615385,0.22991772275385486,1,False
29,8,AJ McLean,S29_AJ McLean __ Cheryl Burke,27.0,0.1323437187354804,5,4,9,0.12162184076007344,0.2539655594955538,2,False
29,8,Chrishell Stause,S29_Chrishell Stause __ Gleb Savchenko,27.0,0.0729193349745305,6,8,14,0.12162184076007344,0.19454117573460394,2,False
29,8,Johnny Weir,S29_Johnny Weir __ Britt Stewart,30.0,0.1091836160157972,1,6,7,0.13513537862230382,0.24431899463810103,2,False
29,8,Justina Machado,S29_Justina Machado __ Sasha Farber,28.9998,0.1209962777600631,3,5,8,0.13062996509903624,0.25162624285909935,2,False
29,8,Kaitlyn Bristowe,S29_Kaitlyn Bristowe __ Artem Chigvintsev,28.0,0.1377697212270348,4,3,7,0.1261263533808169,0.2638960746078517,2,False
29,8,Nelly,S29_Nelly __ Daniella Karagach,24.0,0.1668720263001333,8,1,9,0.10810830289784307,0.2749803291979764,2,False
29,8,Nev Schulman,S29_Nev Schulman __ Jenna Johnson,30.0,0.0979426893887354,2,7,9,0.13513537862230382,0.23307806801103922,2,False
29,8,Skai Jackson,S29_Skai Jackson __ Alan Bersten,26.9998,0.1619726155982254,7,2,9,0.1216209398575493,0.2835935554557747,2,False
29,9,AJ McLean,S29_AJ McLean __ Cheryl Burke,24.9998,0.0922900906167905,6,7,13,0.12953317941214265,0.22182327002893315,1,False
29,9,Johnny Weir,S29_Johnny Weir __ Britt Stewart,30.0,0.1155451201224644,1,5,6,0.15544105882304177,0.27098617894550614,1,False
29,9,Justina Machado,S29_Justina Machado __ Sasha Farber,25.9998,0.1545805447178208,5,3,8,0.1347145480395774,0.2892950927573982,1,False
29,9,Kaitlyn Bristowe,S29_Kaitlyn Bristowe __ Artem Chigvintsev,30.0,0.1491058075478306,2,4,6,0.15544105882304177,0.30454686637087236,1,False
29,9,Nelly,S29_Nelly __ Daniella Karagach,24.0,0.1993352366102528,7,1,8,0.12435284705843341,0.3236880836686862,1,False
29,9,Nev Schulman,S29_Nev Schulman __ Jenna Johnson,28.9998,0.1077512348031074,3,6,9,0.15025865392188156,0.258009888724989,1,False
29,9,Skai Jackson,S29_Skai Jackson __ Alan Bersten,28.9998,0.1813919655817327,4,2,6,0.15025865392188156,0.3316506195036143,1,False
29,10,Johnny Weir,S29_Johnny Weir __ Britt Stewart,28.5,0.1049152930233316,4,6,10,0.16379310344827586,0.26870839647160744,1,False
29,10,Justina Machado,S29_Justina Machado __ Sasha Farber,29.0,0.1968530065913209,3,2,5,0.16666666666666666,0.36351967325798756,1,False
29,10,Kaitlyn Bristowe,S29_Kaitlyn Bristowe __ Artem Chigvintsev,30.0,0.173490711292423,1,3,4,0.1724137931034483,0.3459045043958713,1,False
29,10,Nelly,S29_Nelly __ Daniella Karagach,28.0,0.2600554074863652,6,1,7,0.16091954022988506,0.4209749477162502,1,False
29,10,Nev Schulman,S29_Nev Schulman __ Jenna Johnson,30.0,0.1198168168090348,2,5,7,0.1724137931034483,0.29223060991248306,1,False
29,10,Skai Jackson,S29_Skai Jackson __ Alan Bersten,28.5,0.1448687647975243,5,4,9,0.16379310344827586,0.30866186824580016,1,False
30,3,Amanda Kloots,S30_Amanda Kloots __ Alan Bersten,24.0,0.0655055370655713,1,9,10,0.08053691275167785,0.14604244981724915,1,False
30,3,Brian Austin Green,S30_Brian Austin Green __ Sharna Burgess,19.0,0.0927905451078314,12,2,14,0.06375838926174497,0.15654893436957637,1,False
30,3,Christine Chiu,S30_Christine Chiu __ Pasha Pashkov,21.0,0.0221856300354426,7,14,21,0.07046979865771812,0.09265542869316072,1,False
30,3,Cody Rigsby,S30_Cody Rigsby __ Cheryl Burke,18.0,0.1027558938265072,14,1,15,0.06040268456375839,0.1631585783902656,1,False
30,3,Iman Shumpert,S30_Iman Shumpert __ Daniella Karagach,19.0,0.0892405191158551,13,4,17,0.06375838926174497,0.15299890837760005,1,False
30,3,Jimmie Allen,S30_Jimmie Allen __ Emma Slater,20.0,0.0802946745769388,10,5,15,0.06711409395973154,0.14740876853667034,1,False
30,3,JoJo Siwa,S30_JoJo Siwa __ Jenna Johnson,24.0,0.0654357651706272,2,10,12,0.08053691275167785,0.14597267792230506,1,False
30,3,Kenya Moore,S30_Kenya Moore __ Brandon Armstrong,21.0,0.0707359222732433,8,6,14,0.07046979865771812,0.1412057209309614,1,False
30,3,Matt James,S30_Matt James __ Lindsay Arnold,20.0,0.0897040695611399,11,3,14,0.06711409395973154,0.15681816352087144,1,False
30,3,Melanie C,S30_Melanie C __ Gleb Savchenko,22.0,0.0625448213994251,5,12,17,0.0738255033557047,0.1363703247551298,1,False
30,3,Melora Hardin,S30_Melora Hardin __ Artem Chigvintsev,23.0,0.0615499753964449,4,13,17,0.07718120805369127,0.1387311834501362,1,False
30,3,"Mike ""The Miz"" Mizanin","S30_Mike ""The Miz"" Mizanin __ Witney Carson",22.0,0.0659071626404774,6,8,14,0.0738255033557047,0.13973266599618211,1,False
30,3,Olivia Jade,S30_Olivia Jade __ Valentin Chmerkovskiy,24.0,0.066187613405997,3,7,10,0.08053691275167785,0.14672452615767484,1,False
30,3,Suni Lee,S30_Suni Lee __ Sasha Farber,21.0,0.0651618704244983,9,11,20,0.07046979865771812,0.1356316690822164,1,False
30,4,Amanda Kloots,S30_Amanda Kloots __ Alan Bersten,34.0,0.0688365128360702,4,7,11,0.0815347721822542,0.15037128501832442,1,False
30,4,Brian Austin Green,S30_Brian Austin Green __ Sharna Burgess,26.0,0.0545420674392002,13,12,25,0.06235011990407674,0.11689218734327694,1,False
30,4,Cody Rigsby,S30_Cody Rigsby __ Cheryl Burke,29.0,0.1194643331853122,11,1,12,0.06954436450839328,0.18900869769370549,1,False
30,4,Iman Shumpert,S30_Iman Shumpert __ Daniella Karagach,31.5,0.1043189511587935,9,2,11,0.07553956834532374,0.17985851950411724,1,False
30,4,Jimmie Allen,S30_Jimmie Allen __ Emma Slater,32.5,0.0922026329895615,7,4,11,0.07793764988009592,0.17014028286965743,1,False
30,4,JoJo Siwa,S30_JoJo Siwa __ Jenna Johnson,35.0,0.0676302897367871,2,9,11,0.08393285371702638,0.1515631434538135,1,False
30,4,Kenya Moore,S30_Kenya Moore __ Brandon Armstrong,29.5,0.095103640363139,10,3,13,0.07074340527577938,0.1658470456389184,1,False
30,4,Matt James,S30_Matt James __ Lindsay Arnold,28.5,0.0506355162625071,12,13,25,0.0683453237410072,0.1189808400035143,1,False
30,4,Melanie C,S30_Melanie C __ Gleb Savchenko,33.0,0.0713457747668796,6,6,12,0.07913669064748201,0.1504824654143616,1,False
30,4,Melora Hardin,S30_Melora Hardin __ Artem Chigvintsev,36.5,0.0643115458082529,1,11,12,0.08752997601918465,0.15184152182743754,1,False
30,4,"Mike ""The Miz"" Mizanin","S30_Mike ""The Miz"" Mizanin __ Witney Carson",32.5,0.0774678386908733,8,5,13,0.07793764988009592,0.15540548857096922,1,False
30,4,Olivia Jade,S30_Olivia Jade __ Valentin Chmerkovskiy,35.0,0.067900919685403,3,8,11,0.08393285371702638,0.15183377340242937,1,False
30,4,Suni Lee,S30_Suni Lee __ Sasha Farber,34.0,0.0662399770772201,5,10,15,0.0815347721822542,0.14777474925947431,1,False
30,5,Amanda Kloots,S30_Amanda Kloots __ Alan Bersten,39.0,0.0732549712190528,2,8,10,0.1012987012987013,0.1745536725177541,2,False
30,5,Cody Rigsby,S30_Cody Rigsby __ Cheryl Burke,32.0,0.1470967021922363,9,1,10,0.08311688311688312,0.23021358530911942,2,False
30,5,Iman Shumpert,S30_Iman Shumpert __ Daniella Karagach,28.0,0.1430139630106127,11,2,13,0.07272727272727272,0.21574123573788542,2,False
30,5,Jimmie Allen,S30_Jimmie Allen __ Emma Slater,34.0,0.1048411027480775,8,4,12,0.08831168831168831,0.1931527910597658,2,False
30,5,JoJo Siwa,S30_JoJo Siwa __ Jenna Johnson,40.0,0.0703682494741597,1,10,11,0.1038961038961039,0.1742643533702636,2,False
30,5,Kenya Moore,S30_Kenya Moore __ Brandon Armstrong,36.0,0.0946279586393252,3,5,8,0.09350649350649351,0.1881344521458187,2,False
30,5,Melanie C,S30_Melanie C __ Gleb Savchenko,36.0,0.0295130050290828,4,11,15,0.09350649350649351,0.12301949853557631,2,False
30,5,Melora Hardin,S30_Melora Hardin __ Artem Chigvintsev,36.0,0.0708665573048011,5,9,14,0.09350649350649351,0.1643730508112946,2,False
30,5,"Mike ""The Miz"" Mizanin","S30_Mike ""The Miz"" Mizanin __ Witney Carson",32.0,0.1172797866151228,10,3,13,0.08311688311688312,0.20039666973200593,2,False
30,5,Olivia Jade,S30_Olivia Jade __ Valentin Chmerkovskiy,36.0,0.0749595223838617,6,6,12,0.09350649350649351,0.1684660158903552,2,False
30,5,Suni Lee,S30_Suni Lee __ Sasha Farber,36.0,0.0741781813836672,7,7,14,0.09350649350649351,0.1676846748901607,2,False
30,6,Amanda Kloots,S30_Amanda Kloots __ Alan Bersten,38.0,0.0769152890139795,3,8,11,0.1043956043956044,0.1813108934095839,1,False
30,6,Cody Rigsby,S30_Cody Rigsby __ Cheryl Burke,36.0,0.1543343000699644,5,1,6,0.0989010989010989,0.2532353989710633,1,False
30,6,Iman Shumpert,S30_Iman Shumpert __ Daniella Karagach,40.0,0.1477661149462513,1,2,3,0.10989010989010989,0.2576562248363612,1,False
30,6,Jimmie Allen,S30_Jimmie Allen __ Emma Slater,38.0,0.1122576481211562,4,4,8,0.1043956043956044,0.2166532525167606,1,False
30,6,JoJo Siwa,S30_JoJo Siwa __ Jenna Johnson,40.0,0.0765273235908602,2,9,11,0.10989010989010989,0.1864174334809701,1,False
30,6,Kenya Moore,S30_Kenya Moore __ Brandon Armstrong,32.0,0.0563398222572351,10,10,20,0.08791208791208792,0.144251910169323,1,False
30,6,Melora Hardin,S30_Melora Hardin __ Artem Chigvintsev,34.0,0.0879643060646,8,5,13,0.09340659340659341,0.1813708994711934,1,False
30,6,"Mike ""The Miz"" Mizanin","S30_Mike ""The Miz"" Mizanin __ Witney Carson",34.0,0.1249213093989333,9,3,12,0.09340659340659341,0.21832790280552672,1,False
30,6,Olivia Jade,S30_Olivia Jade __ Valentin Chmerkovskiy,36.0,0.0822720724672326,6,6,12,0.0989010989010989,0.1811731713683315,1,False
30,6,Suni Lee,S30_Suni Lee __ Sasha Farber,36.0,0.0807018140697871,7,7,14,0.0989010989010989,0.179602912970886,1,False
30,7,Amanda Kloots,S30_Amanda Kloots __ Alan Bersten,34.0,0.0906977011378891,6,6,12,0.10397553516819572,0.1946732363060848,1,False
30,7,Cody Rigsby,S30_Cody Rigsby __ Cheryl Burke,36.0,0.1650524876760533,5,1,6,0.11009174311926606,0.27514423079531936,1,False
30,7,Iman Shumpert,S30_Iman Shumpert __ Daniella Karagach,34.0,0.1610716306810186,7,2,9,0.10397553516819572,0.2650471658492143,1,False
30,7,Jimmie Allen,S30_Jimmie Allen __ Emma Slater,38.0,0.1261115546493178,3,3,6,0.1162079510703364,0.24231950571965422,1,False
30,7,JoJo Siwa,S30_JoJo Siwa __ Jenna Johnson,39.0,0.0835092355489969,2,8,10,0.11926605504587157,0.20277529059486848,1,False
30,7,Melora Hardin,S30_Melora Hardin __ Artem Chigvintsev,38.0,0.0993723102503187,4,5,9,0.1162079510703364,0.2155802613206551,1,False
30,7,"Mike ""The Miz"" Mizanin","S30_Mike ""The Miz"" Mizanin __ Witney Carson",32.0,0.0787491938474761,9,9,18,0.09785932721712538,0.17660852106460148,1,False
30,7,Olivia Jade,S30_Olivia Jade __ Valentin Chmerkovskiy,42.0,0.0875173170108383,1,7,8,0.12844036697247707,0.21595768398331538,1,False
30,7,Suni Lee,S30_Suni Lee __ Sasha Farber,34.0,0.1079185691980908,8,4,12,0.10397553516819572,0.21189410436628653,1,False
30,8,Amanda Kloots,S30_Amanda Kloots __ Alan Bersten,42.0,0.0978853318293244,1,7,8,0.13636363636363635,0.23424896819296076,1,False
30,8,Cody Rigsby,S30_Cody Rigsby __ Cheryl Burke,38.0,0.1850911920638754,5,2,7,0.12337662337662338,0.3084678154404988,1,False
30,8,Iman Shumpert,S30_Iman Shumpert __ Daniella Karagach,35.0,0.197025560091814,7,1,8,0.11363636363636363,0.31066192372817764,1,False
30,8,Jimmie Allen,S30_Jimmie Allen __ Emma Slater,32.0,0.1099767058056857,8,5,13,0.1038961038961039,0.21387280970178962,1,False
30,8,JoJo Siwa,S30_JoJo Siwa __ Jenna Johnson,41.0,0.110680429466278,4,4,8,0.1331168831168831,0.24379731258316112,1,False
30,8,Melora Hardin,S30_Melora Hardin __ Artem Chigvintsev,42.0,0.1075386828975575,2,6,8,0.13636363636363635,0.24390231926119385,1,False
30,8,Olivia Jade,S30_Olivia Jade __ Valentin Chmerkovskiy,36.0,0.0709477152677926,6,8,14,0.11688311688311688,0.18783083215090948,1,False
30,8,Suni Lee,S30_Suni Lee __ Sasha Farber,42.0,0.1208543825776724,3,3,6,0.13636363636363635,0.25721801894130875,1,False
30,9,Amanda Kloots,S30_Amanda Kloots __ Alan Bersten,39.5,0.1289017020859711,2,4,6,0.1747787610619469,0.30368046314791797,2,False
30,9,Cody Rigsby,S30_Cody Rigsby __ Cheryl Burke,35.5,0.2572983173506453,6,1,7,0.1570796460176991,0.4143779633683444,2,False
30,9,Iman Shumpert,S30_Iman Shumpert __ Daniella Karagach,37.5,0.2418952822030756,3,2,5,0.16592920353982302,0.40782448574289865,2,False
30,9,JoJo Siwa,S30_JoJo Siwa __ Jenna Johnson,40.0,0.1402618324349213,1,3,4,0.17699115044247787,0.31725298287739917,2,False
30,9,Melora Hardin,S30_Melora Hardin __ Artem Chigvintsev,36.0,0.1276427123684377,5,5,10,0.1592920353982301,0.2869347477666678,2,False
30,9,Suni Lee,S30_Suni Lee __ Sasha Farber,37.5,0.1040001535569486,4,6,10,0.16592920353982302,0.2699293570967716,2,False
31,2,Charli D'Amelio,S31_Charli D'Amelio __ Mark Ballas,32.0,0.0640966637962774,1,12,13,0.07766990291262135,0.14176656670889876,1,False
31,2,Cheryl Ladd,S31_Cheryl Ladd __ Louis van Amstel,21.0,0.0809154770674667,15,2,17,0.050970873786407765,0.13188635085387446,1,False
31,2,Daniel Durant,S31_Daniel Durant __ Britt Stewart,29.0,0.0617511827133099,5,14,19,0.0703883495145631,0.132139532227873,1,False
31,2,Gabby Windey,S31_Gabby Windey __ Valentin Chmerkovskiy,32.0,0.0663480518512703,2,7,9,0.07766990291262135,0.14401795476389165,1,False
31,2,Heidi D'Amelio,S31_Heidi D'Amelio __ Artem Chigvintsev,28.0,0.0661752441156268,6,9,15,0.06796116504854369,0.13413640916417047,1,False
31,2,Jessie James Decker,S31_Jessie James Decker __ Alan Bersten,25.0,0.0736798220607078,12,4,16,0.06067961165048544,0.13435943371119324,1,False
31,2,Jordin Sparks,S31_Jordin Sparks __ Brandon Armstrong,27.0,0.0655224169926094,9,11,20,0.06553398058252427,0.13105639757513365,1,False
31,2,Joseph Baena,S31_Joseph Baena __ Daniella Karagach,24.0,0.0695005958507165,13,5,18,0.05825242718446602,0.12775302303518252,1,False
31,2,Sam Champion,S31_Sam Champion __ Cheryl Burke,26.0,0.0762100462931578,11,3,14,0.06310679611650485,0.13931684240966263,1,False
31,2,Selma Blair,S31_Selma Blair __ Sasha Farber,28.0,0.0628512740247519,7,13,20,0.06796116504854369,0.1308124390732956,1,False
31,2,Shangela,S31_Shangela __ Gleb Savchenko,28.0,0.0660632870447602,8,10,18,0.06796116504854369,0.13402445209330388,1,False
31,2,Teresa Giudice,S31_Teresa Giudice __ Pasha Pashkov,23.0,0.0301012108910909,14,15,29,0.055825242718446605,0.0859264536095375,1,False
31,2,Trevor Donovan,S31_Trevor Donovan __ Emma Slater,30.0,0.0687699861146107,4,6,10,0.07281553398058252,0.1415855200951932,1,False
31,2,Vinny Guadagnino,S31_Vinny Guadagnino __ Koko Iwasaki,27.0,0.0818078351472914,10,1,11,0.06553398058252427,0.14734181572981567,1,False
31,2,Wayne Brady,S31_Wayne Brady __ Witney Carson,32.0,0.0662069060363517,3,8,11,0.07766990291262135,0.14387680894897303,1,False
31,3,Charli D'Amelio,S31_Charli D'Amelio __ Mark Ballas,33.0,0.0670983636649468,1,11,12,0.08188585607940446,0.14898421974435128,1,False
31,3,Cheryl Ladd,S31_Cheryl Ladd __ Louis van Amstel,24.0,0.0372962275739537,13,14,27,0.05955334987593052,0.09684957744988422,1,False
31,3,Daniel Durant,S31_Daniel Durant __ Britt Stewart,31.0,0.0649452959287576,5,13,18,0.07692307692307693,0.1418683728518345,1,False
31,3,Gabby Windey,S31_Gabby Windey __ Valentin Chmerkovskiy,33.0,0.0671979706153034,2,10,12,0.08188585607940446,0.14908382669470788,1,False
31,3,Heidi D'Amelio,S31_Heidi D'Amelio __ Artem Chigvintsev,32.0,0.0691452697669165,4,8,12,0.0794044665012407,0.1485497362681572,1,False
31,3,Jessie James Decker,S31_Jessie James Decker __ Alan Bersten,26.0,0.0837955214087842,11,3,14,0.06451612903225806,0.14831165044104228,1,False
31,3,Jordin Sparks,S31_Jordin Sparks __ Brandon Armstrong,29.0,0.0733683405236517,7,5,12,0.07196029776674938,0.14532863829040107,1,False
31,3,Joseph Baena,S31_Joseph Baena __ Daniella Karagach,29.0,0.069649724929086,8,7,15,0.07196029776674938,0.1416100226958354,1,False
31,3,Sam Champion,S31_Sam Champion __ Cheryl Burke,25.0,0.0885862228720247,12,2,14,0.062034739454094295,0.150620962326119,1,False
31,3,Selma Blair,S31_Selma Blair __ Sasha Farber,28.0,0.0654258359785844,9,12,21,0.06947890818858561,0.13490474416717002,1,False
31,3,Shangela,S31_Shangela __ Gleb Savchenko,30.0,0.0706862425811022,6,6,12,0.07444168734491315,0.14512792992601536,1,False
31,3,Trevor Donovan,S31_Trevor Donovan __ Emma Slater,27.0,0.0770367630406934,10,4,14,0.06699751861042183,0.14403428165111523,1,False
31,3,Vinny Guadagnino,S31_Vinny Guadagnino __ Koko Iwasaki,23.0,0.0967676430873872,14,1,15,0.05707196029776675,0.15383960338515396,1,False
31,3,Wayne Brady,S31_Wayne Brady __ Witney Carson,33.0,0.0690005780288077,3,9,12,0.08188585607940446,0.15088643410821218,1,False
31,4,Charli D'Amelio,S31_Charli D'Amelio __ Mark Ballas,36.0,0.0704895087263283,1,12,13,0.08780487804878048,0.15829438677510876,1,False
31,4,Daniel Durant,S31_Daniel Durant __ Britt Stewart,29.0,0.0740412996030956,9,8,17,0.07073170731707316,0.14477300692016876,1,False
31,4,Gabby Windey,S31_Gabby Windey __ Valentin Chmerkovskiy,36.0,0.07144446143203,2,11,13,0.08780487804878048,0.1592493394808105,1,False
31,4,Heidi D'Amelio,S31_Heidi D'Amelio __ Artem Chigvintsev,34.0,0.0732907119326497,4,9,13,0.08292682926829269,0.1562175412009424,1,False
31,4,Jessie James Decker,S31_Jessie James Decker __ Alan Bersten,31.0,0.0869576328996379,8,4,12,0.07560975609756097,0.16256738899719886,1,False
31,4,Jordin Sparks,S31_Jordin Sparks __ Brandon Armstrong,34.0,0.0767513018653961,5,5,10,0.08292682926829269,0.15967813113368878,1,False
31,4,Joseph Baena,S31_Joseph Baena __ Daniella Karagach,28.0,0.0871660769706849,11,3,14,0.06829268292682927,0.15545875989751418,1,False
31,4,Sam Champion,S31_Sam Champion __ Cheryl Burke,25.0,0.0456434874522181,13,13,26,0.06097560975609756,0.10661909720831567,1,False
31,4,Selma Blair,S31_Selma Blair __ Sasha Farber,32.0,0.0718098684458996,6,10,16,0.07804878048780488,0.14985864893370449,1,False
31,4,Shangela,S31_Shangela __ Gleb Savchenko,32.0,0.0748861366270299,7,6,13,0.07804878048780488,0.15293491711483478,1,False
31,4,Trevor Donovan,S31_Trevor Donovan __ Emma Slater,28.0,0.0928637544602456,12,2,14,0.06829268292682927,0.16115643738707486,1,False
31,4,Vinny Guadagnino,S31_Vinny Guadagnino __ Koko Iwasaki,29.0,0.1002824252789459,10,1,11,0.07073170731707316,0.17101413259601905,1,False
31,4,Wayne Brady,S31_Wayne Brady __ Witney Carson,36.0,0.0743733343058381,3,7,10,0.08780487804878048,0.1621782123546186,1,False
31,5,Charli D'Amelio,S31_Charli D'Amelio __ Mark Ballas,42.0,0.0565334310877795,1,10,11,0.09364548494983277,0.15017891603761227,1,False
31,5,Daniel Durant,S31_Daniel Durant __ Britt Stewart,33.5,0.1190561836537664,11,2,13,0.07469342251950947,0.19374960617327586,1,False
31,5,Gabby Windey,S31_Gabby Windey __ Valentin Chmerkovskiy,41.0,0.0626612192005711,2,8,10,0.09141583054626533,0.15407704974683645,1,False
31,5,Heidi D'Amelio,S31_Heidi D'Amelio __ Artem Chigvintsev,39.0,0.0712477047477926,5,7,12,0.08695652173913043,0.15820422648692303,1,False
31,5,Jessie James Decker,S31_Jessie James Decker __ Alan Bersten,36.0,0.1004434213305223,7,5,12,0.0802675585284281,0.1807109798589504,1,False
31,5,Jordin Sparks,S31_Jordin Sparks __ Brandon Armstrong,35.5,0.1054574262437099,9,4,13,0.07915273132664437,0.18461015757035426,1,False
31,5,Joseph Baena,S31_Joseph Baena __ Daniella Karagach,35.0,0.0546984530248981,10,11,21,0.07803790412486064,0.13273635714975873,1,False
31,5,Selma Blair,S31_Selma Blair __ Sasha Farber,40.0,0.0284953153022105,4,12,16,0.08918617614269789,0.11768149144490839,1,False
31,5,Shangela,S31_Shangela __ Gleb Savchenko,38.5,0.0783011016797441,6,6,12,0.0858416945373467,0.16414279621709083,1,False
31,5,Trevor Donovan,S31_Trevor Donovan __ Emma Slater,36.0,0.1065718534928414,8,3,11,0.0802675585284281,0.1868394120212695,1,False
31,5,Vinny Guadagnino,S31_Vinny Guadagnino __ Koko Iwasaki,31.0,0.1552032664472176,12,1,13,0.06911928651059086,0.22432255295780845,1,False
31,5,Wayne Brady,S31_Wayne Brady __ Witney Carson,41.0,0.0613306237889458,3,9,12,0.09141583054626533,0.1527464543352111,1,False
31,6,Charli D'Amelio,S31_Charli D'Amelio __ Mark Ballas,40.0,0.0657440732183078,1,9,10,0.11594202898550725,0.18168610220381504,2,False
31,6,Daniel Durant,S31_Daniel Durant __ Britt Stewart,34.0,0.1321579881553579,5,2,7,0.09855072463768116,0.23070871279303906,2,False
31,6,Gabby Windey,S31_Gabby Windey __ Valentin Chmerkovskiy,37.0,0.0685760786229934,2,8,10,0.1072463768115942,0.1758224554345876,2,False
31,6,Heidi D'Amelio,S31_Heidi D'Amelio __ Artem Chigvintsev,36.0,0.082539261686607,3,6,9,0.10434782608695652,0.1868870877735635,2,False
31,6,Jessie James Decker,S31_Jessie James Decker __ Alan Bersten,32.0,0.0634391938113069,9,10,19,0.0927536231884058,0.1561928169997127,2,False
31,6,Jordin Sparks,S31_Jordin Sparks __ Brandon Armstrong,34.0,0.1215287377668204,6,4,10,0.09855072463768116,0.22007946240450155,2,False
31,6,Shangela,S31_Shangela __ Gleb Savchenko,36.0,0.0842493186951265,4,5,9,0.10434782608695652,0.188597144782083,2,False
31,6,Trevor Donovan,S31_Trevor Donovan __ Emma Slater,34.0,0.1240931406537584,7,3,10,0.09855072463768116,0.22264386529143956,2,False
31,6,Vinny Guadagnino,S31_Vinny Guadagnino __ Koko Iwasaki,28.0,0.1775576176394648,10,1,11,0.08115942028985507,0.2587170379293199,2,False
31,6,Wayne Brady,S31_Wayne Brady __ Witney Carson,34.0,0.0801145897502563,8,7,15,0.09855072463768116,0.17866531438793748,2,False
31,7,Charli D'Amelio,S31_Charli D'Amelio __ Mark Ballas,39.0,0.0730021159816576,1,8,9,0.11981566820276497,0.19281778418442258,1,False
31,7,Daniel Durant,S31_Daniel Durant __ Britt Stewart,36.5,0.1423388439842657,4,2,6,0.11213517665130568,0.25447402063557134,1,False
31,7,Gabby Windey,S31_Gabby Windey __ Valentin Chmerkovskiy,35.5,0.0859931833520519,6,7,13,0.10906298003072197,0.19505616338277387,1,False
31,7,Heidi D'Amelio,S31_Heidi D'Amelio __ Artem Chigvintsev,35.0,0.1083424996221242,7,4,11,0.10752688172043011,0.2158693813425543,1,False
31,7,Jordin Sparks,S31_Jordin Sparks __ Brandon Armstrong,34.5,0.0722881612816393,8,9,17,0.10599078341013825,0.17827894469177755,1,False
31,7,Shangela,S31_Shangela __ Gleb Savchenko,36.5,0.0951536798678711,5,5,10,0.11213517665130568,0.20728885651917678,1,False
31,7,Trevor Donovan,S31_Trevor Donovan __ Emma Slater,39.0,0.1340373182197774,2,3,5,0.11981566820276497,0.2538529864225424,1,False
31,7,Vinny Guadagnino,S31_Vinny Guadagnino __ Koko Iwasaki,31.5,0.1978146992199832,9,1,10,0.0967741935483871,0.2945888927683703,1,False
31,7,Wayne Brady,S31_Wayne Brady __ Witney Carson,38.0,0.0910294984706295,3,6,9,0.11674347158218126,0.20777297005281076,1,False
31,8,Charli D'Amelio,S31_Charli D'Amelio __ Mark Ballas,45.0,0.0758887626506138,1,8,9,0.14331210191082802,0.21920086456144183,1,False
31,8,Daniel Durant,S31_Daniel Durant __ Britt Stewart,39.0,0.1847576592690711,5,1,6,0.12420382165605096,0.30896148092512205,1,False
31,8,Gabby Windey,S31_Gabby Windey __ Valentin Chmerkovskiy,40.0,0.1076323389544436,4,5,9,0.12738853503184713,0.23502087398629073,1,False
31,8,Heidi D'Amelio,S31_Heidi D'Amelio __ Artem Chigvintsev,35.0,0.090114708000056,7,7,14,0.11146496815286625,0.20157967615292224,1,False
31,8,Shangela,S31_Shangela __ Gleb Savchenko,42.0,0.1081008929073216,3,4,7,0.1337579617834395,0.24185885469076107,1,False
31,8,Trevor Donovan,S31_Trevor Donovan __ Emma Slater,39.0,0.181530796560382,6,2,8,0.12420382165605096,0.305734618216433,1,False
31,8,Vinny Guadagnino,S31_Vinny Guadagnino __ Koko Iwasaki,29.0,0.1575509509817712,8,3,11,0.09235668789808917,0.24990763887986034,1,False
31,8,Wayne Brady,S31_Wayne Brady __ Witney Carson,45.0,0.0944238906763406,2,6,8,0.14331210191082802,0.23773599258716863,1,False
31,9,Charli D'Amelio,S31_Charli D'Amelio __ Mark Ballas,40.0,0.0950818529553941,1,6,7,0.18181818181818182,0.27690003477357594,2,False
31,9,Daniel Durant,S31_Daniel Durant __ Britt Stewart,34.5,0.1578258252044271,5,4,9,0.15681818181818183,0.3146440070226089,2,False
31,9,Gabby Windey,S31_Gabby Windey __ Valentin Chmerkovskiy,40.0,0.152087184950453,2,5,7,0.18181818181818182,0.3339053667686348,2,False
31,9,Shangela,S31_Shangela __ Gleb Savchenko,36.5,0.2133578942993885,3,1,4,0.16590909090909092,0.37926698520847946,2,False
31,9,Trevor Donovan,S31_Trevor Donovan __ Emma Slater,32.5,0.191867123255007,6,2,8,0.14772727272727273,0.3395943959822797,2,False
31,9,Wayne Brady,S31_Wayne Brady __ Witney Carson,36.5,0.1897801193353304,4,3,7,0.16590909090909092,0.35568921024442135,2,False
32,2,Adrian Peterson,S32_Adrian Peterson __ Britt Stewart,15.0,0.0855433265043268,10,5,15,0.06302521008403361,0.14856853658836042,1,False
32,2,Alyson Hannigan,S32_Alyson Hannigan __ Sasha Farber,19.0,0.0774908981153677,6,7,13,0.07983193277310924,0.15732283088847693,1,False
32,2,Ariana Madix,S32_Ariana Madix __ Pasha Pashkov,20.0,0.0723008841692623,5,9,14,0.08403361344537816,0.15633449761464047,1,False
32,2,Barry Williams,S32_Barry Williams __ Peta Murgatroyd,15.0,0.0862150970371447,11,4,15,0.06302521008403361,0.1492403071211783,1,False
32,2,Charity Lawson,S32_Charity Lawson __ Artem Chigvintsev,21.0,0.0713416041529697,3,11,14,0.08823529411764706,0.15957689827061677,1,False
32,2,Harry Jowsey,S32_Harry Jowsey __ Rylee Arnold,15.0,0.0895254208444027,12,2,14,0.06302521008403361,0.1525506309284363,1,False
32,2,Jamie Lynn Spears,S32_Jamie Lynn Spears __ Alan Bersten,16.0,0.0300199227135869,9,13,22,0.06722689075630252,0.09724681346988942,1,False
32,2,Jason Mraz,S32_Jason Mraz __ Daniella Karagach,24.0,0.0724953093279532,1,8,9,0.10084033613445378,0.17333564546240698,1,False
32,2,Lele Pons,S32_Lele Pons __ Brandon Armstrong,21.0,0.0711531480270573,4,12,16,0.08823529411764706,0.15938844214470438,1,False
32,2,Mauricio Umansky,S32_Mauricio Umansky __ Emma Slater,12.0,0.1018222044250075,13,1,14,0.05042016806722689,0.15224237249223438,1,False
32,2,Mira Sorvino,S32_Mira Sorvino __ Gleb Savchenko,18.0,0.081547156488604,7,6,13,0.07563025210084033,0.15717740858944435,1,False
32,2,Tyson Beckford,S32_Tyson Beckford __ Jenna Johnson,18.0,0.0888169518696828,8,3,11,0.07563025210084033,0.16444720397052315,1,False
32,2,Xochitl Gomez,S32_Xochitl Gomez __ Valentin Chmerkovskiy,24.0,0.0717280763246336,2,10,12,0.10084033613445378,0.17256841245908738,1,False
32,3,Adrian Peterson,S32_Adrian Peterson __ Britt Stewart,22.0,0.1005858815535432,11,2,13,0.06811145510835913,0.16869733666190234,1,False
32,3,Alyson Hannigan,S32_Alyson Hannigan __ Sasha Farber,24.0,0.0883439875078077,8,5,13,0.07430340557275542,0.1626473930805631,1,False
32,3,Ariana Madix,S32_Ariana Madix __ Pasha Pashkov,34.0,0.0753772360550938,1,8,9,0.10526315789473684,0.18064039394983064,1,False
32,3,Barry Williams,S32_Barry Williams __ Peta Murgatroyd,25.0,0.0927505725866702,7,4,11,0.07739938080495357,0.17014995339162375,1,False
32,3,Charity Lawson,S32_Charity Lawson __ Artem Chigvintsev,32.0,0.0787675554631141,3,7,10,0.09907120743034056,0.17783876289345468,1,False
32,3,Harry Jowsey,S32_Harry Jowsey __ Rylee Arnold,24.0,0.0954202781723263,9,3,12,0.07430340557275542,0.16972368374508173,1,False
32,3,Jason Mraz,S32_Jason Mraz __ Daniella Karagach,34.0,0.074811012954448,2,9,11,0.10526315789473684,0.18007417084918484,1,False
32,3,Lele Pons,S32_Lele Pons __ Brandon Armstrong,27.0,0.0734204312612722,5,10,15,0.08359133126934984,0.15701176253062205,1,False
32,3,Mauricio Umansky,S32_Mauricio Umansky __ Emma Slater,23.0,0.1098195671406927,10,1,11,0.07120743034055728,0.18102699748124998,1,False
32,3,Mira Sorvino,S32_Mira Sorvino __ Gleb Savchenko,26.0,0.0849757653698045,6,6,12,0.0804953560371517,0.1654711214069562,1,False
32,3,Tyson Beckford,S32_Tyson Beckford __ Jenna Johnson,20.0,0.0524017974879526,12,12,24,0.06191950464396285,0.11432130213191545,1,False
32,3,Xochitl Gomez,S32_Xochitl Gomez __ Valentin Chmerkovskiy,32.0,0.0733259144472739,4,11,15,0.09907120743034056,0.17239712187761447,1,False
32,4,Adrian Peterson,S32_Adrian Peterson __ Britt Stewart,21.0,0.0425015764283876,6,11,17,0.0875,0.1300015764283876,1,False
32,4,Alyson Hannigan,S32_Alyson Hannigan __ Sasha Farber,18.0,0.117861875733439,10,3,13,0.075,0.192861875733439,1,False
32,4,Ariana Madix,S32_Ariana Madix __ Pasha Pashkov,25.0,0.0790598164153287,2,8,10,0.10416666666666667,0.18322648308199535,1,False
32,4,Barry Williams,S32_Barry Williams __ Peta Murgatroyd,18.0,0.1237978029882933,11,2,13,0.075,0.1987978029882933,1,False
32,4,Charity Lawson,S32_Charity Lawson __ Artem Chigvintsev,24.0,0.0796619586635004,3,7,10,0.1,0.1796619586635004,1,False
32,4,Harry Jowsey,S32_Harry Jowsey __ Rylee Arnold,21.0,0.1019606452072214,7,4,11,0.0875,0.1894606452072214,1,False
32,4,Jason Mraz,S32_Jason Mraz __ Daniella Karagach,24.0,0.0803751175960764,4,6,10,0.1,0.1803751175960764,1,False
32,4,Lele Pons,S32_Lele Pons __ Brandon Armstrong,22.0,0.077096327039171,5,9,14,0.09166666666666666,0.16876299370583767,1,False
32,4,Mauricio Umansky,S32_Mauricio Umansky __ Emma Slater,19.0,0.1256518188017131,9,1,10,0.07916666666666666,0.20481848546837977,1,False
32,4,Mira Sorvino,S32_Mira Sorvino __ Gleb Savchenko,21.0,0.0967759862996044,8,5,13,0.0875,0.1842759862996044,1,False
32,4,Xochitl Gomez,S32_Xochitl Gomez __ Valentin Chmerkovskiy,27.0,0.0752570748272645,1,10,11,0.1125,0.1877570748272645,1,False
32,5,Alyson Hannigan,S32_Alyson Hannigan __ Sasha Farber,21.0,0.1327544077647075,9,2,11,0.0875,0.2202544077647075,1,False
32,5,Ariana Madix,S32_Ariana Madix __ Pasha Pashkov,24.0,0.0837694466985428,4,8,12,0.1,0.1837694466985428,1,False
32,5,Barry Williams,S32_Barry Williams __ Peta Murgatroyd,24.0,0.1262209801682096,5,3,8,0.1,0.2262209801682096,1,False
32,5,Charity Lawson,S32_Charity Lawson __ Artem Chigvintsev,28.0,0.0884665909708694,1,5,6,0.11666666666666667,0.20513325763753607,1,False
32,5,Harry Jowsey,S32_Harry Jowsey __ Rylee Arnold,18.0,0.1258703719647153,10,4,14,0.075,0.2008703719647153,1,False
32,5,Jason Mraz,S32_Jason Mraz __ Daniella Karagach,27.0,0.085822276602828,3,7,10,0.1125,0.198322276602828,1,False
32,5,Lele Pons,S32_Lele Pons __ Brandon Armstrong,24.0,0.0865318285203269,6,6,12,0.1,0.1865318285203269,1,False
32,5,Mauricio Umansky,S32_Mauricio Umansky __ Emma Slater,24.0,0.1367995682782752,7,1,8,0.1,0.2367995682782752,1,False
32,5,Mira Sorvino,S32_Mira Sorvino __ Gleb Savchenko,22.0,0.0540283868238418,8,10,18,0.09166666666666666,0.14569505349050846,1,False
32,5,Xochitl Gomez,S32_Xochitl Gomez __ Valentin Chmerkovskiy,28.0,0.0797361422076829,2,9,11,0.11666666666666667,0.19640280887434958,1,False
32,6,Alyson Hannigan,S32_Alyson Hannigan __ Sasha Farber,31.0,0.1586333265978952,8,2,10,0.09627329192546584,0.25490661852336105,1,False
32,6,Ariana Madix,S32_Ariana Madix __ Pasha Pashkov,41.0,0.090468568628791,2,7,9,0.12732919254658384,0.21779776117537486,1,False
32,6,Barry Williams,S32_Barry Williams __ Peta Murgatroyd,32.0,0.1412066483855096,7,3,10,0.09937888198757763,0.24058553037308722,1,False
32,6,Charity Lawson,S32_Charity Lawson __ Artem Chigvintsev,38.0,0.0995894460328188,4,5,9,0.11801242236024845,0.21760186839306725,1,False
32,6,Harry Jowsey,S32_Harry Jowsey __ Rylee Arnold,29.0,0.1599023900770244,9,1,10,0.09006211180124224,0.24996450187826663,1,False
32,6,Jason Mraz,S32_Jason Mraz __ Daniella Karagach,39.0,0.0929199382342918,3,6,9,0.12111801242236025,0.21403795065665204,1,False
32,6,Lele Pons,S32_Lele Pons __ Brandon Armstrong,37.0,0.1004225341068845,5,4,9,0.11490683229813664,0.21532936640502115,1,False
32,6,Mauricio Umansky,S32_Mauricio Umansky __ Emma Slater,33.0,0.0692356728807181,6,9,15,0.10248447204968944,0.17172014493040755,1,False
32,6,Xochitl Gomez,S32_Xochitl Gomez __ Valentin Chmerkovskiy,42.0,0.087621475056066,1,8,9,0.13043478260869565,0.21805625766476167,1,False
32,7,Alyson Hannigan,S32_Alyson Hannigan __ Sasha Farber,35.0,0.1740064672365996,6,2,8,0.12411347517730496,0.29811994241390455,1,False
32,7,Ariana Madix,S32_Ariana Madix __ Pasha Pashkov,37.0,0.0862418963456476,1,6,7,0.13120567375886524,0.21744757010451285,1,False
32,7,Barry Williams,S32_Barry Williams __ Peta Murgatroyd,32.5,0.1732719161606011,7,3,10,0.11524822695035461,0.28852014311095575,1,False
32,7,Charity Lawson,S32_Charity Lawson __ Artem Chigvintsev,36.0,0.1139406546746782,4,4,8,0.1276595744680851,0.2416002291427633,1,False
32,7,Harry Jowsey,S32_Harry Jowsey __ Rylee Arnold,32.0,0.202413404648459,8,1,9,0.11347517730496454,0.3158885819534235,1,False
32,7,Jason Mraz,S32_Jason Mraz __ Daniella Karagach,36.0,0.1135806235825573,5,5,10,0.1276595744680851,0.2412401980506424,1,False
32,7,Lele Pons,S32_Lele Pons __ Brandon Armstrong,36.5,0.0516571249344375,3,8,11,0.12943262411347517,0.18108974904791267,1,False
32,7,Xochitl Gomez,S32_Xochitl Gomez __ Valentin Chmerkovskiy,37.0,0.0848879124170195,2,7,9,0.13120567375886524,0.21609358617588476,1,False
32,8,Alyson Hannigan,S32_Alyson Hannigan __ Sasha Farber,36.0,0.1848878620958632,4,2,6,0.1422924901185771,0.3271803522144403,1,False
32,8,Ariana Madix,S32_Ariana Madix __ Pasha Pashkov,42.0,0.0929504183973596,1,7,8,0.16600790513833993,0.25895832353569953,1,False
32,8,Barry Williams,S32_Barry Williams __ Peta Murgatroyd,35.0,0.0984412139782033,5,5,10,0.1383399209486166,0.2367811349268199,1,False
32,8,Charity Lawson,S32_Charity Lawson __ Artem Chigvintsev,39.0,0.1292804511618823,3,4,7,0.1541501976284585,0.2834306487903408,1,False
32,8,Harry Jowsey,S32_Harry Jowsey __ Rylee Arnold,28.0,0.2353777968557434,7,1,8,0.11067193675889328,0.34604973361463665,1,False
32,8,Jason Mraz,S32_Jason Mraz __ Daniella Karagach,33.0,0.1635771966251218,6,3,9,0.13043478260869565,0.29401197923381744,1,False
32,8,Xochitl Gomez,S32_Xochitl Gomez __ Valentin Chmerkovskiy,40.0,0.0954850608858262,2,6,8,0.15810276679841898,0.25358782768424515,1,False
32,9,Alyson Hannigan,S32_Alyson Hannigan __ Sasha Farber,32.0,0.2368177902502973,5,1,6,0.14479638009049775,0.38161417034079503,1,False
32,9,Ariana Madix,S32_Ariana Madix __ Pasha Pashkov,37.0,0.1247783977780881,4,5,9,0.167420814479638,0.2921992122577261,1,False
32,9,Charity Lawson,S32_Charity Lawson __ Artem Chigvintsev,38.0,0.1611754492972283,3,4,7,0.17194570135746606,0.3331211506546944,1,False
32,9,Harry Jowsey,S32_Harry Jowsey __ Rylee Arnold,30.0,0.1697389008909573,6,3,9,0.13574660633484162,0.3054855072257989,1,False
32,9,Jason Mraz,S32_Jason Mraz __ Daniella Karagach,43.0,0.200900958900268,1,2,3,0.19457013574660634,0.39547109464687435,1,False
32,9,Xochitl Gomez,S32_Xochitl Gomez __ Valentin Chmerkovskiy,41.0,0.1065885028831605,2,6,8,0.18552036199095023,0.29210886487411075,1,False
32,10,Alyson Hannigan,S32_Alyson Hannigan __ Sasha Farber,25.5,0.2899066469208637,5,1,6,0.17894736842105263,0.46885401534191634,1,False
32,10,Ariana Madix,S32_Ariana Madix __ Pasha Pashkov,29.0,0.1532990987254026,3,4,7,0.20350877192982456,0.3568078706552271,1,False
32,10,Charity Lawson,S32_Charity Lawson __ Artem Chigvintsev,29.5,0.1955887891600201,2,3,5,0.20701754385964913,0.4026063330196692,1,False
32,10,Jason Mraz,S32_Jason Mraz __ Daniella Karagach,28.5,0.2347432609094929,4,2,6,0.2,0.4347432609094929,1,False
32,10,Xochitl Gomez,S32_Xochitl Gomez __ Valentin Chmerkovskiy,30.0,0.1264622042842205,1,5,6,0.21052631578947367,0.3369885200736942,1,False
33,8,Chandler Kinney,S33_Chandler Kinney __ Brandon Armstrong,29.0,0.1457650687828823,1,4,5,0.20714285714285716,0.3529079259257395,1,False
33,8,Danny Amendola,S33_Danny Amendola __ Witney Carson,27.0,0.2134379024956028,4,3,7,0.19285714285714287,0.40629504535274563,1,False
33,8,Ilona Maher,S33_Ilona Maher __ Alan Bersten,28.5,0.2646755551758158,3,1,4,0.20357142857142857,0.4682469837472444,1,False
33,8,Joey Graziadei,S33_Joey Graziadei __ Jenna Johnson,29.0,0.1415057828400997,2,5,7,0.20714285714285716,0.34864863998295686,1,False
33,8,Stephen Nedoroscik,S33_Stephen Nedoroscik __ Rylee Arnold,26.5,0.2346156907055993,5,2,7,0.18928571428571428,0.42390140499131357,1,False
34,3,Alix Earle,S34_Alix Earle __ Val Chmerkovskiy (Joey Graziadei week 9),23.0,0.0845292615527877,3,7,10,0.08949416342412451,0.1740234249769122,2,False
34,3,Andy Richter,S34_Andy Richter __ Emma Slater __ Kaitlyn Bristowe (week 9),18.0,0.1073474910574479,11,1,12,0.07003891050583658,0.17738640156328447,2,False
34,3,Danielle Fishel,S34_Danielle Fishel __ Pasha Pashkov,21.0,0.0905557926877103,8,3,11,0.08171206225680934,0.17226785494451963,2,False
34,3,Dylan Efron,S34_Dylan Efron __ Daniella Karagach (Rumer Willis week 9),23.0,0.0866374297241802,4,6,10,0.08949416342412451,0.17613159314830473,2,False
34,3,Elaine Hendrix,S34_Elaine Hendrix __ Alan Bersten (Rashad Jennings week 9),21.0,0.0777584556105696,9,11,20,0.08171206225680934,0.15947051786737892,2,False
34,3,Hilaria Baldwin,S34_Hilaria Baldwin __ Gleb Savchenko,22.0,0.087831551370811,5,5,10,0.08560311284046693,0.17343466421127793,2,False
34,3,Jen Affleck,S34_Jen Affleck __ Jan Ravnik,19.0,0.0879118608543232,10,4,14,0.07392996108949416,0.16184182194381735,2,False
34,3,Jordan Chiles,S34_Jordan Chiles __ Ezra Sosa (Apolo Anton Ohno week 9),24.0,0.0804202996237215,1,8,9,0.0933852140077821,0.1738055136315036,2,False
34,3,Lauren Jauregui,S34_Lauren Jauregui __ Brandon Armstrong,18.0,0.0443166194131275,12,12,24,0.07003891050583658,0.11435552991896408,2,False
34,3,Robert Irwin,S34_Robert Irwin __ Witney Carson (Xoshitl Gomez week 9),22.0,0.0780694310700236,6,10,16,0.08560311284046693,0.16367254391049052,2,False
34,3,Scott Hoying,S34_Scott Hoying __ Rylee Arnold,22.0,0.0949510948242736,7,2,9,0.08560311284046693,0.1805542076647405,2,False
34,3,Whitney Leavitt,S34_Whitney Leavitt __ Mark Ballas,24.0,0.0796707122110233,2,9,11,0.0933852140077821,0.1730559262188054,2,False
34,4,Alix Earle,S34_Alix Earle __ Val Chmerkovskiy (Joey Graziadei week 9),24.0,0.0785801036110269,2,8,10,0.0967741935483871,0.17535429715941397,1,False
34,4,Andy Richter,S34_Andy Richter __ Emma Slater __ Kaitlyn Bristowe (week 9),18.0,0.1331073911438634,11,1,12,0.07258064516129033,0.20568803630515375,1,False
34,4,Danielle Fishel,S34_Danielle Fishel __ Pasha Pashkov,21.0,0.1159490869009142,9,3,12,0.0846774193548387,0.2006265062557529,1,False
34,4,Dylan Efron,S34_Dylan Efron __ Daniella Karagach (Rumer Willis week 9),23.0,0.0902449590102016,5,5,10,0.09274193548387097,0.18298689449407257,1,False
34,4,Elaine Hendrix,S34_Elaine Hendrix __ Alan Bersten (Rashad Jennings week 9),24.0,0.0740907076507644,3,10,13,0.0967741935483871,0.1708649011991515,1,False
34,4,Hilaria Baldwin,S34_Hilaria Baldwin __ Gleb Savchenko,23.0,0.0372066904864935,6,11,17,0.09274193548387097,0.12994862597036447,1,False
34,4,Jen Affleck,S34_Jen Affleck __ Jan Ravnik,23.0,0.0885931104242558,7,6,13,0.09274193548387097,0.18133504590812677,1,False
34,4,Jordan Chiles,S34_Jordan Chiles __ Ezra Sosa (Apolo Anton Ohno week 9),24.0,0.0781004693345411,4,9,13,0.0967741935483871,0.1748746628829282,1,False
34,4,Robert Irwin,S34_Robert Irwin __ Witney Carson (Xoshitl Gomez week 9),22.0,0.1026499252145237,8,4,12,0.08870967741935484,0.19135960263387852,1,False
34,4,Scott Hoying,S34_Scott Hoying __ Rylee Arnold,21.0,0.1228970975867459,10,2,12,0.0846774193548387,0.2075745169415846,1,False
34,4,Whitney Leavitt,S34_Whitney Leavitt __ Mark Ballas,25.0,0.0785804586366692,1,7,8,0.10080645161290322,0.17938691024957243,1,False
34,5,Alix Earle,S34_Alix Earle __ Val Chmerkovskiy (Joey Graziadei week 9),35.0,0.0814852991677885,2,9,11,0.11182108626198083,0.19330638542976933,1,False
34,5,Andy Richter,S34_Andy Richter __ Emma Slater __ Kaitlyn Bristowe (week 9),24.0,0.1395535452370125,10,1,11,0.07667731629392971,0.2162308615309422,1,False
34,5,Danielle Fishel,S34_Danielle Fishel __ Pasha Pashkov,29.0,0.1184408414555002,8,3,11,0.0926517571884984,0.2110925986439986,1,False
34,5,Dylan Efron,S34_Dylan Efron __ Daniella Karagach (Rumer Willis week 9),36.0,0.0919454729832407,1,6,7,0.11501597444089456,0.20696144742413525,1,False
34,5,Elaine Hendrix,S34_Elaine Hendrix __ Alan Bersten (Rashad Jennings week 9),30.0,0.0816870288792916,6,8,14,0.09584664536741214,0.17753367424670374,1,False
34,5,Jen Affleck,S34_Jen Affleck __ Jan Ravnik,29.0,0.0928842420409506,9,5,14,0.0926517571884984,0.185535999229449,1,False
34,5,Jordan Chiles,S34_Jordan Chiles __ Ezra Sosa (Apolo Anton Ohno week 9),32.0,0.0819325323169527,5,7,12,0.10223642172523961,0.1841689540421923,1,False
34,5,Robert Irwin,S34_Robert Irwin __ Witney Carson (Xoshitl Gomez week 9),35.0,0.1079367600505739,3,4,7,0.11182108626198083,0.21975784631255474,1,False
34,5,Scott Hoying,S34_Scott Hoying __ Rylee Arnold,30.0,0.1255769624061981,7,2,9,0.09584664536741214,0.22142360777361023,1,False
34,5,Whitney Leavitt,S34_Whitney Leavitt __ Mark Ballas,33.0,0.0785573154624909,4,10,14,0.10543130990415335,0.18398862536664423,1,False
34,7,Alix Earle,S34_Alix Earle __ Val Chmerkovskiy (Joey Graziadei week 9),43.0,0.0981372830817486,1,6,7,0.12951807228915663,0.22765535537090523,1,False
34,7,Andy Richter,S34_Andy Richter __ Emma Slater __ Kaitlyn Bristowe (week 9),29.0,0.166719365978952,9,1,10,0.08734939759036145,0.25406876356931346,1,False
34,7,Danielle Fishel,S34_Danielle Fishel __ Pasha Pashkov,35.0,0.1386849977357937,6,2,8,0.10542168674698796,0.24410668448278167,1,False
34,7,Dylan Efron,S34_Dylan Efron __ Daniella Karagach (Rumer Willis week 9),38.0,0.1189903464464319,4,4,8,0.1144578313253012,0.2334481777717331,1,False
34,7,Elaine Hendrix,S34_Elaine Hendrix __ Alan Bersten (Rashad Jennings week 9),32.0,0.1136490503288763,8,5,13,0.0963855421686747,0.21003459249755102,1,False
34,7,Jen Affleck,S34_Jen Affleck __ Jan Ravnik,34.0,0.0615865511884231,7,9,16,0.10240963855421686,0.16399618974263996,1,False
34,7,Jordan Chiles,S34_Jordan Chiles __ Ezra Sosa (Apolo Anton Ohno week 9),38.0,0.0952593817379791,5,7,12,0.1144578313253012,0.20971721306328028,1,False
34,7,Robert Irwin,S34_Robert Irwin __ Witney Carson (Xoshitl Gomez week 9),41.0,0.121221937200832,3,3,6,0.12349397590361445,0.24471591310444646,1,False
34,7,Whitney Leavitt,S34_Whitney Leavitt __ Mark Ballas,42.0,0.0857510863009629,2,8,10,0.12650602409638553,0.21225711039734843,1,False
34,8,Alix Earle,S34_Alix Earle __ Val Chmerkovskiy (Joey Graziadei week 9),38.5,0.1041649509863592,3,5,8,0.12769485903814262,0.23185981002450182,1,False
34,8,Andy Richter,S34_Andy Richter __ Emma Slater __ Kaitlyn Bristowe (week 9),34.0,0.1932053150436193,8,1,9,0.11276948590381426,0.30597480094743357,1,False
34,8,Danielle Fishel,S34_Danielle Fishel __ Pasha Pashkov,37.0,0.0919615757277365,7,7,14,0.12271973466003316,0.21468131038776966,1,False
34,8,Dylan Efron,S34_Dylan Efron __ Daniella Karagach (Rumer Willis week 9),38.0,0.1355923445459803,4,4,8,0.12603648424543948,0.2616288287914198,1,False
34,8,Elaine Hendrix,S34_Elaine Hendrix __ Alan Bersten (Rashad Jennings week 9),37.5,0.1469030643275787,6,2,8,0.12437810945273632,0.271281173780315,1,False
34,8,Jordan Chiles,S34_Jordan Chiles __ Ezra Sosa (Apolo Anton Ohno week 9),39.0,0.1006409318570397,2,6,8,0.12935323383084577,0.22999416568788547,1,False
34,8,Robert Irwin,S34_Robert Irwin __ Witney Carson (Xoshitl Gomez week 9),38.0,0.1395393372320113,5,3,8,0.12603648424543948,0.2655758214774508,1,False
34,8,Whitney Leavitt,S34_Whitney Leavitt __ Mark Ballas,39.5,0.0879924802796745,1,8,9,0.1310116086235489,0.21900408890322343,1,False
34,9,Alix Earle,S34_Alix Earle __ Val Chmerkovskiy (Joey Graziadei week 9),40.0,0.1154257448036689,4,6,10,0.14814814814814814,0.26357389295181705,1,False
34,9,Andy Richter,S34_Andy Richter __ Emma Slater __ Kaitlyn Bristowe (week 9),29.0,0.1267962962552368,7,5,12,0.10740740740740741,0.2342037036626442,1,False
34,9,Dylan Efron,S34_Dylan Efron __ Daniella Karagach (Rumer Willis week 9),42.0,0.1571396339638483,1,2,3,0.15555555555555556,0.3126951895194039,1,False
34,9,Elaine Hendrix,S34_Elaine Hendrix __ Alan Bersten (Rashad Jennings week 9),36.0,0.1990067282538585,6,1,7,0.13333333333333333,0.33234006158719187,1,False
34,9,Jordan Chiles,S34_Jordan Chiles __ Ezra Sosa (Apolo Anton Ohno week 9),39.0,0.1449009057991954,5,4,9,0.14444444444444443,0.28934535024363983,1,False
34,9,Robert Irwin,S34_Robert Irwin __ Witney Carson (Xoshitl Gomez week 9),42.0,0.1561410797613571,2,3,5,0.15555555555555556,0.31169663531691266,1,False
34,9,Whitney Leavitt,S34_Whitney Leavitt __ Mark Ballas,42.0,0.1005896111628346,3,7,10,0.15555555555555556,0.25614516671839016,1,False
34,10,Alix Earle,S34_Alix Earle __ Val Chmerkovskiy (Joey Graziadei week 9),29.0,0.1227710037848669,2,5,7,0.1686046511627907,0.2913756549476576,1,False
34,10,Dylan Efron,S34_Dylan Efron __ Daniella Karagach (Rumer Willis week 9),27.5,0.2428398862314688,6,1,7,0.15988372093023256,0.40272360716170136,1,False
34,10,Elaine Hendrix,S34_Elaine Hendrix __ Alan Bersten (Rashad Jennings week 9),28.5,0.2272624478214176,4,2,6,0.16569767441860464,0.39296012224002225,1,False
34,10,Jordan Chiles,S34_Jordan Chiles __ Ezra Sosa (Apolo Anton Ohno week 9),28.5,0.1729961186844515,5,3,8,0.16569767441860464,0.33869379310305614,1,False
34,10,Robert Irwin,S34_Robert Irwin __ Witney Carson (Xoshitl Gomez week 9),29.5,0.1592851809279681,1,4,5,0.17151162790697674,0.33079680883494483,1,False
34,10,Whitney Leavitt,S34_Whitney Leavitt __ Mark Ballas,29.0,0.074845362549827,3,6,9,0.1686046511627907,0.2434500137126177,1,False
