season,week,celebrity_name,pair_id,judge_total,vote_share_hat,judge_rank,fan_rank,rank_total,judge_pct,combined_pct,elim_count,elim_flag
1,3,Evander Holyfield,S1_Evander Holyfield __ Edyta Sliwinska,13.0,0.1933014279604358,5,3,8,0.1226415094339622,0.315942937394398,1,False
1,3,Joey McIntyre,S1_Joey McIntyre __ Ashly DelGrosso,22.0,0.2209214934527407,3,1,4,0.2075471698113207,0.4284686632640614,1,False
1,3,John O'Hurley,S1_John O'Hurley __ Charlotte Jorgensen,24.0,0.1854691647852096,2,4,6,0.2264150943396226,0.4118842591248323,1,False
1,3,Kelly Monaco,S1_Kelly Monaco __ Alec Mazo,21.0,0.2149079473455769,4,2,6,0.1981132075471698,0.4130211548927467,1,False
1,3,Rachel Hunter,S1_Rachel Hunter __ Jonathan Roberts,26.0,0.1853999664560367,1,5,6,0.2452830188679245,0.4306829853239612,1,False
1,4,Joey McIntyre,S1_Joey McIntyre __ Ashly DelGrosso,20.0,0.2616156692357851,4,2,6,0.217391304347826,0.4790069735836112,1,False
1,4,John O'Hurley,S1_John O'Hurley __ Charlotte Jorgensen,21.0,0.2224828901436086,3,3,6,0.2282608695652173,0.4507437597088259,1,False
1,4,Kelly Monaco,S1_Kelly Monaco __ Alec Mazo,26.0,0.2955323190969102,1,1,2,0.2826086956521739,0.5781410147490841,1,False
1,4,Rachel Hunter,S1_Rachel Hunter __ Jonathan Roberts,25.0,0.2203691215236961,2,4,6,0.2717391304347826,0.4921082519584787,1,False
1,5,Joey McIntyre,S1_Joey McIntyre __ Ashly DelGrosso,22.5,0.3489643716231066,3,2,5,0.3082191780821918,0.6571835497052985,1,False
1,5,John O'Hurley,S1_John O'Hurley __ Charlotte Jorgensen,27.0,0.2992428942346492,1,3,4,0.3698630136986301,0.6691059079332793,1,False
1,5,Kelly Monaco,S1_Kelly Monaco __ Alec Mazo,23.5,0.3517927341422442,2,1,3,0.3219178082191781,0.6737105423614222,1,False
2,2,Drew Lachey,S2_Drew Lachey __ Cheryl Burke,27.0,0.1338908174782444,2,1,3,0.135,0.2688908174782444,1,False
2,2,George Hamilton,S2_George Hamilton __ Edyta Sliwinska,22.0,0.1225520901350339,5,4,9,0.11,0.2325520901350339,1,False
2,2,Giselle Fernandez,S2_Giselle Fernandez __ Jonathan Roberts,24.0,0.1297623151016264,3,2,5,0.12,0.2497623151016264,1,False
2,2,Jerry Rice,S2_Jerry Rice __ Anna Trebunskaya,23.0,0.1226672279877817,4,3,7,0.115,0.2376672279877817,1,False
2,2,Lisa Rinna,S2_Lisa Rinna __ Louis van Amstel,20.0,0.0937532243730597,7,7,14,0.1,0.1937532243730597,1,False
2,2,Master P,S2_Master P __ Ashly DelGrosso,16.0,0.1199209239860124,9,5,14,0.08,0.1999209239860124,1,False
2,2,Stacy Keibler,S2_Stacy Keibler __ Tony Dovolani,29.0,0.0923091180497542,1,8,9,0.145,0.2373091180497542,1,False
2,2,Tatum O'Neal,S2_Tatum O'Neal __ Nick Kosovich,17.0,0.0881937624494545,8,9,17,0.085,0.1731937624494545,1,False
2,2,Tia Carrere,S2_Tia Carrere __ Maksim Chmerkoskiy,22.0,0.0969505204390326,6,6,12,0.11,0.2069505204390326,1,False
2,3,Drew Lachey,S2_Drew Lachey __ Cheryl Burke,27.0,0.1131071723893891,1,5,6,0.1483516483516483,0.2614588207410374,1,False
2,3,George Hamilton,S2_George Hamilton __ Edyta Sliwinska,22.0,0.1380080555354694,5,2,7,0.1208791208791208,0.2588871764145903,1,False
2,3,Giselle Fernandez,S2_Giselle Fernandez __ Jonathan Roberts,22.0,0.0982651262282355,6,8,14,0.1208791208791208,0.2191442471073563,1,False
2,3,Jerry Rice,S2_Jerry Rice __ Anna Trebunskaya,19.0,0.1104699106492522,7,6,13,0.1043956043956044,0.2148655150448566,1,False
2,3,Lisa Rinna,S2_Lisa Rinna __ Louis van Amstel,25.0,0.1258789967962395,4,4,8,0.1373626373626373,0.2632416341588769,1,False
2,3,Master P,S2_Master P __ Ashly DelGrosso,14.0,0.17732247406855,8,1,9,0.0769230769230769,0.2542455509916269,1,False
2,3,Stacy Keibler,S2_Stacy Keibler __ Tony Dovolani,27.0,0.1096648038423672,2,7,9,0.1483516483516483,0.2580164521940155,1,False
2,3,Tia Carrere,S2_Tia Carrere __ Maksim Chmerkoskiy,26.0,0.1272834604904966,3,3,6,0.1428571428571428,0.2701406033476394,1,False
2,4,Drew Lachey,S2_Drew Lachey __ Cheryl Burke,28.0,0.0999257446414733,1,7,8,0.1772151898734177,0.277140934514891,1,False
2,4,George Hamilton,S2_George Hamilton __ Edyta Sliwinska,21.0,0.1769223130564286,6,1,7,0.1329113924050632,0.3098337054614919,1,False
2,4,Jerry Rice,S2_Jerry Rice __ Anna Trebunskaya,24.0,0.153454414143395,5,4,9,0.1518987341772152,0.3053531483206102,1,False
2,4,Lisa Rinna,S2_Lisa Rinna __ Louis van Amstel,26.0,0.1328358275511492,2,5,7,0.1645569620253164,0.2973927895764656,1,False
2,4,Master P,S2_Master P __ Ashly DelGrosso,8.0,0.1605070688372507,7,3,10,0.050632911392405,0.2111399802296557,1,False
2,4,Stacy Keibler,S2_Stacy Keibler __ Tony Dovolani,26.0,0.1138185882234619,3,6,9,0.1645569620253164,0.2783755502487783,1,False
2,4,Tia Carrere,S2_Tia Carrere __ Maksim Chmerkoskiy,25.0,0.1625360435468409,4,2,6,0.1582278481012658,0.3207638916481067,1,False
2,5,Drew Lachey,S2_Drew Lachey __ Cheryl Burke,27.0,0.119676164806922,2,6,8,0.1788079470198675,0.2984841118267896,1,False
2,5,George Hamilton,S2_George Hamilton __ Edyta Sliwinska,24.0,0.2297244314984608,4,1,5,0.1589403973509933,0.3886648288494542,1,False
2,5,Jerry Rice,S2_Jerry Rice __ Anna Trebunskaya,23.0,0.1928028916926548,5,2,7,0.152317880794702,0.3451207724873568,1,False
2,5,Lisa Rinna,S2_Lisa Rinna __ Louis van Amstel,25.0,0.1664281021904466,3,3,6,0.1655629139072847,0.3319910160977314,1,False
2,5,Stacy Keibler,S2_Stacy Keibler __ Tony Dovolani,30.0,0.1358357931267897,1,5,6,0.1986754966887417,0.3345112898155314,1,False
2,5,Tia Carrere,S2_Tia Carrere __ Maksim Chmerkoskiy,22.0,0.1555326166847259,6,4,10,0.1456953642384106,0.3012279809231365,1,False
2,6,Drew Lachey,S2_Drew Lachey __ Cheryl Burke,30.0,0.1418051308169841,1,5,6,0.225563909774436,0.3673690405914201,1,False
2,6,George Hamilton,S2_George Hamilton __ Edyta Sliwinska,23.0,0.2496727943049983,4,2,6,0.1729323308270676,0.4226051251320659,1,False
2,6,Jerry Rice,S2_Jerry Rice __ Anna Trebunskaya,23.0,0.2675064218975571,5,1,6,0.1729323308270676,0.4404387527246247,1,False
2,6,Lisa Rinna,S2_Lisa Rinna __ Louis van Amstel,27.0,0.189965218714992,3,3,6,0.2030075187969924,0.3929727375119844,1,False
2,6,Stacy Keibler,S2_Stacy Keibler __ Tony Dovolani,30.0,0.1510504342654683,2,4,6,0.225563909774436,0.3766143440399043,1,False
2,7,Drew Lachey,S2_Drew Lachey __ Cheryl Burke,27.5,0.1803928441705739,1,4,5,0.2696078431372549,0.4500006873078288,1,False
2,7,Jerry Rice,S2_Jerry Rice __ Anna Trebunskaya,20.5,0.3616235716880553,4,1,5,0.2009803921568627,0.5626039638449181,1,False
2,7,Lisa Rinna,S2_Lisa Rinna __ Louis van Amstel,26.5,0.2274870268711662,3,3,6,0.2598039215686274,0.4872909484397937,1,False
2,7,Stacy Keibler,S2_Stacy Keibler __ Tony Dovolani,27.5,0.2304965572702046,2,2,4,0.2696078431372549,0.5001044004074595,1,False
3,2,Emmitt Smith,S3_Emmitt Smith __ Cheryl Burke,24.0,0.0953854919062785,3,4,7,0.1043478260869565,0.199733317993235,1,False
3,2,Harry Hamlin,S3_Harry Hamlin __ Ashly DelGrosso,21.0,0.1402912167204305,7,2,9,0.0913043478260869,0.2315955645465174,1,False
3,2,Jerry Springer,S3_Jerry Springer __ Kym Johnson,19.0,0.134593453523699,10,3,13,0.0826086956521739,0.2172021491758729,1,False
3,2,Joey Lawrence,S3_Joey Lawrence __ Edyta Sliwinska,29.0,0.0705469975157667,1,10,11,0.1260869565217391,0.1966339540375058,1,False
3,2,Mario Lopez,S3_Mario Lopez __ Karina Smirnoff,21.0,0.0889148669354666,8,6,14,0.0913043478260869,0.1802192147615535,1,False
3,2,Monique Coleman,S3_Monique Coleman __ Louis van Amstel,26.0,0.0920692273936744,2,5,7,0.1130434782608695,0.2051127056545439,1,False
3,2,Sara Evans,S3_Sara Evans __ Tony Dovolani,21.0,0.1434279945792608,9,1,10,0.0913043478260869,0.2347323424053477,1,False
3,2,Shanna Moakler,S3_Shanna Moakler __ Jesse DeSoto,22.0,0.0787231632434859,6,8,14,0.0956521739130434,0.1743753371565293,1,False
3,2,Vivica A. Fox,S3_Vivica A. Fox __ Nick Kosovich,24.0,0.0789137830962213,4,7,11,0.1043478260869565,0.1832616091831778,1,False
3,2,Willa Ford,S3_Willa Ford __ Maksim Chmerkoskiy,23.0,0.077133805085716,5,9,14,0.1,0.177133805085716,1,False
3,3,Emmitt Smith,S3_Emmitt Smith __ Cheryl Burke,19.0,0.1089888688521465,9,5,14,0.0917874396135265,0.200776308465673,1,False
3,3,Harry Hamlin,S3_Harry Hamlin __ Ashly DelGrosso,22.0,0.0878959049138957,4,8,12,0.1062801932367149,0.1941760981506106,1,False
3,3,Jerry Springer,S3_Jerry Springer __ Kym Johnson,21.0,0.1319146254929967,8,2,10,0.1014492753623188,0.2333639008553155,1,False
3,3,Joey Lawrence,S3_Joey Lawrence __ Edyta Sliwinska,22.0,0.1486514831366241,5,1,6,0.1062801932367149,0.2549316763733391,1,False
3,3,Mario Lopez,S3_Mario Lopez __ Karina Smirnoff,22.0,0.1033801652929276,6,6,12,0.1062801932367149,0.2096603585296425,1,False
3,3,Monique Coleman,S3_Monique Coleman __ Louis van Amstel,27.0,0.093735106623804,1,7,8,0.1304347826086956,0.2241698892324996,1,False
3,3,Sara Evans,S3_Sara Evans __ Tony Dovolani,25.0,0.1227158381730235,3,3,6,0.1207729468599033,0.2434887850329268,1,False
3,3,Vivica A. Fox,S3_Vivica A. Fox __ Nick Kosovich,27.0,0.0863028116482771,2,9,11,0.1304347826086956,0.2167375942569727,1,False
3,3,Willa Ford,S3_Willa Ford __ Maksim Chmerkoskiy,22.0,0.1164151958663044,7,4,11,0.1062801932367149,0.2226953891030194,1,False
3,4,Emmitt Smith,S3_Emmitt Smith __ Cheryl Burke,24.0,0.1366732003452916,4,2,6,0.1212121212121212,0.2578853215574128,1,False
3,4,Jerry Springer,S3_Jerry Springer __ Kym Johnson,22.0,0.1207913197914816,7,5,12,0.1111111111111111,0.2319024309025927,1,False
3,4,Joey Lawrence,S3_Joey Lawrence __ Edyta Sliwinska,27.0,0.110408235931571,3,6,9,0.1363636363636363,0.2467718722952073,1,False
3,4,Mario Lopez,S3_Mario Lopez __ Karina Smirnoff,29.0,0.1634271152615496,1,1,2,0.1464646464646464,0.309891761726196,1,False
3,4,Monique Coleman,S3_Monique Coleman __ Louis van Amstel,24.0,0.1271149726785896,5,4,9,0.1212121212121212,0.2483270938907108,1,False
3,4,Sara Evans,S3_Sara Evans __ Tony Dovolani,20.0,0.1330654934925735,8,3,11,0.101010101010101,0.2340755945026745,1,False
3,4,Vivica A. Fox,S3_Vivica A. Fox __ Nick Kosovich,24.0,0.1008284499459305,6,8,14,0.1212121212121212,0.2220405711580517,1,False
3,4,Willa Ford,S3_Willa Ford __ Maksim Chmerkoskiy,28.0,0.1076912125530121,2,7,9,0.1414141414141414,0.2491053539671535,1,False
3,5,Emmitt Smith,S3_Emmitt Smith __ Cheryl Burke,27.0,0.1377266300332924,1,5,6,0.149171270718232,0.2868979007515244,1,False
3,5,Jerry Springer,S3_Jerry Springer __ Kym Johnson,24.0,0.1834545741046747,6,1,7,0.1325966850828729,0.3160512591875476,1,False
3,5,Joey Lawrence,S3_Joey Lawrence __ Edyta Sliwinska,25.0,0.1415296155528859,5,3,8,0.1381215469613259,0.2796511625142118,1,False
3,5,Mario Lopez,S3_Mario Lopez __ Karina Smirnoff,27.0,0.1279637693229904,2,6,8,0.149171270718232,0.2771350400412224,1,False
3,5,Monique Coleman,S3_Monique Coleman __ Louis van Amstel,27.0,0.1485869783185489,3,2,5,0.149171270718232,0.2977582490367809,1,False
3,5,Sara Evans,S3_Sara Evans __ Tony Dovolani,24.0,0.1412301395223783,7,4,11,0.1325966850828729,0.2738268246052512,1,False
3,5,Willa Ford,S3_Willa Ford __ Maksim Chmerkoskiy,27.0,0.1195082931452293,4,7,11,0.149171270718232,0.2686795638634613,1,False
3,6,Emmitt Smith,S3_Emmitt Smith __ Cheryl Burke,25.0,0.1861022981553946,2,5,7,0.211864406779661,0.3979667049350556,2,False
3,6,Jerry Springer,S3_Jerry Springer __ Kym Johnson,18.0,0.2117402937314603,5,1,6,0.1525423728813559,0.3642826666128163,2,False
3,6,Joey Lawrence,S3_Joey Lawrence __ Edyta Sliwinska,24.0,0.1919251051321538,3,4,7,0.2033898305084746,0.3953149356406283,2,False
3,6,Mario Lopez,S3_Mario Lopez __ Karina Smirnoff,28.0,0.20279922035036,1,3,4,0.2372881355932203,0.4400873559435803,2,False
3,6,Monique Coleman,S3_Monique Coleman __ Louis van Amstel,23.0,0.2074330826306311,4,2,6,0.1949152542372881,0.4023483368679192,2,False
3,8,Emmitt Smith,S3_Emmitt Smith __ Cheryl Burke,27.0,0.2431276595776345,2,3,5,0.2477064220183486,0.4908340815959831,1,False
3,8,Joey Lawrence,S3_Joey Lawrence __ Edyta Sliwinska,27.0,0.261323039000826,3,1,4,0.2477064220183486,0.5090294610191746,1,False
3,8,Mario Lopez,S3_Mario Lopez __ Karina Smirnoff,28.5,0.2531010395665314,1,2,3,0.2614678899082568,0.5145689294747883,1,False
3,8,Monique Coleman,S3_Monique Coleman __ Louis van Amstel,26.5,0.242448261855008,4,4,8,0.2431192660550458,0.4855675279100538,1,False
3,9,Emmitt Smith,S3_Emmitt Smith __ Cheryl Burke,29.5,0.3344628191343804,1,2,3,0.3333333333333333,0.6677961524677137,1,False
3,9,Joey Lawrence,S3_Joey Lawrence __ Edyta Sliwinska,29.5,0.3282807623920709,2,3,5,0.3333333333333333,0.6616140957254042,1,False
3,9,Mario Lopez,S3_Mario Lopez __ Karina Smirnoff,29.5,0.3372564184735486,3,1,4,0.3333333333333333,0.670589751806882,1,False
4,3,Apolo Anton Ohno,S4_Apolo Anton Ohno __ Julianne Hough,23.0,0.0969008403697434,5,5,10,0.1055045871559633,0.2024054275257067,1,False
4,3,Billy Ray Cyrus,S4_Billy Ray Cyrus __ Karina Smirnoff,21.0,0.0933298738128085,6,7,13,0.0963302752293578,0.1896601490421663,1,False
4,3,Clyde Drexler,S4_Clyde Drexler __ Elena Grinenko,16.0,0.1395966876467795,10,1,11,0.073394495412844,0.2129911830596235,1,False
4,3,Heather Mills,S4_Heather Mills __ Jonathan Roberts,24.0,0.1149496947072544,1,2,3,0.110091743119266,0.2250414378265204,1,False
4,3,Ian Ziering,S4_Ian Ziering __ Cheryl Burke,24.0,0.0774147418598652,2,10,12,0.110091743119266,0.1875064849791312,1,False
4,3,Joey Fatone,S4_Joey Fatone __ Kym Johnson,24.0,0.0947028501913614,3,6,9,0.110091743119266,0.2047945933106274,1,False
4,3,John Ratzenberger,S4_John Ratzenberger __ Edyta Sliwinska,20.0,0.1030738754093175,9,3,12,0.091743119266055,0.1948169946753725,1,False
4,3,Laila Ali,S4_Laila Ali __ Maksim Chmerkoskiy,21.0,0.0928408647416179,7,8,15,0.0963302752293578,0.1891711399709757,1,False
4,3,Leeza Gibbons,S4_Leeza Gibbons __ Tony Dovolani,24.0,0.100827976062745,4,4,8,0.110091743119266,0.210919719182011,1,False
4,3,Shandi Finnessey,S4_Shandi Finnessey __ Brian Fortuna,21.0,0.0863625951985068,8,9,17,0.0963302752293578,0.1826928704278645,1,False
4,4,Apolo Anton Ohno,S4_Apolo Anton Ohno __ Julianne Hough,26.0,0.0863686991526449,2,8,10,0.1368421052631579,0.2232108044158028,1,False
4,4,Billy Ray Cyrus,S4_Billy Ray Cyrus __ Karina Smirnoff,21.0,0.0957722748172925,5,7,12,0.1105263157894736,0.2062985906067662,1,False
4,4,Clyde Drexler,S4_Clyde Drexler __ Elena Grinenko,15.0,0.1714413740815218,9,1,10,0.0789473684210526,0.2503887425025744,1,False
4,4,Heather Mills,S4_Heather Mills __ Jonathan Roberts,23.0,0.0767893347777126,4,9,13,0.1210526315789473,0.1978419663566599,1,False
4,4,Ian Ziering,S4_Ian Ziering __ Cheryl Burke,24.0,0.1117552162006792,3,3,6,0.1263157894736842,0.2380710056743634,1,False
4,4,Joey Fatone,S4_Joey Fatone __ Kym Johnson,28.0,0.1017305402764974,1,6,7,0.1473684210526315,0.2490989613291289,1,False
4,4,John Ratzenberger,S4_John Ratzenberger __ Edyta Sliwinska,16.0,0.14068840922799,7,2,9,0.0842105263157894,0.2248989355437795,1,False
4,4,Laila Ali,S4_Laila Ali __ Maksim Chmerkoskiy,21.0,0.1116613653119949,6,4,10,0.1105263157894736,0.2221876811014685,1,False
4,4,Leeza Gibbons,S4_Leeza Gibbons __ Tony Dovolani,16.0,0.1037927861536663,8,5,13,0.0842105263157894,0.1880033124694557,1,False
4,5,Apolo Anton Ohno,S4_Apolo Anton Ohno __ Julianne Hough,30.0,0.1327144574746902,1,4,5,0.1704545454545454,0.3031690029292356,1,False
4,5,Billy Ray Cyrus,S4_Billy Ray Cyrus __ Karina Smirnoff,17.0,0.1300506779252984,7,5,12,0.096590909090909,0.2266415870162074,1,False
4,5,Clyde Drexler,S4_Clyde Drexler __ Elena Grinenko,13.0,0.1331554881068211,8,3,11,0.0738636363636363,0.2070191244704574,1,False
4,5,Heather Mills,S4_Heather Mills __ Jonathan Roberts,21.0,0.1473531574081723,5,1,6,0.1193181818181818,0.2666713392263541,1,False
4,5,Ian Ziering,S4_Ian Ziering __ Cheryl Burke,24.0,0.1170819564455716,4,6,10,0.1363636363636363,0.253445592809208,1,False
4,5,Joey Fatone,S4_Joey Fatone __ Kym Johnson,25.0,0.084633176826286,3,8,11,0.1420454545454545,0.2266786313717405,1,False
4,5,John Ratzenberger,S4_John Ratzenberger __ Edyta Sliwinska,18.0,0.1447078437699659,6,2,8,0.1022727272727272,0.2469805710426931,1,False
4,5,Laila Ali,S4_Laila Ali __ Maksim Chmerkoskiy,28.0,0.1103032420431942,2,7,9,0.1590909090909091,0.2693941511341032,1,False
4,6,Apolo Anton Ohno,S4_Apolo Anton Ohno __ Julianne Hough,28.0,0.115493013736573,1,7,8,0.1647058823529411,0.2801988960895142,1,False
4,6,Billy Ray Cyrus,S4_Billy Ray Cyrus __ Karina Smirnoff,21.0,0.1646755238328088,6,2,8,0.1235294117647058,0.2882049355975147,1,False
4,6,Heather Mills,S4_Heather Mills __ Jonathan Roberts,23.0,0.1311591005331432,5,5,10,0.1352941176470588,0.266453218180202,1,False
4,6,Ian Ziering,S4_Ian Ziering __ Cheryl Burke,24.0,0.1466294617272275,4,3,7,0.1411764705882353,0.2878059323154628,1,False
4,6,Joey Fatone,S4_Joey Fatone __ Kym Johnson,27.0,0.1259743101041096,3,6,9,0.1588235294117647,0.2847978395158743,1,False
4,6,John Ratzenberger,S4_John Ratzenberger __ Edyta Sliwinska,19.0,0.1845857437045895,7,1,8,0.1117647058823529,0.2963504495869424,1,False
4,6,Laila Ali,S4_Laila Ali __ Maksim Chmerkoskiy,28.0,0.1314828463615482,2,4,6,0.1647058823529411,0.2961887287144893,1,False
4,7,Apolo Anton Ohno,S4_Apolo Anton Ohno __ Julianne Hough,27.0,0.1686077555480535,3,3,6,0.174757281553398,0.3433650371014515,1,False
4,7,Billy Ray Cyrus,S4_Billy Ray Cyrus __ Karina Smirnoff,19.0,0.1912200171269501,6,2,8,0.1229773462783171,0.3141973634052672,1,False
4,7,Ian Ziering,S4_Ian Ziering __ Cheryl Burke,27.0,0.1927313095675448,4,1,5,0.174757281553398,0.3674885911209429,1,False
4,7,Joey Fatone,S4_Joey Fatone __ Kym Johnson,29.5,0.1278644883192159,1,6,7,0.1909385113268608,0.3188029996460767,1,False
4,7,John Ratzenberger,S4_John Ratzenberger __ Edyta Sliwinska,22.5,0.168529054177616,5,4,9,0.145631067961165,0.314160122138781,1,False
4,7,Laila Ali,S4_Laila Ali __ Maksim Chmerkoskiy,29.5,0.1510473752606196,2,5,7,0.1909385113268608,0.3419858865874804,1,False
4,8,Apolo Anton Ohno,S4_Apolo Anton Ohno __ Julianne Hough,29.0,0.1767534257006057,1,5,6,0.2310756972111553,0.4078291229117611,1,False
4,8,Billy Ray Cyrus,S4_Billy Ray Cyrus __ Karina Smirnoff,19.0,0.2375944937438256,5,1,6,0.1513944223107569,0.3889889160545826,1,False
4,8,Ian Ziering,S4_Ian Ziering __ Cheryl Burke,23.5,0.2269239584363148,4,2,6,0.1872509960159362,0.414174954452251,1,False
4,8,Joey Fatone,S4_Joey Fatone __ Kym Johnson,27.5,0.1799463008882274,2,3,5,0.2191235059760956,0.399069806864323,1,False
4,8,Laila Ali,S4_Laila Ali __ Maksim Chmerkoskiy,26.5,0.1787818212310261,3,4,7,0.2111553784860557,0.3899371997170818,1,False
4,9,Apolo Anton Ohno,S4_Apolo Anton Ohno __ Julianne Hough,29.5,0.2555072992558481,3,2,5,0.2489451476793249,0.504452446935173,1,False
4,9,Ian Ziering,S4_Ian Ziering __ Cheryl Burke,29.0,0.2455683636168675,4,3,7,0.2447257383966244,0.490294102013492,1,False
4,9,Joey Fatone,S4_Joey Fatone __ Kym Johnson,30.0,0.2408191398576896,1,4,5,0.2531645569620253,0.4939836968197149,1,False
4,9,Laila Ali,S4_Laila Ali __ Maksim Chmerkoskiy,30.0,0.2581051972695947,2,1,3,0.2531645569620253,0.51126975423162,1,False
5,5,Cameron Mathison,S5_Cameron Mathison __ Edyta Sliwinska,26.0,0.1266636163279148,3,4,7,0.1306532663316583,0.2573168826595731,1,False
5,5,Helio Castroneves,S5_Helio Castroneves __ Julianne Hough,23.0,0.14160639784377,6,2,8,0.1155778894472361,0.2571842872910062,1,False
5,5,Jane Seymour,S5_Jane Seymour __ Tony Dovolani,26.0,0.1132360390922778,4,7,11,0.1306532663316583,0.2438893054239361,1,False
5,5,Jennie Garth,S5_Jennie Garth __ Derek Hough,25.0,0.122547390269058,5,5,10,0.1256281407035175,0.2481755309725755,1,False
5,5,Marie Osmond,S5_Marie Osmond __ Jonathan Roberts,21.0,0.1314917424651449,7,3,10,0.1055276381909547,0.2370193806560996,1,False
5,5,Mark Cuban,S5_Mark Cuban __ Kym Johnson,21.0,0.1224232854692368,8,6,14,0.1055276381909547,0.2279509236601915,1,False
5,5,Mel B,S5_Mel B __ Maksim Chmerkoskiy,29.0,0.1454750548030072,1,1,2,0.1457286432160804,0.2912036980190876,1,False
5,5,Sabrina Bryan,S5_Sabrina Bryan __ Mark Ballas,28.0,0.0965564737295904,2,8,10,0.1407035175879397,0.2372599913175301,1,False
5,6,Cameron Mathison,S5_Cameron Mathison __ Edyta Sliwinska,25.0,0.1430309594862543,4,5,9,0.1388888888888889,0.2819198483751431,1,False
5,6,Helio Castroneves,S5_Helio Castroneves __ Julianne Hough,28.0,0.1524190809163998,2,3,5,0.1555555555555555,0.3079746364719553,1,False
5,6,Jane Seymour,S5_Jane Seymour __ Tony Dovolani,22.0,0.1621277034162288,7,1,8,0.1222222222222222,0.284349925638451,1,False
5,6,Jennie Garth,S5_Jennie Garth __ Derek Hough,27.0,0.1584479967456512,3,2,5,0.15,0.3084479967456511,1,False
5,6,Marie Osmond,S5_Marie Osmond __ Jonathan Roberts,23.0,0.1465850631315056,6,4,10,0.1277777777777777,0.2743628409092833,1,False
5,6,Mel B,S5_Mel B __ Maksim Chmerkoskiy,30.0,0.1158844752359217,1,7,8,0.1666666666666666,0.2825511419025883,1,False
5,6,Sabrina Bryan,S5_Sabrina Bryan __ Mark Ballas,25.0,0.1215047210680383,5,6,11,0.1388888888888889,0.2603936099569272,1,False
5,7,Cameron Mathison,S5_Cameron Mathison __ Edyta Sliwinska,25.5,0.1673844099852542,5,2,7,0.1634615384615384,0.3308459484467926,1,False
5,7,Helio Castroneves,S5_Helio Castroneves __ Julianne Hough,26.0,0.1571414167967281,3,5,8,0.1666666666666666,0.3238080834633947,1,False
5,7,Jane Seymour,S5_Jane Seymour __ Tony Dovolani,25.0,0.1562716031974528,6,6,12,0.1602564102564102,0.316528013453863,1,False
5,7,Jennie Garth,S5_Jennie Garth __ Derek Hough,26.5,0.161457458311555,2,4,6,0.1698717948717948,0.3313292531833499,1,False
5,7,Marie Osmond,S5_Marie Osmond __ Jonathan Roberts,26.0,0.1912288560924378,4,1,5,0.1666666666666666,0.3578955227591044,1,False
5,7,Mel B,S5_Mel B __ Maksim Chmerkoskiy,27.0,0.166516255616572,1,3,4,0.173076923076923,0.339593178693495,1,False
5,8,Cameron Mathison,S5_Cameron Mathison __ Edyta Sliwinska,25.5,0.198762294829424,3,3,6,0.1939163498098859,0.3926786446393099,1,False
5,8,Helio Castroneves,S5_Helio Castroneves __ Julianne Hough,28.5,0.1920094555067112,1,5,6,0.2167300380228136,0.4087394935295249,1,False
5,8,Jennie Garth,S5_Jennie Garth __ Derek Hough,25.0,0.2033933104117229,4,2,6,0.1901140684410646,0.3935073788527875,1,False
5,8,Marie Osmond,S5_Marie Osmond __ Jonathan Roberts,24.5,0.2116556345402632,5,1,6,0.1863117870722433,0.3979674216125065,1,False
5,8,Mel B,S5_Mel B __ Maksim Chmerkoskiy,28.0,0.1941793047118785,2,4,6,0.2129277566539923,0.4071070613658709,1,False
5,9,Helio Castroneves,S5_Helio Castroneves __ Julianne Hough,30.0,0.2608641290059786,1,2,3,0.2564102564102564,0.5172743854162349,1,False
5,9,Jennie Garth,S5_Jennie Garth __ Derek Hough,29.0,0.2407982784208944,3,3,6,0.2478632478632478,0.4886615262841423,1,False
5,9,Marie Osmond,S5_Marie Osmond __ Jonathan Roberts,28.0,0.2638826622555595,4,1,5,0.2393162393162393,0.5031989015717988,1,False
5,9,Mel B,S5_Mel B __ Maksim Chmerkoskiy,30.0,0.2344549303175674,2,4,6,0.2564102564102564,0.4908651867278237,1,False
6,3,Adam Carolla,S6_Adam Carolla __ Julianne Hough,21.0,0.1109435196033312,6,3,9,0.0921052631578947,0.2030487827612259,2,False
6,3,Cristian de la Fuente,S6_Cristian de la Fuente __ Cheryl Burke,25.0,0.1133602660781487,3,2,5,0.1096491228070175,0.2230093888851662,2,False
6,3,Jason Taylor,S6_Jason Taylor __ Edyta Sliwinska,23.0,0.1539193131304648,5,1,6,0.1008771929824561,0.2547965061129209,2,False
6,3,Kristi Yamaguchi,S6_Kristi Yamaguchi __ Mark Ballas,27.0,0.0661825826567589,1,10,11,0.1184210526315789,0.1846036352883378,2,False
6,3,Mario,S6_Mario __ Karina Smirnoff,21.0,0.0856363422301705,7,7,14,0.0921052631578947,0.1777416053880652,2,False
6,3,Marissa Jaret Winokur,S6_Marissa Jaret Winokur __ Tony Dovolani,19.0,0.0987569110144413,10,6,16,0.0833333333333333,0.1820902443477746,2,False
6,3,Marlee Matlin,S6_Marlee Matlin __ Fabian Sanchez,21.0,0.1024139075561273,8,5,13,0.0921052631578947,0.194519170714022,2,False
6,3,Priscilla Presley,S6_Priscilla Presley __ Louis van Amstel,26.0,0.1025795232260968,2,4,6,0.1140350877192982,0.216614610945395,2,False
6,3,Shannon Elizabeth,S6_Shannon Elizabeth __ Derek Hough,24.0,0.0834925982504561,4,8,12,0.1052631578947368,0.1887557561451929,2,False
6,3,Steve Guttenberg,S6_Steve Guttenberg __ Anna Trebunskaya,21.0,0.082715036254004,9,9,18,0.0921052631578947,0.1748202994118987,2,False
6,4,Adam Carolla,S6_Adam Carolla __ Julianne Hough,19.0,0.0900948698735979,9,8,17,0.0844444444444444,0.1745393143180423,1,False
6,4,Cristian de la Fuente,S6_Cristian de la Fuente __ Cheryl Burke,26.0,0.1132707090402833,4,3,7,0.1155555555555555,0.2288262645958388,1,False
6,4,Jason Taylor,S6_Jason Taylor __ Edyta Sliwinska,29.0,0.1523455595144346,1,1,2,0.1288888888888889,0.2812344484033234,1,False
6,4,Kristi Yamaguchi,S6_Kristi Yamaguchi __ Mark Ballas,29.0,0.0779554154173255,2,9,11,0.1288888888888889,0.2068443043062143,1,False
6,4,Mario,S6_Mario __ Karina Smirnoff,24.0,0.1078084972644261,5,6,11,0.1066666666666666,0.2144751639310927,1,False
6,4,Marissa Jaret Winokur,S6_Marissa Jaret Winokur __ Tony Dovolani,24.0,0.1103762039732728,6,5,11,0.1066666666666666,0.2170428706399395,1,False
6,4,Marlee Matlin,S6_Marlee Matlin __ Fabian Sanchez,24.0,0.1058362130078689,7,7,14,0.1066666666666666,0.2125028796745355,1,False
6,4,Priscilla Presley,S6_Priscilla Presley __ Louis van Amstel,22.0,0.1290644797354084,8,2,10,0.0977777777777777,0.2268422575131862,1,False
6,4,Shannon Elizabeth,S6_Shannon Elizabeth __ Derek Hough,28.0,0.1132480521733823,3,4,7,0.1244444444444444,0.2376924966178267,1,False
6,5,Cristian de la Fuente,S6_Cristian de la Fuente __ Cheryl Burke,23.0,0.1420424525140163,5,2,7,0.1173469387755102,0.2593893912895265,1,False
6,5,Jason Taylor,S6_Jason Taylor __ Edyta Sliwinska,27.0,0.1107011172939598,2,6,8,0.1377551020408163,0.2484562193347761,1,False
6,5,Kristi Yamaguchi,S6_Kristi Yamaguchi __ Mark Ballas,29.0,0.1093868427548001,1,8,9,0.1479591836734693,0.2573460264282695,1,False
6,5,Mario,S6_Mario __ Karina Smirnoff,27.0,0.1343034706431717,3,3,6,0.1377551020408163,0.272058572683988,1,False
6,5,Marissa Jaret Winokur,S6_Marissa Jaret Winokur __ Tony Dovolani,24.0,0.1097104623603052,4,7,11,0.1224489795918367,0.2321594419521419,1,False
6,5,Marlee Matlin,S6_Marlee Matlin __ Fabian Sanchez,22.0,0.1229529649524523,7,5,12,0.1122448979591836,0.2351978629116359,1,False
6,5,Priscilla Presley,S6_Priscilla Presley __ Louis van Amstel,21.0,0.123225830527973,8,4,12,0.1071428571428571,0.2303686876708301,1,False
6,5,Shannon Elizabeth,S6_Shannon Elizabeth __ Derek Hough,23.0,0.1476768589533215,6,1,7,0.1173469387755102,0.2650237977288317,1,False
6,6,Cristian de la Fuente,S6_Cristian de la Fuente __ Cheryl Burke,27.0,0.1458650777701876,3,3,6,0.15,0.2958650777701875,1,False
6,6,Jason Taylor,S6_Jason Taylor __ Edyta Sliwinska,24.0,0.1573385633212786,5,2,7,0.1333333333333333,0.2906718966546119,1,False
6,6,Kristi Yamaguchi,S6_Kristi Yamaguchi __ Mark Ballas,30.0,0.1000491067136735,1,7,8,0.1666666666666666,0.2667157733803401,1,False
6,6,Mario,S6_Mario __ Karina Smirnoff,28.0,0.1644677724386283,2,1,3,0.1555555555555555,0.3200233279941838,1,False
6,6,Marissa Jaret Winokur,S6_Marissa Jaret Winokur __ Tony Dovolani,26.0,0.1456688629529796,4,4,8,0.1444444444444444,0.290113307397424,1,False
6,6,Marlee Matlin,S6_Marlee Matlin __ Fabian Sanchez,21.0,0.1442146347907804,7,5,12,0.1166666666666666,0.260881301457447,1,False
6,6,Shannon Elizabeth,S6_Shannon Elizabeth __ Derek Hough,24.0,0.1423959820124719,6,6,12,0.1333333333333333,0.2757293153458052,1,False
6,7,Cristian de la Fuente,S6_Cristian de la Fuente __ Cheryl Burke,23.0,0.1723368507417822,6,3,9,0.1488673139158576,0.3212041646576398,1,False
6,7,Jason Taylor,S6_Jason Taylor __ Edyta Sliwinska,27.5,0.1820924676560857,1,1,2,0.1779935275080906,0.3600859951641763,1,False
6,7,Kristi Yamaguchi,S6_Kristi Yamaguchi __ Mark Ballas,27.0,0.1497162375034595,2,6,8,0.174757281553398,0.3244735190568575,1,False
6,7,Mario,S6_Mario __ Karina Smirnoff,25.5,0.1724360375053379,4,2,6,0.1650485436893204,0.3374845811946583,1,False
6,7,Marissa Jaret Winokur,S6_Marissa Jaret Winokur __ Tony Dovolani,26.0,0.1692663493753332,3,4,7,0.1682847896440129,0.3375511390193461,1,False
6,7,Shannon Elizabeth,S6_Shannon Elizabeth __ Derek Hough,25.5,0.1541520572180016,5,5,10,0.1650485436893204,0.319200600907322,1,False
6,8,Cristian de la Fuente,S6_Cristian de la Fuente __ Cheryl Burke,28.5,0.2157043803888584,1,1,2,0.2134831460674157,0.4291875264562741,1,False
6,8,Jason Taylor,S6_Jason Taylor __ Edyta Sliwinska,26.0,0.1984648774558264,4,3,7,0.1947565543071161,0.3932214317629425,1,False
6,8,Kristi Yamaguchi,S6_Kristi Yamaguchi __ Mark Ballas,27.5,0.1933997430369017,2,4,6,0.2059925093632958,0.3993922524001976,1,False
6,8,Mario,S6_Mario __ Karina Smirnoff,26.5,0.1836954439496685,3,5,8,0.198501872659176,0.3821973166088445,1,False
6,8,Marissa Jaret Winokur,S6_Marissa Jaret Winokur __ Tony Dovolani,25.0,0.2087355551687449,5,2,7,0.1872659176029962,0.3960014727717411,1,False
6,9,Cristian de la Fuente,S6_Cristian de la Fuente __ Cheryl Burke,28.0,0.2541384623965378,2,2,4,0.2545454545454545,0.5086839169419923,1,False
6,9,Jason Taylor,S6_Jason Taylor __ Edyta Sliwinska,27.5,0.2485599971378608,3,3,6,0.25,0.4985599971378608,1,False
6,9,Kristi Yamaguchi,S6_Kristi Yamaguchi __ Mark Ballas,28.5,0.2372945613891862,1,4,5,0.2590909090909091,0.4963854704800953,1,False
6,9,Marissa Jaret Winokur,S6_Marissa Jaret Winokur __ Tony Dovolani,26.0,0.260006979076415,4,1,5,0.2363636363636363,0.4963706154400513,1,False
7,2,Brooke Burke,S7_Brooke Burke __ Derek Hough,24.0,0.0736911899817016,1,10,11,0.1085972850678733,0.1822884750495749,2,False
7,2,Cloris Leachman,S7_Cloris Leachman __ Corky Ballas,15.0,0.1153017509040821,11,1,12,0.0678733031674208,0.1831750540715029,2,False
7,2,Cody Linley,S7_Cody Linley __ Julianne Hough,21.0,0.0870065058452305,4,8,12,0.0950226244343891,0.1820291302796196,2,False
7,2,Kim Kardashian,S7_Kim Kardashian __ Mark Ballas,17.0,0.0884602027064612,9,7,16,0.0769230769230769,0.1653832796295381,2,False
7,2,Lance Bass,S7_Lance Bass __ Lacey Schwimmer,20.0,0.1121474556601714,7,2,9,0.090497737556561,0.2026451932167324,2,False
7,2,Maurice Greene,S7_Maurice Greene __ Cheryl Burke,19.0,0.0889541824432642,8,6,14,0.085972850678733,0.1749270331219972,2,False
7,2,Misty May-Treanor,S7_Misty May-Treanor __ Maksim Chmerkoskiy,21.0,0.0521494121868425,5,11,16,0.0950226244343891,0.1471720366212316,2,False
7,2,Rocco DiSpirito,S7_Rocco DiSpirito __ Karina Smirnoff,16.0,0.1069164134225312,10,3,13,0.0723981900452488,0.17931460346778,2,False
7,2,Susan Lucci,S7_Susan Lucci __ Tony Dovolani,21.0,0.0917223846039176,6,5,11,0.0950226244343891,0.1867450090383067,2,False
7,2,Toni Braxton,S7_Toni Braxton __ Alec Mazo,23.0,0.0851580054095473,3,9,12,0.1040723981900452,0.1892304035995925,2,False
7,2,Warren Sapp,S7_Warren Sapp __ Kym Johnson,24.0,0.09849249683625,2,4,6,0.1085972850678733,0.2070897819041233,2,False
7,3,Brooke Burke,S7_Brooke Burke __ Derek Hough,28.0,0.0819055057692926,1,9,10,0.1407035175879397,0.2226090233572323,2,False
7,3,Cloris Leachman,S7_Cloris Leachman __ Corky Ballas,16.0,0.1673836172604156,9,1,10,0.0804020100502512,0.2477856273106668,2,False
7,3,Cody Linley,S7_Cody Linley __ Julianne Hough,21.0,0.1327879273487607,6,3,9,0.1055276381909547,0.2383155655397154,2,False
7,3,Lance Bass,S7_Lance Bass __ Lacey Schwimmer,22.0,0.0948829490672067,4,7,11,0.1105527638190954,0.2054357128863022,2,False
7,3,Maurice Greene,S7_Maurice Greene __ Cheryl Burke,24.0,0.1359419493464012,3,2,5,0.1206030150753768,0.2565449644217781,2,False
7,3,Rocco DiSpirito,S7_Rocco DiSpirito __ Karina Smirnoff,20.0,0.1049392343179311,8,4,12,0.100502512562814,0.2054417468807451,2,False
7,3,Susan Lucci,S7_Susan Lucci __ Tony Dovolani,21.0,0.0880083119719451,7,8,15,0.1055276381909547,0.1935359501628998,2,False
7,3,Toni Braxton,S7_Toni Braxton __ Alec Mazo,22.0,0.0972302026963649,5,5,10,0.1105527638190954,0.2077829665154603,2,False
7,3,Warren Sapp,S7_Warren Sapp __ Kym Johnson,25.0,0.0969203022216816,2,6,8,0.1256281407035175,0.2225484429251991,2,False
7,5,Brooke Burke,S7_Brooke Burke __ Derek Hough,29.0,0.0988966940658346,1,8,9,0.1487179487179487,0.2476146427837833,1,False
7,5,Cloris Leachman,S7_Cloris Leachman __ Corky Ballas,21.0,0.1513311286697579,7,2,9,0.1076923076923077,0.2590234363620656,1,False
7,5,Cody Linley,S7_Cody Linley __ Julianne Hough,28.0,0.1057378907368242,2,6,8,0.1435897435897435,0.2493276343265678,1,False
7,5,Lance Bass,S7_Lance Bass __ Lacey Schwimmer,21.0,0.163411652151312,8,1,9,0.1076923076923077,0.2711039598436197,1,False
7,5,Maurice Greene,S7_Maurice Greene __ Cheryl Burke,27.0,0.1052351992011086,3,7,10,0.1384615384615384,0.243696737662647,1,False
7,5,Susan Lucci,S7_Susan Lucci __ Tony Dovolani,22.0,0.1416501448882016,5,3,8,0.1128205128205128,0.2544706577087144,1,False
7,5,Toni Braxton,S7_Toni Braxton __ Alec Mazo,22.0,0.1204874658661497,6,4,10,0.1128205128205128,0.2333079786866625,1,False
7,5,Warren Sapp,S7_Warren Sapp __ Kym Johnson,25.0,0.113249824420811,4,5,9,0.1282051282051282,0.2414549526259392,1,False
7,6,Brooke Burke,S7_Brooke Burke __ Derek Hough,26.0,0.1108322775441115,2,7,9,0.1625,0.2733322775441115,1,False
7,6,Cloris Leachman,S7_Cloris Leachman __ Corky Ballas,15.0,0.1467437489444427,7,3,10,0.09375,0.2404937489444427,1,False
7,6,Cody Linley,S7_Cody Linley __ Julianne Hough,23.0,0.1691415548428129,4,1,5,0.14375,0.3128915548428129,1,False
7,6,Lance Bass,S7_Lance Bass __ Lacey Schwimmer,27.0,0.1276697787319272,1,6,7,0.16875,0.2964197787319272,1,False
7,6,Maurice Greene,S7_Maurice Greene __ Cheryl Burke,21.0,0.1464098873952848,6,4,10,0.13125,0.2776598873952848,1,False
7,6,Susan Lucci,S7_Susan Lucci __ Tony Dovolani,23.0,0.1419492971149853,5,5,10,0.14375,0.2856992971149853,1,False
7,6,Warren Sapp,S7_Warren Sapp __ Kym Johnson,25.0,0.1572534554264356,3,2,5,0.15625,0.3135034554264356,1,False
7,7,Brooke Burke,S7_Brooke Burke __ Derek Hough,30.0,0.1274495749376732,1,6,7,0.2040816326530612,0.3315312075907344,1,False
7,7,Cody Linley,S7_Cody Linley __ Julianne Hough,22.0,0.1803838851157764,5,3,8,0.1496598639455782,0.3300437490613546,1,False
7,7,Lance Bass,S7_Lance Bass __ Lacey Schwimmer,25.0,0.1833562794692324,2,1,3,0.1700680272108843,0.3534243066801167,1,False
7,7,Maurice Greene,S7_Maurice Greene __ Cheryl Burke,25.0,0.1721650898903713,3,4,7,0.1700680272108843,0.3422331171012556,1,False
7,7,Susan Lucci,S7_Susan Lucci __ Tony Dovolani,24.0,0.1537217783256554,4,5,9,0.1632653061224489,0.3169870844481043,1,False
7,7,Warren Sapp,S7_Warren Sapp __ Kym Johnson,21.0,0.1829233922612911,6,2,8,0.1428571428571428,0.3257805351184339,1,False
7,8,Brooke Burke,S7_Brooke Burke __ Derek Hough,27.5,0.1742277855951743,1,5,6,0.2156862745098039,0.3899140601049782,1,False
7,8,Cody Linley,S7_Cody Linley __ Julianne Hough,24.0,0.2127621299423815,4,2,6,0.188235294117647,0.4009974240600286,1,False
7,8,Lance Bass,S7_Lance Bass __ Lacey Schwimmer,25.0,0.2001287916439421,3,3,6,0.196078431372549,0.3962072230164911,1,False
7,8,Maurice Greene,S7_Maurice Greene __ Cheryl Burke,24.0,0.191117187585899,5,4,9,0.188235294117647,0.3793524817035461,1,False
7,8,Warren Sapp,S7_Warren Sapp __ Kym Johnson,27.0,0.2217641052326031,2,1,3,0.2117647058823529,0.433528811114956,1,False
7,9,Brooke Burke,S7_Brooke Burke __ Derek Hough,24.5,0.2327461727001115,2,4,6,0.2437810945273631,0.4765272672274747,1,False
7,9,Cody Linley,S7_Cody Linley __ Julianne Hough,23.0,0.2444360171815476,4,3,7,0.2288557213930348,0.4732917385745824,1,False
7,9,Lance Bass,S7_Lance Bass __ Lacey Schwimmer,28.5,0.2659428473104521,1,1,2,0.2835820895522388,0.5495249368626909,1,False
7,9,Warren Sapp,S7_Warren Sapp __ Kym Johnson,24.5,0.2568749628078888,3,2,5,0.2437810945273631,0.500656057335252,1,False
8,3,Chuck Wicks,S8_Chuck Wicks __ Julianne Hough,23.0,0.1021838305490799,6,4,10,0.0905511811023622,0.1927350116514421,1,False
8,3,David Alan Grier,S8_David Alan Grier __ Kym Johnson,24.0,0.0763952550617655,5,8,13,0.0944881889763779,0.1708834440381434,1,False
8,3,Denise Richards,S8_Denise Richards __ Maksim Chmerkoskiy,16.0,0.0465272738913551,10,11,21,0.0629921259842519,0.109519399875607,1,False
8,3,Gilles Marini,S8_Gilles Marini __ Cheryl Burke,27.0,0.0596612454746293,1,10,11,0.1062992125984252,0.1659604580730545,1,False
8,3,Holly Madison,S8_Holly Madison __ Dmitry Chaplin,17.0,0.1156955649624276,9,2,11,0.0669291338582677,0.1826246988206953,1,False
8,3,Lawrence Taylor,S8_Lawrence Taylor __ Edyta Sliwinska,20.0,0.0424130803155574,8,12,20,0.0787401574803149,0.1211532377958723,1,False
8,3,Lil' Kim,S8_Lil' Kim __ Derek Hough,25.0,0.0685719090266894,4,9,13,0.0984251968503937,0.1669971058770831,1,False
8,3,Melissa Rycroft,S8_Melissa Rycroft __ Tony Dovolani,27.0,0.1076839697881953,2,3,5,0.1062992125984252,0.2139831823866205,1,False
8,3,Shawn Johnson,S8_Shawn Johnson __ Mark Ballas,27.0,0.078853668355411,3,7,10,0.1062992125984252,0.1851528809538362,1,False
8,3,Steve Wozniak,S8_Steve Wozniak __ Karina Smirnoff,10.0,0.0914802763138152,12,6,18,0.0393700787401574,0.1308503550539727,1,False
8,3,Steve-O,S8_Steve-O __ Lacey Schwimmer,15.0,0.1176629126560458,11,1,12,0.0590551181102362,0.176718030766282,1,False
8,3,Ty Murray,S8_Ty Murray __ Chelsie Hightower,23.0,0.0928710136050278,7,5,12,0.0905511811023622,0.18342219470739,1,False
8,4,Chuck Wicks,S8_Chuck Wicks __ Julianne Hough,22.0,0.1012960910802384,6,4,10,0.0909090909090909,0.1922051819893293,1,False
8,4,David Alan Grier,S8_David Alan Grier __ Kym Johnson,22.0,0.0982592163868902,7,5,12,0.0909090909090909,0.1891683072959811,1,False
8,4,Gilles Marini,S8_Gilles Marini __ Cheryl Burke,30.0,0.0805233545441824,1,10,11,0.1239669421487603,0.2044902966929427,1,False
8,4,Holly Madison,S8_Holly Madison __ Dmitry Chaplin,16.0,0.0859549364262882,9,8,17,0.0661157024793388,0.152070638905627,1,False
8,4,Lawrence Taylor,S8_Lawrence Taylor __ Edyta Sliwinska,19.0,0.0849848388572809,8,9,17,0.0785123966942148,0.1634972355514957,1,False
8,4,Lil' Kim,S8_Lil' Kim __ Derek Hough,27.0,0.0901679403085416,3,7,10,0.1115702479338843,0.2017381882424259,1,False
8,4,Melissa Rycroft,S8_Melissa Rycroft __ Tony Dovolani,29.0,0.0485370651084348,2,11,13,0.1198347107438016,0.1683717758522364,1,False
8,4,Shawn Johnson,S8_Shawn Johnson __ Mark Ballas,25.0,0.1103647762859795,4,1,5,0.1033057851239669,0.2136705614099464,1,False
8,4,Steve Wozniak,S8_Steve Wozniak __ Karina Smirnoff,12.0,0.0906060453419263,11,6,17,0.0495867768595041,0.1401928222014304,1,False
8,4,Steve-O,S8_Steve-O __ Lacey Schwimmer,15.0,0.1027376025368708,10,3,13,0.0619834710743801,0.1647210736112509,1,False
8,4,Ty Murray,S8_Ty Murray __ Chelsie Hightower,25.0,0.1065681331233665,5,2,7,0.1033057851239669,0.2098739182473334,1,False
8,5,Chuck Wicks,S8_Chuck Wicks __ Julianne Hough,23.0,0.1216789551482409,5,3,8,0.1095238095238095,0.2312027646720504,2,False
8,5,David Alan Grier,S8_David Alan Grier __ Kym Johnson,22.0,0.0816726240486924,6,9,15,0.1047619047619047,0.1864345288105971,2,False
8,5,Gilles Marini,S8_Gilles Marini __ Cheryl Burke,29.0,0.1227761558941879,1,2,3,0.1380952380952381,0.260871393989426,2,False
8,5,Lawrence Taylor,S8_Lawrence Taylor __ Edyta Sliwinska,20.0,0.1086964383111087,8,5,13,0.0952380952380952,0.2039345335492039,2,False
8,5,Lil' Kim,S8_Lil' Kim __ Derek Hough,26.0,0.0848939527560027,2,8,10,0.1238095238095238,0.2087034765655265,2,False
8,5,Melissa Rycroft,S8_Melissa Rycroft __ Tony Dovolani,25.0,0.1103071410167596,4,4,8,0.119047619047619,0.2293547600643786,2,False
8,5,Shawn Johnson,S8_Shawn Johnson __ Mark Ballas,26.0,0.1061622602623587,3,6,9,0.1238095238095238,0.2299717840718825,2,False
8,5,Steve-O,S8_Steve-O __ Lacey Schwimmer,18.0,0.1592376175922838,9,1,10,0.0857142857142857,0.2449519033065695,2,False
8,5,Ty Murray,S8_Ty Murray __ Chelsie Hightower,21.0,0.1045748549703649,7,7,14,0.1,0.2045748549703649,2,False
8,6,Chuck Wicks,S8_Chuck Wicks __ Julianne Hough,23.0,0.1302025263472032,5,3,8,0.1236559139784946,0.2538584403256978,1,False
8,6,Gilles Marini,S8_Gilles Marini __ Cheryl Burke,26.0,0.1253832591890147,3,4,7,0.1397849462365591,0.2651682054255738,1,False
8,6,Lawrence Taylor,S8_Lawrence Taylor __ Edyta Sliwinska,22.0,0.1234765764594114,6,5,11,0.1182795698924731,0.2417561463518845,1,False
8,6,Lil' Kim,S8_Lil' Kim __ Derek Hough,28.0,0.0992238027606926,1,8,9,0.1505376344086021,0.2497614371692947,1,False
8,6,Melissa Rycroft,S8_Melissa Rycroft __ Tony Dovolani,27.0,0.1228060895057375,2,6,8,0.1451612903225806,0.2679673798283181,1,False
8,6,Shawn Johnson,S8_Shawn Johnson __ Mark Ballas,26.0,0.1186708043632716,4,7,11,0.1397849462365591,0.2584557505998307,1,False
8,6,Steve-O,S8_Steve-O __ Lacey Schwimmer,16.0,0.1380916962233438,8,2,10,0.086021505376344,0.2241132015996879,1,False
8,6,Ty Murray,S8_Ty Murray __ Chelsie Hightower,18.0,0.1421452451513248,7,1,8,0.0967741935483871,0.2389194386997118,1,False
8,7,Chuck Wicks,S8_Chuck Wicks __ Julianne Hough,27.0,0.1316712469300378,3,5,8,0.1483516483516483,0.2800228952816861,1,False
8,7,Gilles Marini,S8_Gilles Marini __ Cheryl Burke,27.0,0.1468909088192724,4,3,7,0.1483516483516483,0.2952425571709207,1,False
8,7,Lawrence Taylor,S8_Lawrence Taylor __ Edyta Sliwinska,21.0,0.1426547729633626,7,4,11,0.1153846153846153,0.258039388347978,1,False
8,7,Lil' Kim,S8_Lil' Kim __ Derek Hough,26.0,0.1201141105335737,5,6,11,0.1428571428571428,0.2629712533907165,1,False
8,7,Melissa Rycroft,S8_Melissa Rycroft __ Tony Dovolani,29.0,0.1139158937627642,1,7,8,0.1593406593406593,0.2732565531034235,1,False
8,7,Shawn Johnson,S8_Shawn Johnson __ Mark Ballas,28.0,0.1561006143115439,2,2,4,0.1538461538461538,0.3099467681576977,1,False
8,7,Ty Murray,S8_Ty Murray __ Chelsie Hightower,24.0,0.1886524526794449,6,1,7,0.1318681318681318,0.3205205845475767,1,False
8,8,Chuck Wicks,S8_Chuck Wicks __ Julianne Hough,25.5,0.1511331453671172,5,4,9,0.1634615384615384,0.3145946838286556,1,False
8,8,Gilles Marini,S8_Gilles Marini __ Cheryl Burke,27.5,0.1440801652176706,2,6,8,0.1762820512820513,0.3203622164997219,1,False
8,8,Lil' Kim,S8_Lil' Kim __ Derek Hough,28.0,0.1706959784605425,1,3,4,0.1794871794871795,0.350183157947722,1,False
8,8,Melissa Rycroft,S8_Melissa Rycroft __ Tony Dovolani,23.0,0.1756734045163666,6,2,8,0.1474358974358974,0.323109301952264,1,False
8,8,Shawn Johnson,S8_Shawn Johnson __ Mark Ballas,26.0,0.1488364715218307,3,5,8,0.1666666666666666,0.3155031381884973,1,False
8,8,Ty Murray,S8_Ty Murray __ Chelsie Hightower,26.0,0.2095808349164721,4,1,5,0.1666666666666666,0.3762475015831387,1,False
8,9,Gilles Marini,S8_Gilles Marini __ Cheryl Burke,28.0,0.1878506687378811,2,4,6,0.2097378277153558,0.3975884964532369,1,False
8,9,Lil' Kim,S8_Lil' Kim __ Derek Hough,26.0,0.1771712446477425,4,5,9,0.1947565543071161,0.3719277989548586,1,False
8,9,Melissa Rycroft,S8_Melissa Rycroft __ Tony Dovolani,28.5,0.1964731730297514,1,2,3,0.2134831460674157,0.4099563190971671,1,False
8,9,Shawn Johnson,S8_Shawn Johnson __ Mark Ballas,28.0,0.1916456294616512,3,3,6,0.2097378277153558,0.401383457177007,1,False
8,9,Ty Murray,S8_Ty Murray __ Chelsie Hightower,23.0,0.2468592841229737,5,1,6,0.1722846441947565,0.4191439283177303,1,False
8,10,Gilles Marini,S8_Gilles Marini __ Cheryl Burke,30.0,0.2299353500244024,1,4,5,0.273972602739726,0.5039079527641284,1,False
8,10,Melissa Rycroft,S8_Melissa Rycroft __ Tony Dovolani,27.5,0.2567314123543118,3,2,5,0.2511415525114155,0.5078729648657273,1,False
8,10,Shawn Johnson,S8_Shawn Johnson __ Mark Ballas,28.0,0.2451451691964845,2,3,5,0.2557077625570776,0.5008529317535622,1,False
8,10,Ty Murray,S8_Ty Murray __ Chelsie Hightower,24.0,0.2681880684248011,4,1,5,0.2191780821917808,0.4873661506165819,1,False
9,2,Aaron Carter,S9_Aaron Carter __ Karina Smirnoff,27.0,0.0685456318579842,1,9,10,0.0918367346938775,0.1603823665518617,2,False
9,2,Chuck Liddell,S9_Chuck Liddell __ Anna Trebunskaya,19.0,0.0971301915133995,9,2,11,0.064625850340136,0.1617560418535355,2,False
9,2,Debi Mazar,S9_Debi Mazar __ Maksim Chmerkoskiy,21.0,0.0686330012623973,4,8,12,0.0714285714285714,0.1400615726909687,2,False
9,2,Donny Osmond,S9_Donny Osmond __ Kym Johnson,25.0,0.0479174097920031,3,14,17,0.0850340136054421,0.1329514233974452,2,False
9,2,Joanna Krupa,S9_Joanna Krupa __ Derek Hough,20.0,0.0976832094955881,7,1,8,0.0680272108843537,0.1657104203799418,2,False
9,2,Kathy Ireland,S9_Kathy Ireland __ Tony Dovolani,18.0,0.0501324355140754,13,13,26,0.0612244897959183,0.1113569253099937,2,False
9,2,Kelly Osbourne,S9_Kelly Osbourne __ Louis van Amstel,19.0,0.0691858939315938,10,7,17,0.064625850340136,0.1338117442717298,2,False
9,2,Louie Vito,S9_Louie Vito __ Chelsie Hightower,19.0,0.0836636310493826,11,5,16,0.064625850340136,0.1482894813895186,2,False
9,2,Mark Dacascos,S9_Mark Dacascos __ Lacey Schwimmer,21.0,0.0511769247907484,5,12,17,0.0714285714285714,0.1226054962193198,2,False
9,2,Melissa Joan Hart,S9_Melissa Joan Hart __ Mark Ballas,19.0,0.0515327991737077,12,11,23,0.064625850340136,0.1161586495138437,2,False
9,2,Michael Irvin,S9_Michael Irvin __ Anna Demidova,20.0,0.0885700952144256,8,4,12,0.0680272108843537,0.1565973060987793,2,False
9,2,Mya,S9_Mya __ Dmitry Chaplin,27.0,0.0948644777563367,2,3,5,0.0918367346938775,0.1867012124502142,2,False
9,2,Natalie Coughlin,S9_Natalie Coughlin __ Alec Mazo,21.0,0.0746891752917176,6,6,12,0.0714285714285714,0.146117746720289,2,False
9,2,Tom DeLay,S9_Tom DeLay __ Cheryl Burke,18.0,0.0562751233566392,14,10,24,0.0612244897959183,0.1174996131525575,2,False
9,3,Aaron Carter,S9_Aaron Carter __ Karina Smirnoff,21.0,0.0492211044958742,4,13,17,0.0813953488372093,0.1306164533330835,1,False
9,3,Chuck Liddell,S9_Chuck Liddell __ Anna Trebunskaya,17.0,0.0846116009758429,10,5,15,0.065891472868217,0.1505030738440599,1,False
9,3,Debi Mazar,S9_Debi Mazar __ Maksim Chmerkoskiy,17.0,0.0614351937635151,11,11,22,0.065891472868217,0.1273266666317321,1,False
9,3,Donny Osmond,S9_Donny Osmond __ Kym Johnson,21.0,0.0862869210925782,5,4,9,0.0813953488372093,0.1676822699297875,1,False
9,3,Joanna Krupa,S9_Joanna Krupa __ Derek Hough,23.0,0.1092358207901291,3,1,4,0.0891472868217054,0.1983831076118345,1,False
9,3,Kelly Osbourne,S9_Kelly Osbourne __ Louis van Amstel,20.0,0.0764719604412365,6,7,13,0.0775193798449612,0.1539913402861977,1,False
9,3,Louie Vito,S9_Louie Vito __ Chelsie Hightower,20.0,0.0737196532073991,7,8,15,0.0775193798449612,0.1512390330523603,1,False
9,3,Mark Dacascos,S9_Mark Dacascos __ Lacey Schwimmer,18.0,0.0955587275507876,9,3,12,0.0697674418604651,0.1653261694112527,1,False
9,3,Melissa Joan Hart,S9_Melissa Joan Hart __ Mark Ballas,19.0,0.0629381396222183,8,10,18,0.0736434108527131,0.1365815504749314,1,False
9,3,Michael Irvin,S9_Michael Irvin __ Anna Demidova,14.0,0.0774209600218463,13,6,19,0.0542635658914728,0.1316845259133191,1,False
9,3,Mya,S9_Mya __ Dmitry Chaplin,27.0,0.0985353348012076,1,2,3,0.1046511627906976,0.2031864975919052,1,False
9,3,Natalie Coughlin,S9_Natalie Coughlin __ Alec Mazo,26.0,0.0535599636274827,2,12,14,0.1007751937984496,0.1543351574259323,1,False
9,3,Tom DeLay,S9_Tom DeLay __ Cheryl Burke,15.0,0.071004619609882,12,9,21,0.0581395348837209,0.1291441544936029,1,False
9,4,Aaron Carter,S9_Aaron Carter __ Karina Smirnoff,18.0,0.0732213205020557,8,10,18,0.0743801652892562,0.1476014857913118,2,False
9,4,Chuck Liddell,S9_Chuck Liddell __ Anna Trebunskaya,17.0,0.0597680145077034,9,11,20,0.0702479338842975,0.1300159483920009,2,False
9,4,Donny Osmond,S9_Donny Osmond __ Kym Johnson,24.0,0.0783909496213157,4,7,11,0.0991735537190082,0.1775645033403239,2,False
9,4,Joanna Krupa,S9_Joanna Krupa __ Derek Hough,26.0,0.0862500547042301,3,5,8,0.1074380165289256,0.1936880712331557,2,False
9,4,Kelly Osbourne,S9_Kelly Osbourne __ Louis van Amstel,23.0,0.1522691561956319,6,1,7,0.0950413223140495,0.2473104785096814,2,False
9,4,Louie Vito,S9_Louie Vito __ Chelsie Hightower,16.0,0.0804662457303062,10,6,16,0.0661157024793388,0.146581948209645,2,False
9,4,Mark Dacascos,S9_Mark Dacascos __ Lacey Schwimmer,22.0,0.1011606555995844,7,3,10,0.0909090909090909,0.1920697465086753,2,False
9,4,Melissa Joan Hart,S9_Melissa Joan Hart __ Mark Ballas,28.0,0.0778047548336683,1,8,9,0.1157024793388429,0.1935072341725112,2,False
9,4,Michael Irvin,S9_Michael Irvin __ Anna Demidova,16.0,0.1284446901779458,11,2,13,0.0661157024793388,0.1945603926572846,2,False
9,4,Mya,S9_Mya __ Dmitry Chaplin,28.0,0.0867574442913096,2,4,6,0.1157024793388429,0.2024599236301525,2,False
9,4,Natalie Coughlin,S9_Natalie Coughlin __ Alec Mazo,24.0,0.0754667138362483,5,9,14,0.0991735537190082,0.1746402675552565,2,False
9,5,Aaron Carter,S9_Aaron Carter __ Karina Smirnoff,24.0,0.1079141274210276,4,4,8,0.0991735537190082,0.2070876811400358,1,False
9,5,Donny Osmond,S9_Donny Osmond __ Kym Johnson,29.0,0.098834366856171,1,6,7,0.1198347107438016,0.2186690775999726,1,False
9,5,Joanna Krupa,S9_Joanna Krupa __ Derek Hough,24.0,0.0908916318666827,5,7,12,0.0991735537190082,0.1900651855856909,1,False
9,5,Kelly Osbourne,S9_Kelly Osbourne __ Louis van Amstel,24.0,0.1120769774334794,6,3,9,0.0991735537190082,0.2112505311524876,1,False
9,5,Louie Vito,S9_Louie Vito __ Chelsie Hightower,22.0,0.1350609189089965,8,1,9,0.0909090909090909,0.2259700098180874,1,False
9,5,Mark Dacascos,S9_Mark Dacascos __ Lacey Schwimmer,26.0,0.0622616485746899,3,10,13,0.1074380165289256,0.1696996651036155,1,False
9,5,Melissa Joan Hart,S9_Melissa Joan Hart __ Mark Ballas,23.0,0.1072869508065066,7,5,12,0.0950413223140495,0.2023282731205561,1,False
9,5,Michael Irvin,S9_Michael Irvin __ Anna Demidova,21.0,0.1340971106751892,10,2,12,0.0867768595041322,0.2208739701793214,1,False
9,5,Mya,S9_Mya __ Dmitry Chaplin,27.0,0.0796959593344,2,8,10,0.1115702479338843,0.1912662072682843,1,False
9,5,Natalie Coughlin,S9_Natalie Coughlin __ Alec Mazo,22.0,0.0718803081228568,9,9,18,0.0909090909090909,0.1627893990319477,1,False
9,6,Aaron Carter,S9_Aaron Carter __ Karina Smirnoff,32.9998,0.1277146059536856,3,2,5,0.1269227470402782,0.2546373529939638,1,False
9,6,Donny Osmond,S9_Donny Osmond __ Kym Johnson,30.9999,0.1155245700267239,5,4,9,0.1192307973373754,0.2347553673640993,1,False
9,6,Joanna Krupa,S9_Joanna Krupa __ Derek Hough,35.9999,0.1054018318061983,1,6,7,0.1384616331364223,0.2438634649426206,1,False
9,6,Kelly Osbourne,S9_Kelly Osbourne __ Louis van Amstel,24.9998,0.1142541752639304,6,5,11,0.096153409761803,0.2104075850257334,1,False
9,6,Louie Vito,S9_Louie Vito __ Chelsie Hightower,24.0,0.1157672654081881,7,3,10,0.0923080118354255,0.2080752772436137,1,False
9,6,Mark Dacascos,S9_Mark Dacascos __ Lacey Schwimmer,32.0,0.0904791416136096,4,8,12,0.1230773491139007,0.2135564907275103,1,False
9,6,Melissa Joan Hart,S9_Melissa Joan Hart __ Mark Ballas,23.9999,0.1036146579462858,8,7,15,0.0923076272187096,0.1959222851649954,1,False
9,6,Michael Irvin,S9_Michael Irvin __ Anna Demidova,21.9998,0.1434440756865829,9,1,10,0.0846149082823748,0.2280589839689577,1,False
9,6,Mya,S9_Mya __ Dmitry Chaplin,33.0,0.0837996762947951,2,9,11,0.1269235162737101,0.2107231925685052,1,False
9,7,Aaron Carter,S9_Aaron Carter __ Karina Smirnoff,26.5,0.1299250982714546,2,7,9,0.150997150997151,0.2809222492686056,2,False
9,7,Donny Osmond,S9_Donny Osmond __ Kym Johnson,26.0,0.1331609257040242,3,6,9,0.1481481481481481,0.2813090738521723,2,False
9,7,Joanna Krupa,S9_Joanna Krupa __ Derek Hough,27.5,0.1368333848004908,1,5,6,0.1566951566951566,0.2935285414956474,2,False
9,7,Kelly Osbourne,S9_Kelly Osbourne __ Louis van Amstel,26.0,0.1434364842289025,4,3,7,0.1481481481481481,0.2915846323770507,2,False
9,7,Mark Dacascos,S9_Mark Dacascos __ Lacey Schwimmer,21.5,0.1423945089220271,7,4,11,0.1225071225071225,0.2649016314291496,2,False
9,7,Michael Irvin,S9_Michael Irvin __ Anna Demidova,23.5,0.14417562748932,6,2,8,0.1339031339031339,0.2780787613924539,2,False
9,7,Mya,S9_Mya __ Dmitry Chaplin,24.5,0.1700739705837805,5,1,6,0.1396011396011396,0.3096751101849201,2,False
9,8,Aaron Carter,S9_Aaron Carter __ Karina Smirnoff,25.0,0.1794507193742954,4,5,9,0.1908396946564885,0.370290414030784,2,False
9,8,Donny Osmond,S9_Donny Osmond __ Kym Johnson,25.0,0.21991284396651,5,1,6,0.1908396946564885,0.4107525386229985,2,False
9,8,Joanna Krupa,S9_Joanna Krupa __ Derek Hough,26.0,0.1942363358376929,2,3,5,0.1984732824427481,0.392709618280441,2,False
9,8,Kelly Osbourne,S9_Kelly Osbourne __ Louis van Amstel,25.5,0.2183389406697454,3,2,5,0.1946564885496183,0.4129954292193637,2,False
9,8,Mya,S9_Mya __ Dmitry Chaplin,29.5,0.1880611601517561,1,4,5,0.2251908396946564,0.4132519998464126,2,False
9,9,Donny Osmond,S9_Donny Osmond __ Kym Johnson,24.666600000000003,0.2663675263961018,4,2,6,0.2312501699224591,0.4976176963185609,1,False
9,9,Joanna Krupa,S9_Joanna Krupa __ Derek Hough,27.0,0.2362274841717458,2,3,5,0.2531258701201785,0.4893533542919243,1,False
9,9,Kelly Osbourne,S9_Kelly Osbourne __ Louis van Amstel,25.9998,0.2697019947606219,3,1,4,0.2437489628870599,0.5134509576476818,1,False
9,9,Mya,S9_Mya __ Dmitry Chaplin,28.9999,0.2277029946715304,1,4,5,0.2718749970703024,0.4995779917418328,1,False
10,3,Aiden Turner,S10_Aiden Turner __ Edyta Sliwinska,20.0,0.1124705914686088,7,3,10,0.0985221674876847,0.2109927589562935,1,False
10,3,Buzz Aldrin,S10_Buzz Aldrin __ Ashly DelGrosso,13.0,0.097921838524393,10,6,16,0.064039408866995,0.161961247391388,1,False
10,3,Chad Ochocinco,S10_Chad Ochocinco __ Cheryl Burke,20.0,0.089106623507922,8,8,16,0.0985221674876847,0.1876287909956067,1,False
10,3,Erin Andrews,S10_Erin Andrews __ Maksim Chmerkoskiy,23.0,0.0975599985363795,2,7,9,0.1133004926108374,0.2108604911472169,1,False
10,3,Evan Lysacek,S10_Evan Lysacek __ Anna Trebunskaya,26.0,0.0701883964340444,1,10,11,0.1280788177339901,0.1982672141680345,1,False
10,3,Jake Pavelka,S10_Jake Pavelka __ Chelsie Hightower,21.0,0.1089444452341523,4,4,8,0.1034482758620689,0.2123927210962212,1,False
10,3,Kate Gosselin,S10_Kate Gosselin __ Tony Dovolani,15.0,0.1294164652977585,9,1,10,0.0738916256157635,0.203308090913522,1,False
10,3,Nicole Scherzinger,S10_Nicole Scherzinger __ Derek Hough,23.0,0.1148484497911239,3,2,5,0.1133004926108374,0.2281489424019613,1,False
10,3,Niecy Nash,S10_Niecy Nash __ Louis van Amstel,21.0,0.1028622990124767,5,5,10,0.1034482758620689,0.2063105748745456,1,False
10,3,Pamela Anderson,S10_Pamela Anderson __ Damian Whitewood,21.0,0.0766808921931402,6,9,15,0.1034482758620689,0.1801291680552091,1,False
10,4,Aiden Turner,S10_Aiden Turner __ Edyta Sliwinska,16.5,0.0967251028781859,8,7,15,0.0889487870619946,0.1856738899401805,1,False
10,4,Chad Ochocinco,S10_Chad Ochocinco __ Cheryl Burke,22.0,0.0952857266604113,4,8,12,0.1185983827493261,0.2138841094097374,1,False
10,4,Erin Andrews,S10_Erin Andrews __ Maksim Chmerkoskiy,19.5,0.0936363190252161,5,9,14,0.105121293800539,0.1987576128257552,1,False
10,4,Evan Lysacek,S10_Evan Lysacek __ Anna Trebunskaya,26.0,0.1155478533697351,1,4,5,0.1401617250673854,0.2557095784371205,1,False
10,4,Jake Pavelka,S10_Jake Pavelka __ Chelsie Hightower,19.0,0.0980080998588555,6,6,12,0.1024258760107816,0.2004339758696371,1,False
10,4,Kate Gosselin,S10_Kate Gosselin __ Tony Dovolani,16.0,0.1237716486867304,9,3,12,0.0862533692722372,0.2100250179589676,1,False
10,4,Nicole Scherzinger,S10_Nicole Scherzinger __ Derek Hough,25.0,0.134365587074456,2,2,4,0.1347708894878706,0.2691364765623266,1,False
10,4,Niecy Nash,S10_Niecy Nash __ Louis van Amstel,18.0,0.1379707228649381,7,1,8,0.0970350404312668,0.2350057632962049,1,False
10,4,Pamela Anderson,S10_Pamela Anderson __ Damian Whitewood,23.5,0.1046889395814714,3,5,8,0.1266846361185983,0.2313735757000697,1,False
10,5,Chad Ochocinco,S10_Chad Ochocinco __ Cheryl Burke,18.0,0.1237814245761312,6,5,11,0.1040462427745664,0.2278276673506976,1,False
10,5,Erin Andrews,S10_Erin Andrews __ Maksim Chmerkoskiy,22.0,0.124668210747325,4,4,8,0.1271676300578034,0.2518358408051284,1,False
10,5,Evan Lysacek,S10_Evan Lysacek __ Anna Trebunskaya,27.0,0.1114147341647075,2,6,8,0.1560693641618497,0.2674840983265572,1,False
10,5,Jake Pavelka,S10_Jake Pavelka __ Chelsie Hightower,23.0,0.1426193563779074,3,2,5,0.1329479768786127,0.2755673332565201,1,False
10,5,Kate Gosselin,S10_Kate Gosselin __ Tony Dovolani,15.0,0.1308860164663476,8,3,11,0.0867052023121387,0.2175912187784863,1,False
10,5,Nicole Scherzinger,S10_Nicole Scherzinger __ Derek Hough,29.0,0.1053385741372315,1,8,9,0.1676300578034682,0.2729686319406997,1,False
10,5,Niecy Nash,S10_Niecy Nash __ Louis van Amstel,18.0,0.1508188086496351,7,1,8,0.1040462427745664,0.2548650514242015,1,False
10,5,Pamela Anderson,S10_Pamela Anderson __ Damian Whitewood,21.0,0.1104728748807145,5,7,12,0.1213872832369942,0.2318601581177087,1,False
10,6,Chad Ochocinco,S10_Chad Ochocinco __ Cheryl Burke,30.9999,0.1675239733901919,3,1,4,0.148325377166335,0.3158493505565269,1,False
10,6,Erin Andrews,S10_Erin Andrews __ Maksim Chmerkoskiy,34.0,0.1519885431291483,2,4,6,0.1626799706984664,0.3146685138276147,1,False
10,6,Evan Lysacek,S10_Evan Lysacek __ Anna Trebunskaya,27.0,0.126070456240341,5,6,11,0.1291870355546645,0.2552574917950055,1,False
10,6,Jake Pavelka,S10_Jake Pavelka __ Chelsie Hightower,24.9999,0.1355881086636332,7,5,12,0.1196171470430762,0.2552052557067094,1,False
10,6,Nicole Scherzinger,S10_Nicole Scherzinger __ Derek Hough,35.9999,0.101771121964048,1,7,8,0.1722489022690506,0.2740200242330987,1,False
10,6,Niecy Nash,S10_Niecy Nash __ Louis van Amstel,25.9998,0.163340683102583,6,2,8,0.1244013735931173,0.2877420566957003,1,False
10,6,Pamela Anderson,S10_Pamela Anderson __ Damian Whitewood,29.9998,0.1537171135100543,4,3,7,0.1435401936752898,0.2972573071853441,1,False
10,7,Chad Ochocinco,S10_Chad Ochocinco __ Cheryl Burke,26.0,0.1702948633211038,3,3,6,0.1672025723472668,0.3374974356683706,1,False
10,7,Erin Andrews,S10_Erin Andrews __ Maksim Chmerkoskiy,25.5,0.1660780469040115,4,4,8,0.1639871382636656,0.3300651851676771,1,False
10,7,Evan Lysacek,S10_Evan Lysacek __ Anna Trebunskaya,27.0,0.1835852284899401,1,2,3,0.1736334405144694,0.3572186690044096,1,False
10,7,Nicole Scherzinger,S10_Nicole Scherzinger __ Derek Hough,27.0,0.1372294940292688,2,6,8,0.1736334405144694,0.3108629345437382,1,False
10,7,Niecy Nash,S10_Niecy Nash __ Louis van Amstel,24.5,0.2013680045020976,6,1,7,0.157556270096463,0.3589242745985606,1,False
10,7,Pamela Anderson,S10_Pamela Anderson __ Damian Whitewood,25.5,0.1414443627535778,5,5,10,0.1639871382636656,0.3054315010172433,1,False
10,8,Chad Ochocinco,S10_Chad Ochocinco __ Cheryl Burke,22.5,0.2257285775902178,4,1,5,0.1778656126482213,0.4035941902384391,1,False
10,8,Erin Andrews,S10_Erin Andrews __ Maksim Chmerkoskiy,26.5,0.1876873957592206,2,4,6,0.2094861660079051,0.3971735617671257,1,False
10,8,Evan Lysacek,S10_Evan Lysacek __ Anna Trebunskaya,26.5,0.1892651165333801,3,3,6,0.2094861660079051,0.3987512825412852,1,False
10,8,Nicole Scherzinger,S10_Nicole Scherzinger __ Derek Hough,29.5,0.1797302425469109,1,5,6,0.233201581027668,0.4129318235745789,1,False
10,8,Niecy Nash,S10_Niecy Nash __ Louis van Amstel,21.5,0.2175886675702706,5,2,7,0.1699604743083003,0.387549141878571,1,False
10,9,Chad Ochocinco,S10_Chad Ochocinco __ Cheryl Burke,26.0,0.2648083488198063,4,1,5,0.2300884955752212,0.4948968443950275,1,False
10,9,Erin Andrews,S10_Erin Andrews __ Maksim Chmerkoskiy,28.0,0.2535842110747626,3,2,5,0.247787610619469,0.5013718216942316,1,False
10,9,Evan Lysacek,S10_Evan Lysacek __ Anna Trebunskaya,29.5,0.2442758638238926,1,3,4,0.2610619469026549,0.5053378107265475,1,False
10,9,Nicole Scherzinger,S10_Nicole Scherzinger __ Derek Hough,29.5,0.2373315762815385,2,4,6,0.2610619469026549,0.4983935231841934,1,False
11,2,Audrina Patridge,S11_Audrina Patridge __ Tony Dovolani,23.0,0.0615292286155846,2,11,13,0.1040723981900452,0.1656016268056298,1,False
11,2,Brandy,S11_Brandy __ Maksim Chmerkoskiy,21.0,0.0802231609903378,5,8,13,0.0950226244343891,0.1752457854247269,1,False
11,2,Bristol Palin,S11_Bristol Palin __ Mark Ballas,22.0,0.0911572105320232,3,6,9,0.0995475113122171,0.1907047218442404,1,False
11,2,Florence Henderson,S11_Florence Henderson __ Corky Ballas,19.0,0.0952905541634469,8,5,13,0.085972850678733,0.1812634048421799,1,False
11,2,Jennifer Grey,S11_Jennifer Grey __ Derek Hough,24.0,0.0732599342891104,1,10,11,0.1085972850678733,0.1818572193569837,1,False
11,2,Kurt Warner,S11_Kurt Warner __ Anna Trebunskaya,21.0,0.1294292412885071,6,1,7,0.0950226244343891,0.2244518657228962,1,False
11,2,Kyle Massey,S11_Kyle Massey __ Lacey Schwimmer,22.0,0.0879181681344464,4,7,11,0.0995475113122171,0.1874656794466636,1,False
11,2,Margaret Cho,S11_Margaret Cho __ Louis van Amstel,18.0,0.1051142102994188,9,3,12,0.0814479638009049,0.1865621741003237,1,False
11,2,Michael Bolton,S11_Michael Bolton __ Chelsie Hightower,12.0,0.0736842588729971,11,9,20,0.0542986425339366,0.1279829014069337,1,False
11,2,Rick Fox,S11_Rick Fox __ Cheryl Burke,21.0,0.09635079594771,7,4,11,0.0950226244343891,0.1913734203820991,1,False
11,2,The Situation,S11_The Situation __ Karina Smirnoff,18.0,0.1060432368664174,10,2,12,0.0814479638009049,0.1874912006673224,1,False
11,3,Audrina Patridge,S11_Audrina Patridge __ Tony Dovolani,26.0,0.0649415800873046,1,10,11,0.1176470588235294,0.182588638910834,1,False
11,3,Brandy,S11_Brandy __ Maksim Chmerkoskiy,24.0,0.0765538441874853,2,9,11,0.1085972850678733,0.1851511292553586,1,False
11,3,Bristol Palin,S11_Bristol Palin __ Mark Ballas,19.0,0.1285070306080858,9,2,11,0.085972850678733,0.2144798812868188,1,False
11,3,Florence Henderson,S11_Florence Henderson __ Corky Ballas,20.0,0.1166185896356325,7,3,10,0.090497737556561,0.2071163271921935,1,False
11,3,Jennifer Grey,S11_Jennifer Grey __ Derek Hough,24.0,0.082528354817707,3,8,11,0.1085972850678733,0.1911256398855803,1,False
11,3,Kurt Warner,S11_Kurt Warner __ Anna Trebunskaya,23.0,0.101047868983524,5,6,11,0.1040723981900452,0.2051202671735692,1,False
11,3,Kyle Massey,S11_Kyle Massey __ Lacey Schwimmer,23.0,0.104005574955303,6,5,11,0.1040723981900452,0.2080779731453482,1,False
11,3,Margaret Cho,S11_Margaret Cho __ Louis van Amstel,18.0,0.0881681658484319,10,7,17,0.0814479638009049,0.1696161296493368,1,False
11,3,Rick Fox,S11_Rick Fox __ Cheryl Burke,24.0,0.1075761633511024,4,4,8,0.1085972850678733,0.2161734484189757,1,False
11,3,The Situation,S11_The Situation __ Karina Smirnoff,20.0,0.1300528275254232,8,1,9,0.090497737556561,0.2205505650819842,1,False
11,4,Audrina Patridge,S11_Audrina Patridge __ Tony Dovolani,23.0,0.1018315505736124,3,7,10,0.1284916201117318,0.2303231706853442,1,False
11,4,Brandy,S11_Brandy __ Maksim Chmerkoskiy,24.0,0.0734143826040695,2,9,11,0.1340782122905028,0.2074925948945722,1,False
11,4,Bristol Palin,S11_Bristol Palin __ Mark Ballas,16.0,0.1238959316985554,8,2,10,0.0893854748603352,0.2132814065588906,1,False
11,4,Florence Henderson,S11_Florence Henderson __ Corky Ballas,17.5,0.1419316620102395,6,1,7,0.0977653631284916,0.2396970251387311,1,False
11,4,Jennifer Grey,S11_Jennifer Grey __ Derek Hough,28.0,0.1160066933405961,1,4,5,0.1564245810055866,0.2724312743461827,1,False
11,4,Kurt Warner,S11_Kurt Warner __ Anna Trebunskaya,17.0,0.1123126550000326,7,5,12,0.0949720670391061,0.2072847220391387,1,False
11,4,Kyle Massey,S11_Kyle Massey __ Lacey Schwimmer,20.0,0.1116636421292944,4,6,10,0.1117318435754189,0.2233954857047134,1,False
11,4,Rick Fox,S11_Rick Fox __ Cheryl Burke,19.5,0.1005754530695764,5,8,13,0.1089385474860335,0.2095140005556099,1,False
11,4,The Situation,S11_The Situation __ Karina Smirnoff,14.0,0.1183680295740232,9,3,12,0.0782122905027933,0.1965803200768165,1,False
11,5,Audrina Patridge,S11_Audrina Patridge __ Tony Dovolani,23.0,0.1212876108906461,5,5,10,0.1263736263736263,0.2476612372642724,1,False
11,5,Brandy,S11_Brandy __ Maksim Chmerkoskiy,27.0,0.0989645091895161,1,8,9,0.1483516483516483,0.2473161575411644,1,False
11,5,Bristol Palin,S11_Bristol Palin __ Mark Ballas,18.0,0.1524739593397101,8,2,10,0.0989010989010989,0.251375058240809,1,False
11,5,Florence Henderson,S11_Florence Henderson __ Corky Ballas,21.0,0.1216925308542128,6,4,10,0.1153846153846153,0.2370771462388282,1,False
11,5,Jennifer Grey,S11_Jennifer Grey __ Derek Hough,25.0,0.1104362307216561,2,6,8,0.1373626373626373,0.2477988680842934,1,False
11,5,Kurt Warner,S11_Kurt Warner __ Anna Trebunskaya,24.0,0.1612974970742264,3,1,4,0.1318681318681318,0.2931656289423582,1,False
11,5,Kyle Massey,S11_Kyle Massey __ Lacey Schwimmer,20.0,0.1281852786711583,7,3,10,0.1098901098901098,0.2380753885612682,1,False
11,5,Rick Fox,S11_Rick Fox __ Cheryl Burke,24.0,0.1056623832588738,4,7,11,0.1318681318681318,0.2375305151270056,1,False
11,6,Audrina Patridge,S11_Audrina Patridge __ Tony Dovolani,31.9998,0.1069000446010628,2,7,9,0.1545889285615942,0.261488973162657,1,False
11,6,Brandy,S11_Brandy __ Maksim Chmerkoskiy,35.9999,0.1526963766782502,1,3,4,0.1739131484985698,0.32660952517682,1,False
11,6,Bristol Palin,S11_Bristol Palin __ Mark Ballas,27.9998,0.1738681535431138,6,1,7,0.1352651917180396,0.3091333452611534,1,False
11,6,Jennifer Grey,S11_Jennifer Grey __ Derek Hough,29.0,0.1384658591677798,5,5,10,0.1400970921157704,0.2785629512835502,1,False
11,6,Kurt Warner,S11_Kurt Warner __ Anna Trebunskaya,21.9999,0.168783208966832,7,2,9,0.1062800695461289,0.2750632785129609,1,False
11,6,Kyle Massey,S11_Kyle Massey __ Lacey Schwimmer,29.9999,0.1389563948693118,4,4,8,0.144927543233238,0.2838839381025498,1,False
11,6,Rick Fox,S11_Rick Fox __ Cheryl Burke,30.0,0.1203299621736492,3,6,9,0.1449280263266591,0.2652579885003083,1,False
11,7,Brandy,S11_Brandy __ Maksim Chmerkoskiy,36.5,0.1293787987914963,1,6,7,0.1750599520383693,0.3044387508298656,1,False
11,7,Bristol Palin,S11_Bristol Palin __ Mark Ballas,32.5,0.1795254448662141,6,2,8,0.1558752997601918,0.3354007446264059,1,False
11,7,Jennifer Grey,S11_Jennifer Grey __ Derek Hough,36.5,0.1620085762516911,2,4,6,0.1750599520383693,0.3370685282900604,1,False
11,7,Kurt Warner,S11_Kurt Warner __ Anna Trebunskaya,35.0,0.2202773408305145,3,1,4,0.1678657074340527,0.3881430482645672,1,False
11,7,Kyle Massey,S11_Kyle Massey __ Lacey Schwimmer,33.5,0.1727901742320306,5,3,8,0.1606714628297362,0.3334616370617668,1,False
11,7,Rick Fox,S11_Rick Fox __ Cheryl Burke,34.5,0.1360196650280533,4,5,9,0.1654676258992805,0.3014872909273338,1,False
11,8,Brandy,S11_Brandy __ Maksim Chmerkoskiy,28.5,0.1829354846504807,1,5,6,0.2150943396226415,0.3980298242731222,1,False
11,8,Bristol Palin,S11_Bristol Palin __ Mark Ballas,23.5,0.2290795744865896,5,1,6,0.1773584905660377,0.4064380650526273,1,False
11,8,Jennifer Grey,S11_Jennifer Grey __ Derek Hough,28.5,0.1829581520532052,2,4,6,0.2150943396226415,0.3980524916758467,1,False
11,8,Kurt Warner,S11_Kurt Warner __ Anna Trebunskaya,24.0,0.2152169612776112,4,2,6,0.1811320754716981,0.3963490367493093,1,False
11,8,Kyle Massey,S11_Kyle Massey __ Lacey Schwimmer,28.0,0.1898098275321131,3,3,6,0.2113207547169811,0.4011305822490942,1,False
11,9,Brandy,S11_Brandy __ Maksim Chmerkoskiy,28.5,0.2286555123540987,3,4,7,0.25,0.4786555123540987,1,False
11,9,Bristol Palin,S11_Bristol Palin __ Mark Ballas,26.5,0.2883590869789709,4,1,5,0.2324561403508772,0.5208152273298481,1,False
11,9,Jennifer Grey,S11_Jennifer Grey __ Derek Hough,30.0,0.2426083730164889,1,2,3,0.2631578947368421,0.505766267753331,1,False
11,9,Kyle Massey,S11_Kyle Massey __ Lacey Schwimmer,29.0,0.2403770276504414,2,3,5,0.2543859649122807,0.4947629925627221,1,False
12,3,Chelsea Kane,S12_Chelsea Kane __ Mark Ballas,23.0,0.0993813834336547,3,6,9,0.1074766355140186,0.2068580189476734,1,False
12,3,Chris Jericho,S12_Chris Jericho __ Cheryl Burke,21.0,0.0737777896186644,5,9,14,0.0981308411214953,0.1719086307401597,1,False
12,3,Hines Ward,S12_Hines Ward __ Kym Johnson,25.0,0.1033251784732408,1,5,6,0.116822429906542,0.2201476083797828,1,False
12,3,Kendra Wilkinson,S12_Kendra Wilkinson __ Louis van Amstel,23.0,0.1099463333376269,4,3,7,0.1074766355140186,0.2174229688516455,1,False
12,3,Kirstie Alley,S12_Kirstie Alley __ Maksim Chmerkoskiy,21.0,0.0962300503924154,6,7,13,0.0981308411214953,0.1943608915139107,1,False
12,3,Petra Nemcova,S12_Petra Nemcova __ Dmitry Chaplin,25.0,0.1098541756446098,2,4,6,0.116822429906542,0.2266766055511518,1,False
12,3,Ralph Macchio,S12_Ralph Macchio __ Karina Smirnoff,21.0,0.0703847904790815,7,10,17,0.0981308411214953,0.1685156316005768,1,False
12,3,Romeo,S12_Romeo __ Chelsie Hightower,20.0,0.127725615874935,8,1,9,0.0934579439252336,0.2211835598001686,1,False
12,3,Sugar Ray Leonard,S12_Sugar Ray Leonard __ Anna Trebunskaya,20.0,0.1158898737162347,9,2,11,0.0934579439252336,0.2093478176414683,1,False
12,3,Wendy Williams,S12_Wendy Williams __ Tony Dovolani,15.0,0.0934848090295362,10,8,18,0.0700934579439252,0.1635782669734614,1,False
12,4,Chelsea Kane,S12_Chelsea Kane __ Mark Ballas,26.0,0.1275876475693948,1,3,4,0.1262135922330097,0.2538012398024045,1,False
12,4,Chris Jericho,S12_Chris Jericho __ Cheryl Burke,23.0,0.1087871639626854,4,6,10,0.1116504854368932,0.2204376493995786,1,False
12,4,Hines Ward,S12_Hines Ward __ Kym Johnson,25.0,0.0955163220651869,2,8,10,0.1213592233009708,0.2168755453661577,1,False
12,4,Kendra Wilkinson,S12_Kendra Wilkinson __ Louis van Amstel,18.0,0.128733027031041,9,2,11,0.087378640776699,0.21611166780774,1,False
12,4,Kirstie Alley,S12_Kirstie Alley __ Maksim Chmerkoskiy,22.0,0.1297196799489532,7,1,8,0.1067961165048543,0.2365157964538075,1,False
12,4,Petra Nemcova,S12_Petra Nemcova __ Dmitry Chaplin,23.0,0.0924224941517598,5,9,14,0.1116504854368932,0.204072979588653,1,False
12,4,Ralph Macchio,S12_Ralph Macchio __ Karina Smirnoff,25.0,0.1118556975056829,3,4,7,0.1213592233009708,0.2332149208066538,1,False
12,4,Romeo,S12_Romeo __ Chelsie Hightower,23.0,0.1088096677082345,6,5,11,0.1116504854368932,0.2204601531451277,1,False
12,4,Sugar Ray Leonard,S12_Sugar Ray Leonard __ Anna Trebunskaya,21.0,0.096568300057061,8,7,15,0.1019417475728155,0.1985100476298765,1,False
12,5,Chelsea Kane,S12_Chelsea Kane __ Mark Ballas,26.0,0.1238564578594019,2,4,6,0.134020618556701,0.2578770764161029,1,False
12,5,Chris Jericho,S12_Chris Jericho __ Cheryl Burke,26.0,0.1315425261702177,3,3,6,0.134020618556701,0.2655631447269187,1,False
12,5,Hines Ward,S12_Hines Ward __ Kym Johnson,27.0,0.1053594197048967,1,8,9,0.1391752577319587,0.2445346774368554,1,False
12,5,Kendra Wilkinson,S12_Kendra Wilkinson __ Louis van Amstel,22.0,0.1340945784715773,6,2,8,0.1134020618556701,0.2474966403272473,1,False
12,5,Kirstie Alley,S12_Kirstie Alley __ Maksim Chmerkoskiy,23.0,0.1169066513950692,5,7,12,0.1185567010309278,0.235463352425997,1,False
12,5,Petra Nemcova,S12_Petra Nemcova __ Dmitry Chaplin,22.0,0.1192160355521112,7,6,13,0.1134020618556701,0.2326180974077813,1,False
12,5,Ralph Macchio,S12_Ralph Macchio __ Karina Smirnoff,22.0,0.1488829186048956,8,1,9,0.1134020618556701,0.2622849804605657,1,False
12,5,Romeo,S12_Romeo __ Chelsie Hightower,26.0,0.1201414122418299,4,5,9,0.134020618556701,0.2541620307985309,1,False
12,6,Chelsea Kane,S12_Chelsea Kane __ Mark Ballas,28.0,0.1420293561175345,1,3,4,0.1555555555555555,0.2975849116730901,1,False
12,6,Chris Jericho,S12_Chris Jericho __ Cheryl Burke,22.0,0.1515518665284217,7,2,9,0.1222222222222222,0.2737740887506439,1,False
12,6,Hines Ward,S12_Hines Ward __ Kym Johnson,27.0,0.1324462262079751,3,7,10,0.15,0.2824462262079751,1,False
12,6,Kendra Wilkinson,S12_Kendra Wilkinson __ Louis van Amstel,25.0,0.1391651930138224,5,4,9,0.1388888888888889,0.2780540819027113,1,False
12,6,Kirstie Alley,S12_Kirstie Alley __ Maksim Chmerkoskiy,26.0,0.1331281504196794,4,6,10,0.1444444444444444,0.2775725948641238,1,False
12,6,Ralph Macchio,S12_Ralph Macchio __ Karina Smirnoff,24.0,0.1637330526328487,6,1,7,0.1333333333333333,0.297066385966182,1,False
12,6,Romeo,S12_Romeo __ Chelsie Hightower,28.0,0.1379461550797181,2,5,7,0.1555555555555555,0.2935017106352736,1,False
12,7,Chelsea Kane,S12_Chelsea Kane __ Mark Ballas,32.0,0.1689068936823342,3,4,7,0.169761273209549,0.3386681668918833,1,False
12,7,Hines Ward,S12_Hines Ward __ Kym Johnson,33.0,0.1802652655779577,1,1,2,0.1750663129973474,0.3553315785753052,1,False
12,7,Kendra Wilkinson,S12_Kendra Wilkinson __ Louis van Amstel,30.5,0.1524051331176838,4,6,10,0.1618037135278514,0.3142088466455353,1,False
12,7,Kirstie Alley,S12_Kirstie Alley __ Maksim Chmerkoskiy,30.0,0.1704237813443086,5,3,8,0.1591511936339522,0.3295749749782608,1,False
12,7,Ralph Macchio,S12_Ralph Macchio __ Karina Smirnoff,33.0,0.1705248965896048,2,2,4,0.1750663129973474,0.3455912095869523,1,False
12,7,Romeo,S12_Romeo __ Chelsie Hightower,30.0,0.1574740296881109,6,5,11,0.1591511936339522,0.3166252233220631,1,False
12,8,Chelsea Kane,S12_Chelsea Kane __ Mark Ballas,27.5,0.2074678340749841,1,3,4,0.2115384615384615,0.4190062956134456,1,False
12,8,Hines Ward,S12_Hines Ward __ Kym Johnson,27.0,0.1810686681553485,2,4,6,0.2076923076923077,0.3887609758476562,1,False
12,8,Kirstie Alley,S12_Kirstie Alley __ Maksim Chmerkoskiy,26.5,0.22596797862172,3,1,4,0.2038461538461538,0.4298141324678738,1,False
12,8,Ralph Macchio,S12_Ralph Macchio __ Karina Smirnoff,23.0,0.2087126056788334,5,2,7,0.1769230769230769,0.3856356826019103,1,False
12,8,Romeo,S12_Romeo __ Chelsie Hightower,26.0,0.1767829134691138,4,5,9,0.2,0.3767829134691138,1,False
12,9,Chelsea Kane,S12_Chelsea Kane __ Mark Ballas,36.5,0.2429105267658792,1,3,4,0.3106382978723404,0.5535488246382196,1,False
12,9,Hines Ward,S12_Hines Ward __ Kym Johnson,30.0,0.2395334865064961,2,4,6,0.2553191489361702,0.4948526354426663,1,False
12,9,Kirstie Alley,S12_Kirstie Alley __ Maksim Chmerkoskiy,27.0,0.2559834894436503,3,2,5,0.2297872340425532,0.4857707234862035,1,False
12,9,Ralph Macchio,S12_Ralph Macchio __ Karina Smirnoff,24.0,0.2615724972839742,4,1,5,0.2042553191489361,0.4658278164329104,1,False
13,2,Carson Kressley,S13_Carson Kressley __ Anna Trebunskaya,18.0,0.1277368368305849,9,2,11,0.0807174887892376,0.2084543256198225,1,False
13,2,Chaz Bono,S13_Chaz Bono __ Lacey Schwimmer,17.0,0.1349054364561815,11,1,12,0.0762331838565022,0.2111386203126837,1,False
13,2,Chynna Phillips,S13_Chynna Phillips __ Tony Dovolani,21.0,0.0700119844165557,4,9,13,0.0941704035874439,0.1641823880039996,1,False
13,2,David Arquette,S13_David Arquette __ Kym Johnson,18.0,0.0874941838906619,10,7,17,0.0807174887892376,0.1682116726798995,1,False
13,2,Elisabetta Canalis,S13_Elisabetta Canalis __ Valentin Chmerkovskiy,21.0,0.0566216355422619,5,11,16,0.0941704035874439,0.1507920391297058,1,False
13,2,Hope Solo,S13_Hope Solo __ Maksim Chmerkoskiy,19.0,0.0922395209057288,8,4,12,0.085201793721973,0.1774413146277019,1,False
13,2,J.R. Martinez,S13_J.R. Martinez __ Karina Smirnoff,22.0,0.0800581981634325,2,8,10,0.0986547085201793,0.1787129066836118,1,False
13,2,Kristin Cavallari,S13_Kristin Cavallari __ Mark Ballas,22.0,0.0610310859687896,3,10,13,0.0986547085201793,0.1596857944889689,1,False
13,2,Nancy Grace,S13_Nancy Grace __ Tristan MacManus,21.0,0.1072512292661249,6,3,9,0.0941704035874439,0.2014216328535688,1,False
13,2,Ricki Lake,S13_Ricki Lake __ Derek Hough,23.0,0.0904755063697366,1,6,7,0.1031390134529148,0.1936145198226514,1,False
13,2,Rob Kardashian,S13_Rob Kardashian __ Cheryl Burke,21.0,0.0921743821899412,7,5,12,0.0941704035874439,0.1863447857773851,1,False
13,3,Carson Kressley,S13_Carson Kressley __ Anna Trebunskaya,23.0,0.1032755170783809,8,6,14,0.0970464135021097,0.2003219305804905,1,False
13,3,Chaz Bono,S13_Chaz Bono __ Lacey Schwimmer,18.0,0.1071214264993743,10,4,14,0.0759493670886076,0.1830707935879819,1,False
13,3,Chynna Phillips,S13_Chynna Phillips __ Tony Dovolani,26.0,0.0643473139398562,2,10,12,0.1097046413502109,0.1740519552900671,1,False
13,3,David Arquette,S13_David Arquette __ Kym Johnson,24.0,0.1469459197551919,4,1,5,0.1012658227848101,0.248211742540002,1,False
13,3,Hope Solo,S13_Hope Solo __ Maksim Chmerkoskiy,24.0,0.1320523614118713,5,2,7,0.1012658227848101,0.2333181841966814,1,False
13,3,J.R. Martinez,S13_J.R. Martinez __ Karina Smirnoff,26.0,0.08176031751497,3,7,10,0.1097046413502109,0.1914649588651809,1,False
13,3,Kristin Cavallari,S13_Kristin Cavallari __ Mark Ballas,24.0,0.0680052432327602,6,9,15,0.1012658227848101,0.1692710660175703,1,False
13,3,Nancy Grace,S13_Nancy Grace __ Tristan MacManus,21.0,0.1143958188379601,9,3,12,0.0886075949367088,0.2030034137746689,1,False
13,3,Ricki Lake,S13_Ricki Lake __ Derek Hough,27.0,0.0762481348052258,1,8,9,0.1139240506329113,0.1901721854381372,1,False
13,3,Rob Kardashian,S13_Rob Kardashian __ Cheryl Burke,24.0,0.105847946924409,7,5,12,0.1012658227848101,0.2071137697092191,1,False
13,4,Carson Kressley,S13_Carson Kressley __ Anna Trebunskaya,20.0,0.104419090024803,9,6,15,0.0956937799043062,0.2001128699291092,1,False
13,4,Chaz Bono,S13_Chaz Bono __ Lacey Schwimmer,21.0,0.1274810612152422,6,3,9,0.1004784688995215,0.2279595301147637,1,False
13,4,Chynna Phillips,S13_Chynna Phillips __ Tony Dovolani,21.0,0.0893602212876488,7,8,15,0.1004784688995215,0.1898386901871703,1,False
13,4,David Arquette,S13_David Arquette __ Kym Johnson,23.0,0.122126354024368,5,4,9,0.1100478468899521,0.2321742009143201,1,False
13,4,Hope Solo,S13_Hope Solo __ Maksim Chmerkoskiy,24.0,0.0965892363100193,3,7,10,0.1148325358851674,0.2114217721951867,1,False
13,4,J.R. Martinez,S13_J.R. Martinez __ Karina Smirnoff,26.0,0.1432097059916977,2,1,3,0.124401913875598,0.2676116198672957,1,False
13,4,Nancy Grace,S13_Nancy Grace __ Tristan MacManus,21.0,0.1359022783756584,8,2,10,0.1004784688995215,0.2363807472751799,1,False
13,4,Ricki Lake,S13_Ricki Lake __ Derek Hough,29.0,0.0761175368157267,1,9,10,0.138755980861244,0.2148735176769707,1,False
13,4,Rob Kardashian,S13_Rob Kardashian __ Cheryl Burke,24.0,0.1047945159548355,4,5,9,0.1148325358851674,0.2196270518400029,1,False
13,5,Carson Kressley,S13_Carson Kressley __ Anna Trebunskaya,19.0,0.121748534566803,8,5,13,0.101063829787234,0.222812364354037,1,False
13,5,Chaz Bono,S13_Chaz Bono __ Lacey Schwimmer,21.0,0.1487720107571102,7,2,9,0.1117021276595744,0.2604741384166846,1,False
13,5,David Arquette,S13_David Arquette __ Kym Johnson,25.0,0.1421254817346846,2,3,5,0.1329787234042553,0.2751042051389399,1,False
13,5,Hope Solo,S13_Hope Solo __ Maksim Chmerkoskiy,24.0,0.0980360345858031,4,8,12,0.1276595744680851,0.2256956090538882,1,False
13,5,J.R. Martinez,S13_J.R. Martinez __ Karina Smirnoff,28.0,0.1023272725795216,1,7,8,0.1489361702127659,0.2512634427922875,1,False
13,5,Nancy Grace,S13_Nancy Grace __ Tristan MacManus,22.0,0.1604217392138316,6,1,7,0.1170212765957446,0.2774430158095763,1,False
13,5,Ricki Lake,S13_Ricki Lake __ Derek Hough,24.0,0.1041564627824032,5,6,11,0.1276595744680851,0.2318160372504883,1,False
13,5,Rob Kardashian,S13_Rob Kardashian __ Cheryl Burke,25.0,0.1224124637798424,3,4,7,0.1329787234042553,0.2553911871840977,1,False
13,6,Chaz Bono,S13_Chaz Bono __ Lacey Schwimmer,19.0,0.140832375887566,7,4,11,0.1144578313253012,0.2552902072128672,1,False
13,6,David Arquette,S13_David Arquette __ Kym Johnson,23.0,0.1360267994983277,4,5,9,0.1385542168674698,0.2745810163657975,1,False
13,6,Hope Solo,S13_Hope Solo __ Maksim Chmerkoskiy,20.0,0.1633387158730659,6,1,7,0.1204819277108433,0.2838206435839092,1,False
13,6,J.R. Martinez,S13_J.R. Martinez __ Karina Smirnoff,29.0,0.1216070298338987,1,7,8,0.1746987951807229,0.2963058250146216,1,False
13,6,Nancy Grace,S13_Nancy Grace __ Tristan MacManus,24.0,0.1629021800288979,3,2,5,0.144578313253012,0.3074804932819099,1,False
13,6,Ricki Lake,S13_Ricki Lake __ Derek Hough,29.0,0.1507710659720131,2,3,5,0.1746987951807229,0.325469861152736,1,False
13,6,Rob Kardashian,S13_Rob Kardashian __ Cheryl Burke,22.0,0.1245218329062304,5,6,11,0.1325301204819277,0.2570519533881581,1,False
13,7,David Arquette,S13_David Arquette __ Kym Johnson,23.5,0.1589831862211286,5,4,9,0.1604095563139931,0.3193927425351217,1,False
13,7,Hope Solo,S13_Hope Solo __ Maksim Chmerkoskiy,25.0,0.1868284564861226,3,1,4,0.1706484641638225,0.3574769206499451,1,False
13,7,J.R. Martinez,S13_J.R. Martinez __ Karina Smirnoff,24.0,0.1582246849961714,4,5,9,0.1638225255972696,0.322047210593441,1,False
13,7,Nancy Grace,S13_Nancy Grace __ Tristan MacManus,22.0,0.1771948687119997,6,2,8,0.1501706484641638,0.3273655171761635,1,False
13,7,Ricki Lake,S13_Ricki Lake __ Derek Hough,26.5,0.154344468344806,1,6,7,0.1808873720136518,0.3352318403584579,1,False
13,7,Rob Kardashian,S13_Rob Kardashian __ Cheryl Burke,25.5,0.1644243352397715,2,3,5,0.1740614334470989,0.3384857686868705,1,False
13,8,Hope Solo,S13_Hope Solo __ Maksim Chmerkoskiy,26.0,0.2085018946862163,2,2,4,0.2007722007722007,0.4092740954584171,1,False
13,8,J.R. Martinez,S13_J.R. Martinez __ Karina Smirnoff,30.0,0.1840858003185158,1,5,6,0.2316602316602316,0.4157460319787475,1,False
13,8,Nancy Grace,S13_Nancy Grace __ Tristan MacManus,22.0,0.2177745160154206,5,1,6,0.1698841698841698,0.3876586858995905,1,False
13,8,Ricki Lake,S13_Ricki Lake __ Derek Hough,26.0,0.1920037642148321,3,4,7,0.2007722007722007,0.3927759649870328,1,False
13,8,Rob Kardashian,S13_Rob Kardashian __ Cheryl Burke,25.5,0.1976340247650148,4,3,7,0.1969111969111969,0.3945452216762117,1,False
13,9,Hope Solo,S13_Hope Solo __ Maksim Chmerkoskiy,24.4998,0.2605759190061838,4,1,5,0.2067502394524871,0.467326158458671,1,False
13,9,J.R. Martinez,S13_J.R. Martinez __ Karina Smirnoff,28.0,0.2368838206429483,3,4,7,0.2362879168266533,0.4731717374696016,1,False
13,9,Ricki Lake,S13_Ricki Lake __ Derek Hough,33.4999,0.2458456020015405,1,3,4,0.2827007708893286,0.5285463728908691,1,False
13,9,Rob Kardashian,S13_Rob Kardashian __ Cheryl Burke,32.4998,0.2566946583493272,2,2,4,0.2742610728315309,0.5309557311808581,1,False
14,3,Donald Driver,S14_Donald Driver __ Peta Murgatroyd,26.0,0.0602413913769451,4,10,14,0.0928571428571428,0.1530985342340879,1,False
14,3,Gavin DeGraw,S14_Gavin DeGraw __ Karina Smirnoff,24.0,0.1143220541336163,7,2,9,0.0857142857142857,0.200036339847902,1,False
14,3,Gladys Knight,S14_Gladys Knight __ Tristan MacManus,24.0,0.1068742482888602,8,4,12,0.0857142857142857,0.1925885340031459,1,False
14,3,Jack Wagner,S14_Jack Wagner __ Anna Trebunskaya,24.0,0.0558546068938201,9,11,20,0.0857142857142857,0.1415688926081058,1,False
14,3,Jaleel White,S14_Jaleel White __ Kym Johnson,25.0,0.0874329904100841,5,6,11,0.0892857142857142,0.1767187046957983,1,False
14,3,Katherine Jenkins,S14_Katherine Jenkins __ Mark Ballas,29.0,0.0764793441904484,1,8,9,0.1035714285714285,0.1800507727618769,1,False
14,3,Maria Menounos,S14_Maria Menounos __ Derek Hough,27.0,0.1287600644502097,3,1,4,0.0964285714285714,0.2251886358787811,1,False
14,3,Melissa Gilbert,S14_Melissa Gilbert __ Maksim Chmerkoskiy,24.0,0.1059621279947313,10,5,15,0.0857142857142857,0.191676413709017,1,False
14,3,Roshon Fegan,S14_Roshon Fegan __ Chelsie Hightower,25.0,0.1123081431663815,6,3,9,0.0892857142857142,0.2015938574520958,1,False
14,3,Sherri Sheperd,S14_Sherri Sheperd __ Valentin Chmerkovskiy,24.0,0.0659641965524147,11,9,20,0.0857142857142857,0.1516784822667004,1,False
14,3,William Levy,S14_William Levy __ Cheryl Burke,28.0,0.0858008325424882,2,7,9,0.1,0.1858008325424882,1,False
14,4,Donald Driver,S14_Donald Driver __ Peta Murgatroyd,27.0,0.111698111003775,1,2,3,0.1158798283261802,0.2275779393299552,1,False
14,4,Gavin DeGraw,S14_Gavin DeGraw __ Karina Smirnoff,23.0,0.0882402046278236,5,8,13,0.0987124463519313,0.1869526509797549,1,False
14,4,Gladys Knight,S14_Gladys Knight __ Tristan MacManus,20.0,0.1054408821314466,10,4,14,0.0858369098712446,0.1912777920026912,1,False
14,4,Jaleel White,S14_Jaleel White __ Kym Johnson,22.0,0.1245479164759836,6,1,7,0.0944206008583691,0.2189685173343526,1,False
14,4,Katherine Jenkins,S14_Katherine Jenkins __ Mark Ballas,24.0,0.0804575676058582,4,10,14,0.1030042918454935,0.1834618594513517,1,False
14,4,Maria Menounos,S14_Maria Menounos __ Derek Hough,26.0,0.1107704718518183,2,3,5,0.111587982832618,0.2223584546844363,1,False
14,4,Melissa Gilbert,S14_Melissa Gilbert __ Maksim Chmerkoskiy,22.0,0.0954144908763282,7,7,14,0.0944206008583691,0.1898350917346973,1,False
14,4,Roshon Fegan,S14_Roshon Fegan __ Chelsie Hightower,26.0,0.0988193656089294,3,6,9,0.111587982832618,0.2104073484415474,1,False
14,4,Sherri Sheperd,S14_Sherri Sheperd __ Valentin Chmerkovskiy,21.0,0.0852931789917448,9,9,18,0.0901287553648068,0.1754219343565516,1,False
14,4,William Levy,S14_William Levy __ Cheryl Burke,22.0,0.0993178108262916,8,5,13,0.0944206008583691,0.1937384116846607,1,False
14,5,Donald Driver,S14_Donald Driver __ Peta Murgatroyd,27.0,0.0910354231341439,3,8,11,0.1205357142857142,0.2115711374198581,1,False
14,5,Gavin DeGraw,S14_Gavin DeGraw __ Karina Smirnoff,19.0,0.0937789414465901,9,7,16,0.0848214285714285,0.1786003700180186,1,False
14,5,Gladys Knight,S14_Gladys Knight __ Tristan MacManus,22.0,0.1089239994577002,7,6,13,0.0982142857142857,0.2071382851719859,1,False
14,5,Jaleel White,S14_Jaleel White __ Kym Johnson,24.0,0.137165148208014,6,1,7,0.1071428571428571,0.2443080053508711,1,False
14,5,Katherine Jenkins,S14_Katherine Jenkins __ Mark Ballas,29.0,0.0799660961711034,1,9,10,0.1294642857142857,0.2094303818853891,1,False
14,5,Maria Menounos,S14_Maria Menounos __ Derek Hough,27.0,0.1254693421641019,4,3,7,0.1205357142857142,0.2460050564498161,1,False
14,5,Melissa Gilbert,S14_Melissa Gilbert __ Maksim Chmerkoskiy,21.0,0.1119436678767637,8,5,13,0.09375,0.2056936678767637,1,False
14,5,Roshon Fegan,S14_Roshon Fegan __ Chelsie Hightower,26.0,0.1158416889641182,5,4,9,0.1160714285714285,0.2319131175355467,1,False
14,5,William Levy,S14_William Levy __ Cheryl Burke,29.0,0.1358756925774643,2,2,4,0.1294642857142857,0.26533997829175,1,False
14,6,Donald Driver,S14_Donald Driver __ Peta Murgatroyd,33.9999,0.1236693650722843,4,5,9,0.1317829156900813,0.2554522807623656,1,False
14,6,Gladys Knight,S14_Gladys Knight __ Tristan MacManus,24.0,0.1304380161731625,8,4,12,0.0930235082033168,0.2234615243764793,1,False
14,6,Jaleel White,S14_Jaleel White __ Kym Johnson,36.9998,0.1346471552854497,2,2,4,0.1434104666175451,0.2780576219029948,1,False
14,6,Katherine Jenkins,S14_Katherine Jenkins __ Mark Ballas,38.9999,0.1015816133728093,1,8,9,0.151162813232439,0.2527444266052483,1,False
14,6,Maria Menounos,S14_Maria Menounos __ Derek Hough,29.9999,0.1309837049767639,6,3,9,0.1162789976561952,0.2472627026329591,1,False
14,6,Melissa Gilbert,S14_Melissa Gilbert __ Maksim Chmerkoskiy,30.0,0.1108220585954333,5,6,11,0.116279385254146,0.2271014438495793,1,False
14,6,Roshon Fegan,S14_Roshon Fegan __ Chelsie Hightower,27.9998,0.1588451783692098,7,1,8,0.1085266510413013,0.2673718294105111,1,False
14,6,William Levy,S14_William Levy __ Cheryl Burke,36.0,0.1090129081548868,3,7,10,0.1395352623049752,0.248548170459862,1,False
14,7,Donald Driver,S14_Donald Driver __ Peta Murgatroyd,26.5,0.1398291048909033,3,4,7,0.1444141689373297,0.284243273828233,1,False
14,7,Jaleel White,S14_Jaleel White __ Kym Johnson,25.5,0.1287742933796433,6,6,12,0.1389645776566757,0.267738871036319,1,False
14,7,Katherine Jenkins,S14_Katherine Jenkins __ Mark Ballas,27.0,0.1206600032384543,2,7,9,0.1471389645776566,0.267798967816111,1,False
14,7,Maria Menounos,S14_Maria Menounos __ Derek Hough,28.5,0.1425988912500517,1,3,4,0.1553133514986376,0.2979122427486893,1,False
14,7,Melissa Gilbert,S14_Melissa Gilbert __ Maksim Chmerkoskiy,23.5,0.1720025596981157,7,1,8,0.1280653950953678,0.3000679547934836,1,False
14,7,Roshon Fegan,S14_Roshon Fegan __ Chelsie Hightower,26.0,0.1570983055711206,5,2,7,0.1416893732970027,0.2987876788681233,1,False
14,7,William Levy,S14_William Levy __ Cheryl Burke,26.5,0.1390368419717109,4,5,9,0.1444141689373297,0.2834510109090405,1,False
14,8,Donald Driver,S14_Donald Driver __ Peta Murgatroyd,27.5,0.1700861547871887,3,3,6,0.1681957186544342,0.3382818734416229,1,False
14,8,Katherine Jenkins,S14_Katherine Jenkins __ Mark Ballas,27.5,0.1861967618857953,4,1,5,0.1681957186544342,0.3543924805402295,1,False
14,8,Maria Menounos,S14_Maria Menounos __ Derek Hough,26.5,0.164780876108651,5,4,9,0.1620795107033639,0.3268603868120149,1,False
14,8,Melissa Gilbert,S14_Melissa Gilbert __ Maksim Chmerkoskiy,25.5,0.15561561266327,6,5,11,0.1559633027522936,0.3115789154155636,1,False
14,8,Roshon Fegan,S14_Roshon Fegan __ Chelsie Hightower,28.0,0.1476284182437535,2,6,8,0.1712538226299694,0.3188822408737229,1,False
14,8,William Levy,S14_William Levy __ Cheryl Burke,28.5,0.1756921763113412,1,2,3,0.1743119266055046,0.3500041029168458,1,False
14,9,Donald Driver,S14_Donald Driver __ Peta Murgatroyd,28.5,0.2499827556118933,3,2,5,0.2478260869565217,0.497808842568415,2,False
14,9,Katherine Jenkins,S14_Katherine Jenkins __ Mark Ballas,28.0,0.2647727661729514,4,1,5,0.2434782608695652,0.5082510270425167,2,False
14,9,Maria Menounos,S14_Maria Menounos __ Derek Hough,29.5,0.2403371026079015,1,4,5,0.2565217391304348,0.4968588417383363,2,False
14,9,William Levy,S14_William Levy __ Cheryl Burke,29.0,0.2449073756072537,2,3,5,0.2521739130434782,0.497081288650732,2,False
15,2,Apolo Anton Ohno,S15_Apolo Anton Ohno __ Karina Smirnoff,24.5,0.0626882191922662,4,11,15,0.0887681159420289,0.1514563351342951,1,False
15,2,Bristol Palin,S15_Bristol Palin __ Mark Ballas,18.0,0.0932052594337675,12,4,16,0.0652173913043478,0.1584226507381153,1,False
15,2,Drew Lachey,S15_Drew Lachey __ Anna Trebunskaya,22.5,0.0748864735023167,7,8,15,0.0815217391304347,0.1564082126327514,1,False
15,2,Emmitt Smith,S15_Emmitt Smith __ Cheryl Burke,22.5,0.0652777539164219,8,10,18,0.0815217391304347,0.1467994930468567,1,False
15,2,Gilles Marini,S15_Gilles Marini __ Peta Murgatroyd,25.5,0.1081463713662435,2,1,3,0.092391304347826,0.2005376757140695,1,False
15,2,Helio Castroneves,S15_Helio Castroneves __ Chelsie Hightower,23.0,0.0942352109660721,6,3,9,0.0833333333333333,0.1775685442994054,1,False
15,2,Joey Fatone,S15_Joey Fatone __ Kym Johnson,22.5,0.059528578423455,9,12,21,0.0815217391304347,0.1410503175538897,1,False
15,2,Kelly Monaco,S15_Kelly Monaco __ Valentin Chmerkovskiy,22.0,0.0917533820514453,10,5,15,0.0797101449275362,0.1714635269789815,1,False
15,2,Kirstie Alley,S15_Kirstie Alley __ Maksim Chmerkoskiy,21.0,0.1036455877135777,11,2,13,0.0760869565217391,0.1797325442353168,1,False
15,2,Melissa Rycroft,S15_Melissa Rycroft __ Tony Dovolani,23.5,0.0854905202703669,5,7,12,0.0851449275362318,0.1706354478065987,1,False
15,2,Sabrina Bryan,S15_Sabrina Bryan __ Louis van Amstel,26.0,0.073633691282499,1,9,10,0.0942028985507246,0.1678365898332236,1,False
15,2,Shawn Johnson,S15_Shawn Johnson __ Derek Hough,25.0,0.0875089518815677,3,6,9,0.0905797101449275,0.1780886620264952,1,False
15,3,Apolo Anton Ohno,S15_Apolo Anton Ohno __ Karina Smirnoff,25.5,0.112264212047345,4,3,7,0.0917266187050359,0.2039908307523809,1,False
15,3,Bristol Palin,S15_Bristol Palin __ Mark Ballas,22.5,0.1174102183678796,11,1,12,0.0809352517985611,0.1983454701664407,1,False
15,3,Drew Lachey,S15_Drew Lachey __ Anna Trebunskaya,24.0,0.0713442715081891,9,10,19,0.0863309352517985,0.1576752067599876,1,False
15,3,Emmitt Smith,S15_Emmitt Smith __ Cheryl Burke,25.0,0.0905472507564398,8,6,14,0.0899280575539568,0.1804753083103966,1,False
15,3,Gilles Marini,S15_Gilles Marini __ Peta Murgatroyd,25.5,0.0885972316213367,5,7,12,0.0917266187050359,0.1803238503263726,1,False
15,3,Helio Castroneves,S15_Helio Castroneves __ Chelsie Hightower,25.5,0.0557715382836687,6,11,17,0.0917266187050359,0.1474981569887046,1,False
15,3,Kelly Monaco,S15_Kelly Monaco __ Valentin Chmerkovskiy,27.0,0.0976383372374965,1,4,5,0.0971223021582733,0.1947606393957698,1,False
15,3,Kirstie Alley,S15_Kirstie Alley __ Maksim Chmerkoskiy,24.0,0.0784823329328899,10,8,18,0.0863309352517985,0.1648132681846884,1,False
15,3,Melissa Rycroft,S15_Melissa Rycroft __ Tony Dovolani,27.0,0.0768346030741523,2,9,11,0.0971223021582733,0.1739569052324256,1,False
15,3,Sabrina Bryan,S15_Sabrina Bryan __ Louis van Amstel,25.5,0.1148327413420778,7,2,9,0.0917266187050359,0.2065593600471137,1,False
15,3,Shawn Johnson,S15_Shawn Johnson __ Derek Hough,26.5,0.0962772628285243,3,5,8,0.0953237410071942,0.1916010038357185,1,False
15,4,Apolo Anton Ohno,S15_Apolo Anton Ohno __ Karina Smirnoff,34.5,0.1213383873234003,7,4,11,0.1073094867807153,0.2286478741041157,2,False
15,4,Bristol Palin,S15_Bristol Palin __ Mark Ballas,32.0,0.1037938252836963,8,6,14,0.0995334370139968,0.2033272622976931,2,False
15,4,Emmitt Smith,S15_Emmitt Smith __ Cheryl Burke,36.0,0.0999876431398491,5,8,13,0.1119751166407465,0.2119627597805956,2,False
15,4,Gilles Marini,S15_Gilles Marini __ Peta Murgatroyd,39.5,0.1046320252755996,1,5,6,0.1228615863141524,0.227493611589752,2,False
15,4,Kelly Monaco,S15_Kelly Monaco __ Valentin Chmerkovskiy,37.5,0.122116696661772,3,3,6,0.1166407465007776,0.2387574431625496,2,False
15,4,Kirstie Alley,S15_Kirstie Alley __ Maksim Chmerkoskiy,30.0,0.1254969254556027,9,2,11,0.093312597200622,0.2188095226562247,2,False
15,4,Melissa Rycroft,S15_Melissa Rycroft __ Tony Dovolani,37.0,0.1009447294306223,4,7,11,0.1150855365474339,0.2160302659780562,2,False
15,4,Sabrina Bryan,S15_Sabrina Bryan __ Louis van Amstel,35.5,0.1336246345646219,6,1,7,0.1104199066874028,0.2440445412520246,2,False
15,4,Shawn Johnson,S15_Shawn Johnson __ Derek Hough,39.5,0.0880651328648356,2,9,11,0.1228615863141524,0.210926719178988,2,False
15,5,Apolo Anton Ohno,S15_Apolo Anton Ohno __ Karina Smirnoff,28.25,0.1286860260152151,2,4,6,0.1271091113610798,0.2557951373762949,1,False
15,5,Emmitt Smith,S15_Emmitt Smith __ Cheryl Burke,28.0,0.1357785294505485,6,3,9,0.1259842519685039,0.2617627814190524,1,False
15,5,Gilles Marini,S15_Gilles Marini __ Peta Murgatroyd,28.25,0.1120380544139699,3,6,9,0.1271091113610798,0.2391471657750497,1,False
15,5,Kelly Monaco,S15_Kelly Monaco __ Valentin Chmerkovskiy,25.75,0.1498609447493756,8,2,10,0.1158605174353205,0.2657214621846961,1,False
15,5,Kirstie Alley,S15_Kirstie Alley __ Maksim Chmerkoskiy,26.25,0.1541761037231832,7,1,8,0.1181102362204724,0.2722863399436556,1,False
15,5,Melissa Rycroft,S15_Melissa Rycroft __ Tony Dovolani,28.25,0.0868863460377971,4,8,12,0.1271091113610798,0.2139954573988769,1,False
15,5,Sabrina Bryan,S15_Sabrina Bryan __ Louis van Amstel,29.25,0.1263697065614271,1,5,6,0.1316085489313835,0.2579782554928106,1,False
15,5,Shawn Johnson,S15_Shawn Johnson __ Derek Hough,28.25,0.1062042890484833,5,7,12,0.1271091113610798,0.2333134004095631,1,False
15,7,Apolo Anton Ohno,S15_Apolo Anton Ohno __ Karina Smirnoff,33.0,0.1481124638068353,6,4,10,0.1363640308050478,0.284476494611883,1,False
15,7,Emmitt Smith,S15_Emmitt Smith __ Cheryl Burke,34.4999,0.1321073125830321,4,6,10,0.1425619826173051,0.2746692952003372,1,False
15,7,Gilles Marini,S15_Gilles Marini __ Peta Murgatroyd,33.4998,0.1103804096145879,5,7,12,0.1384293260352406,0.2488097356498285,1,False
15,7,Kelly Monaco,S15_Kelly Monaco __ Valentin Chmerkovskiy,36.0,0.1667782579294078,3,1,4,0.1487607608782339,0.3155390188076418,1,False
15,7,Kirstie Alley,S15_Kirstie Alley __ Maksim Chmerkoskiy,27.9999,0.1515921232928963,7,2,9,0.1157024007920684,0.2672945240849647,1,False
15,7,Melissa Rycroft,S15_Melissa Rycroft __ Tony Dovolani,38.9999,0.1429167193365846,1,5,6,0.1611570777270843,0.3040737970636689,1,False
15,7,Shawn Johnson,S15_Shawn Johnson __ Derek Hough,37.9998,0.1481127134366558,2,3,5,0.1570244211450198,0.3051371345816757,1,False
15,9,Apolo Anton Ohno,S15_Apolo Anton Ohno __ Karina Smirnoff,28.611,0.1850391762609324,3,5,8,0.202915325351756,0.3879545016126884,2,False
15,9,Emmitt Smith,S15_Emmitt Smith __ Cheryl Burke,27.0,0.1950062728790602,5,4,9,0.1914897691271683,0.3864960420062285,2,False
15,9,Kelly Monaco,S15_Kelly Monaco __ Valentin Chmerkovskiy,27.111,0.2119083032151135,4,1,5,0.1922770048446911,0.4041853080598047,2,False
15,9,Melissa Rycroft,S15_Melissa Rycroft __ Tony Dovolani,28.7777,0.1975587674244482,2,3,5,0.2040975973707745,0.4016563647952227,2,False
15,9,Shawn Johnson,S15_Shawn Johnson __ Derek Hough,29.5,0.2104874802204456,1,2,3,0.2092203033056098,0.4197077835260554,2,False
16,3,Alexandra Raisman,S16_Alexandra Raisman __ Mark Ballas,23.0,0.0993236426900368,4,5,9,0.0978725070170332,0.19719614970707,1,False
16,3,Andy Dick,S16_Andy Dick __ Sharna Burgess,18.0,0.0618695987454699,9,11,20,0.0765958750568086,0.1384654738022785,1,False
16,3,D. L. Hughley,S16_D. L. Hughley __ Cheryl Burke,16.0,0.1132490858644701,10,1,11,0.0680852222727187,0.1813343081371888,1,False
16,3,Ingo Rademacher,S16_Ingo Rademacher __ Kym Johnson,21.0,0.1111742979479839,6,2,8,0.0893618542329433,0.2005361521809273,1,False
16,3,Jacoby Jones,S16_Jacoby Jones __ Karina Smirnoff,25.9998,0.0962295063962351,1,6,7,0.1106376351278895,0.2068671415241247,1,False
16,3,Kellie Pickler,S16_Kellie Pickler __ Derek Hough,25.0,0.1008852038377505,3,4,7,0.106383159801123,0.2072683636388735,1,False
16,3,Lisa Vanderpump,S16_Lisa Vanderpump __ Gleb Savchenko,21.0,0.0770975237781054,7,9,16,0.0893618542329433,0.1664593780110487,1,False
16,3,Sean Lowe,S16_Sean Lowe __ Peta Murgatroyd,21.0,0.0892578263983341,8,7,15,0.0893618542329433,0.1786196806312774,1,False
16,3,Victor Ortiz,S16_Victor Ortiz __ Lindsay Arnold,23.0,0.1054870172769829,5,3,8,0.0978725070170332,0.2033595242940161,1,False
16,3,Wynonna Judd,S16_Wynonna Judd __ Tony Dovolani,15.0,0.0678418667018721,11,10,21,0.0638298958806738,0.1316717625825459,1,False
16,3,Zendaya,S16_Zendaya __ Valentin Chmerkovskiy,25.9998,0.0775844303627585,2,8,10,0.1106376351278895,0.188222065490648,1,False
16,4,Alexandra Raisman,S16_Alexandra Raisman __ Mark Ballas,27.0,0.0913975867307112,1,7,8,0.1205357142857142,0.2119333010164255,1,False
16,4,Andy Dick,S16_Andy Dick __ Sharna Burgess,21.0,0.12926482432434,6,1,7,0.09375,0.22301482432434,1,False
16,4,D. L. Hughley,S16_D. L. Hughley __ Cheryl Burke,21.0,0.1106721635256336,7,4,11,0.09375,0.2044221635256335,1,False
16,4,Ingo Rademacher,S16_Ingo Rademacher __ Kym Johnson,23.0,0.1144676903322587,5,2,7,0.1026785714285714,0.2171462617608301,1,False
16,4,Jacoby Jones,S16_Jacoby Jones __ Karina Smirnoff,24.0,0.0656239904738216,4,10,14,0.1071428571428571,0.1727668476166787,1,False
16,4,Kellie Pickler,S16_Kellie Pickler __ Derek Hough,26.0,0.0955660197188155,2,6,8,0.1160714285714285,0.211637448290244,1,False
16,4,Lisa Vanderpump,S16_Lisa Vanderpump __ Gleb Savchenko,18.0,0.089386194702128,9,8,17,0.0803571428571428,0.1697433375592708,1,False
16,4,Sean Lowe,S16_Sean Lowe __ Peta Murgatroyd,20.0,0.112910657155901,8,3,11,0.0892857142857142,0.2021963714416152,1,False
16,4,Victor Ortiz,S16_Victor Ortiz __ Lindsay Arnold,18.0,0.109238470412138,10,5,15,0.0803571428571428,0.1895956132692808,1,False
16,4,Zendaya,S16_Zendaya __ Valentin Chmerkovskiy,26.0,0.0814724026242518,3,9,12,0.1160714285714285,0.1975438311956803,1,False
16,5,Alexandra Raisman,S16_Alexandra Raisman __ Mark Ballas,25.0,0.1127984560304098,4,5,9,0.1196172248803827,0.2324156809107925,1,False
16,5,Andy Dick,S16_Andy Dick __ Sharna Burgess,18.0,0.1447146967580957,8,1,9,0.0861244019138756,0.2308390986719713,1,False
16,5,D. L. Hughley,S16_D. L. Hughley __ Cheryl Burke,18.0,0.0982216845170426,9,6,15,0.0861244019138756,0.1843460864309182,1,False
16,5,Ingo Rademacher,S16_Ingo Rademacher __ Kym Johnson,21.0,0.137201285471711,6,2,8,0.1004784688995215,0.2376797543712325,1,False
16,5,Jacoby Jones,S16_Jacoby Jones __ Karina Smirnoff,26.0,0.0789284205921819,3,9,12,0.124401913875598,0.2033303344677799,1,False
16,5,Kellie Pickler,S16_Kellie Pickler __ Derek Hough,27.0,0.0926031839612823,2,7,9,0.1291866028708134,0.2217897868320957,1,False
16,5,Sean Lowe,S16_Sean Lowe __ Peta Murgatroyd,24.0,0.126501674407292,5,3,8,0.1148325358851674,0.2413342102924594,1,False
16,5,Victor Ortiz,S16_Victor Ortiz __ Lindsay Arnold,21.0,0.1193183229544313,7,4,11,0.1004784688995215,0.2197967918539528,1,False
16,5,Zendaya,S16_Zendaya __ Valentin Chmerkovskiy,29.0,0.089712275307553,1,8,9,0.138755980861244,0.228468256168797,1,False
16,6,Alexandra Raisman,S16_Alexandra Raisman __ Mark Ballas,26.0,0.1127813798560729,2,7,9,0.1379310344827586,0.2507124143388315,1,False
16,6,Andy Dick,S16_Andy Dick __ Sharna Burgess,21.5,0.1611019716476376,7,1,8,0.1140583554376657,0.2751603270853033,1,False
16,6,Ingo Rademacher,S16_Ingo Rademacher __ Kym Johnson,23.0,0.132691748975789,4,2,6,0.1220159151193634,0.2547076640951524,1,False
16,6,Jacoby Jones,S16_Jacoby Jones __ Karina Smirnoff,22.5,0.1149651399863609,6,6,12,0.1193633952254641,0.2343285352118251,1,False
16,6,Kellie Pickler,S16_Kellie Pickler __ Derek Hough,27.0,0.1318378493218793,1,3,4,0.143236074270557,0.2750739235924363,1,False
16,6,Sean Lowe,S16_Sean Lowe __ Peta Murgatroyd,23.0,0.1207010326447907,5,5,10,0.1220159151193634,0.2427169477641541,1,False
16,6,Victor Ortiz,S16_Victor Ortiz __ Lindsay Arnold,20.0,0.1221826900932845,8,4,12,0.1061007957559681,0.2282834858492526,1,False
16,6,Zendaya,S16_Zendaya __ Valentin Chmerkovskiy,25.5,0.1037381874741846,3,8,11,0.1352785145888594,0.239016702063044,1,False
16,7,Alexandra Raisman,S16_Alexandra Raisman __ Mark Ballas,32.0,0.1392091553195475,1,4,5,0.1739130434782608,0.3131221987978083,1,False
16,7,Andy Dick,S16_Andy Dick __ Sharna Burgess,17.0,0.1549217255986984,7,2,9,0.092391304347826,0.2473130299465245,1,False
16,7,Ingo Rademacher,S16_Ingo Rademacher __ Kym Johnson,25.0,0.1277326885443435,5,7,12,0.1358695652173913,0.2636022537617348,1,False
16,7,Jacoby Jones,S16_Jacoby Jones __ Karina Smirnoff,27.0,0.1489794235614857,4,3,7,0.1467391304347826,0.2957185539962683,1,False
16,7,Kellie Pickler,S16_Kellie Pickler __ Derek Hough,29.0,0.1344251796325432,3,6,9,0.1576086956521739,0.2920338752847171,1,False
16,7,Sean Lowe,S16_Sean Lowe __ Peta Murgatroyd,24.0,0.157496780643383,6,1,7,0.1304347826086956,0.2879315632520786,1,False
16,7,Zendaya,S16_Zendaya __ Valentin Chmerkovskiy,30.0,0.1372350466999986,2,5,7,0.1630434782608695,0.3002785249608681,1,False
16,8,Alexandra Raisman,S16_Alexandra Raisman __ Mark Ballas,28.0,0.1830339940874848,2,1,3,0.180064308681672,0.3630983027691568,1,False
16,8,Ingo Rademacher,S16_Ingo Rademacher __ Kym Johnson,24.0,0.1749156929724601,5,3,8,0.1543408360128617,0.3292565289853219,1,False
16,8,Jacoby Jones,S16_Jacoby Jones __ Karina Smirnoff,26.0,0.1486823692318645,4,6,10,0.1672025723472668,0.3158849415791314,1,False
16,8,Kellie Pickler,S16_Kellie Pickler __ Derek Hough,27.5,0.1573413490227781,3,4,7,0.1768488745980707,0.3341902236208488,1,False
16,8,Sean Lowe,S16_Sean Lowe __ Peta Murgatroyd,21.0,0.1799337244772721,6,2,8,0.135048231511254,0.3149819559885261,1,False
16,8,Zendaya,S16_Zendaya __ Valentin Chmerkovskiy,29.0,0.1560928702081403,1,5,6,0.1864951768488746,0.3425880470570149,1,False
16,9,Alexandra Raisman,S16_Alexandra Raisman __ Mark Ballas,29.5,0.1853777684165249,1,5,6,0.2092198581560283,0.3945976265725532,1,False
16,9,Ingo Rademacher,S16_Ingo Rademacher __ Kym Johnson,25.5,0.2059858158337711,5,2,7,0.1808510638297872,0.3868368796635583,1,False
16,9,Jacoby Jones,S16_Jacoby Jones __ Karina Smirnoff,29.5,0.195093167076408,2,4,6,0.2092198581560283,0.4043130252324364,1,False
16,9,Kellie Pickler,S16_Kellie Pickler __ Derek Hough,29.0,0.2011433019947682,3,3,6,0.2056737588652482,0.4068170608600164,1,False
16,9,Zendaya,S16_Zendaya __ Valentin Chmerkovskiy,27.5,0.2123999466785275,4,1,5,0.1950354609929078,0.4074354076714352,1,False
17,3,Amber Riley,S17_Amber Riley __ Derek Hough,24.0,0.074907549590774,6,9,15,0.0941176470588235,0.1690251966495975,1,False
17,3,Bill Engvall,S17_Bill Engvall __ Emma Slater,24.0,0.0832877792771653,7,7,14,0.0941176470588235,0.1774054263359888,1,False
17,3,Bill Nye,S17_Bill Nye __ Tyne Stecklein,16.0,0.0730538803019135,10,11,21,0.0627450980392156,0.1357989783411292,1,False
17,3,Brant Daugherty,S17_Brant Daugherty __ Peta Murgatroyd,27.0,0.0869712198342586,1,5,6,0.1058823529411764,0.192853572775435,1,False
17,3,Christina Milian,S17_Christina Milian __ Mark Ballas,26.0,0.114732334355397,2,1,3,0.1019607843137254,0.2166931186691225,1,False
17,3,Corbin Bleu,S17_Corbin Bleu __ Karina Smirnoff,26.0,0.1092683319220011,3,3,6,0.1019607843137254,0.2112291162357266,1,False
17,3,Elizabeth Berkley Lauren,S17_Elizabeth Berkley Lauren __ Valentin Chmerkovskiy,25.0,0.1142815246325126,4,2,6,0.0980392156862745,0.2123207403187871,1,False
17,3,Jack Osbourne,S17_Jack Osbourne __ Cheryl Burke,22.0,0.0803375371346479,9,8,17,0.0862745098039215,0.1666120469385694,1,False
17,3,Leah Remini,S17_Leah Remini __ Tony Dovolani,24.0,0.1026326768145377,8,4,12,0.0941176470588235,0.1967503238733612,1,False
17,3,"Nicole ""Snooki"" Polizzi","S17_Nicole ""Snooki"" Polizzi __ Sasha Farber",25.0,0.0869420284140985,5,6,11,0.0980392156862745,0.184981244100373,1,False
17,3,Valerie Harper,S17_Valerie Harper __ Tristan MacManus,16.0,0.0735851377226933,11,10,21,0.0627450980392156,0.136330235761909,1,False
17,4,Amber Riley,S17_Amber Riley __ Derek Hough,27.0,0.0887304525462588,1,8,9,0.1139240506329113,0.2026545031791702,1,False
17,4,Bill Engvall,S17_Bill Engvall __ Emma Slater,21.0,0.0943062085563871,8,5,13,0.0886075949367088,0.1829138034930959,1,False
17,4,Brant Daugherty,S17_Brant Daugherty __ Peta Murgatroyd,21.0,0.0963044503332939,9,4,13,0.0886075949367088,0.1849120452700027,1,False
17,4,Christina Milian,S17_Christina Milian __ Mark Ballas,24.0,0.0771557031211696,4,9,13,0.1012658227848101,0.1784215259059797,1,False
17,4,Corbin Bleu,S17_Corbin Bleu __ Karina Smirnoff,27.0,0.093044057794888,2,6,8,0.1139240506329113,0.2069681084277994,1,False
17,4,Elizabeth Berkley Lauren,S17_Elizabeth Berkley Lauren __ Valentin Chmerkovskiy,27.0,0.1403887791298679,3,1,4,0.1139240506329113,0.2543128297627793,1,False
17,4,Jack Osbourne,S17_Jack Osbourne __ Cheryl Burke,24.0,0.1086435595333375,5,3,8,0.1012658227848101,0.2099093823181476,1,False
17,4,Leah Remini,S17_Leah Remini __ Tony Dovolani,24.0,0.0743088888321492,6,10,16,0.1012658227848101,0.1755747116169593,1,False
17,4,"Nicole ""Snooki"" Polizzi","S17_Nicole ""Snooki"" Polizzi __ Sasha Farber",24.0,0.1365582795316101,7,2,9,0.1012658227848101,0.2378241023164202,1,False
17,4,Valerie Harper,S17_Valerie Harper __ Tristan MacManus,18.0,0.0905596206210376,10,7,17,0.0759493670886076,0.1665089877096452,1,False
17,5,Amber Riley,S17_Amber Riley __ Derek Hough,26.0,0.1299043653913333,6,3,9,0.1106382978723404,0.2405426632636737,1,False
17,5,Bill Engvall,S17_Bill Engvall __ Emma Slater,24.0,0.1353276134458496,8,2,10,0.102127659574468,0.2374552730203176,1,False
17,5,Brant Daugherty,S17_Brant Daugherty __ Peta Murgatroyd,27.0,0.1019121892425608,3,6,9,0.1148936170212766,0.2168058062638374,1,False
17,5,Christina Milian,S17_Christina Milian __ Mark Ballas,28.0,0.0630636801474874,1,9,10,0.1191489361702127,0.1822126163177001,1,False
17,5,Corbin Bleu,S17_Corbin Bleu __ Karina Smirnoff,28.0,0.1012570205003769,2,7,9,0.1191489361702127,0.2204059566705896,1,False
17,5,Elizabeth Berkley Lauren,S17_Elizabeth Berkley Lauren __ Valentin Chmerkovskiy,26.0,0.0910676891081302,7,8,15,0.1106382978723404,0.2017059869804706,1,False
17,5,Jack Osbourne,S17_Jack Osbourne __ Cheryl Burke,27.0,0.1250247724752568,4,4,8,0.1148936170212766,0.2399183894965334,1,False
17,5,Leah Remini,S17_Leah Remini __ Tony Dovolani,22.0,0.1466948398228901,9,1,10,0.0936170212765957,0.2403118610994858,1,False
17,5,"Nicole ""Snooki"" Polizzi","S17_Nicole ""Snooki"" Polizzi __ Sasha Farber",27.0,0.1057478298661146,5,5,10,0.1148936170212766,0.2206414468873911,1,False
17,6,Amber Riley,S17_Amber Riley __ Derek Hough,31.9999,0.1086103297805273,1,8,9,0.138528185378997,0.2471385151595242,1,False
17,6,Bill Engvall,S17_Bill Engvall __ Emma Slater,23.9999,0.1335163017112678,8,2,10,0.1038960308087647,0.2374123325200325,1,False
17,6,Brant Daugherty,S17_Brant Daugherty __ Peta Murgatroyd,31.0,0.1168798035605642,3,7,10,0.13419959895965,0.2510794025202142,1,False
17,6,Corbin Bleu,S17_Corbin Bleu __ Karina Smirnoff,26.9999,0.1237696577852481,6,5,11,0.1168830887726018,0.2406527465578499,1,False
17,6,Elizabeth Berkley Lauren,S17_Elizabeth Berkley Lauren __ Valentin Chmerkovskiy,31.9998,0.1318898519323194,2,3,5,0.1385277524770648,0.2704176044093842,1,False
17,6,Jack Osbourne,S17_Jack Osbourne __ Cheryl Burke,26.9998,0.1255140447440006,7,4,11,0.1168826558706696,0.2423967006146702,1,False
17,6,Leah Remini,S17_Leah Remini __ Tony Dovolani,27.9999,0.1422148345881969,5,1,6,0.1212121080938808,0.2634269426820778,1,False
17,6,"Nicole ""Snooki"" Polizzi","S17_Nicole ""Snooki"" Polizzi __ Sasha Farber",30.0,0.1176051758978753,4,6,10,0.129870579638371,0.2474757555362463,1,False
17,8,Amber Riley,S17_Amber Riley __ Derek Hough,28.0,0.1507516390501362,3,2,5,0.1458333333333333,0.2965849723834695,1,False
17,8,Bill Engvall,S17_Bill Engvall __ Emma Slater,24.0,0.1945393729882833,7,1,8,0.125,0.3195393729882833,1,False
17,8,Brant Daugherty,S17_Brant Daugherty __ Peta Murgatroyd,27.0,0.1244573053975483,5,7,12,0.140625,0.2650823053975483,1,False
17,8,Corbin Bleu,S17_Corbin Bleu __ Karina Smirnoff,30.0,0.1329780595272112,1,4,5,0.15625,0.2892280595272112,1,False
17,8,Elizabeth Berkley Lauren,S17_Elizabeth Berkley Lauren __ Valentin Chmerkovskiy,25.0,0.1363244044881003,6,3,9,0.1302083333333333,0.2665327378214336,1,False
17,8,Jack Osbourne,S17_Jack Osbourne __ Cheryl Burke,30.0,0.1322997791278334,2,5,7,0.15625,0.2885497791278334,1,False
17,8,Leah Remini,S17_Leah Remini __ Tony Dovolani,28.0,0.1286494394208872,4,6,10,0.1458333333333333,0.2744827727542205,1,False
17,9,Amber Riley,S17_Amber Riley __ Derek Hough,25.5,0.1582935853413841,5,4,9,0.1619047619047619,0.320198347246146,1,False
17,9,Bill Engvall,S17_Bill Engvall __ Emma Slater,21.0,0.1926848473412492,6,2,8,0.1333333333333333,0.3260181806745825,1,False
17,9,Corbin Bleu,S17_Corbin Bleu __ Karina Smirnoff,29.0,0.1610122923857422,1,3,4,0.1841269841269841,0.3451392765127263,1,False
17,9,Elizabeth Berkley Lauren,S17_Elizabeth Berkley Lauren __ Valentin Chmerkovskiy,28.0,0.1393840667837209,2,6,8,0.1777777777777777,0.3171618445614986,1,False
17,9,Jack Osbourne,S17_Jack Osbourne __ Cheryl Burke,27.0,0.1497940742386209,3,5,8,0.1714285714285714,0.3212226456671923,1,False
17,9,Leah Remini,S17_Leah Remini __ Tony Dovolani,27.0,0.1988311339092827,4,1,5,0.1714285714285714,0.3702597053378541,1,False
17,10,Amber Riley,S17_Amber Riley __ Derek Hough,39.5,0.2016238084961648,1,2,3,0.2257142857142857,0.4273380942104505,1,False
17,10,Bill Engvall,S17_Bill Engvall __ Emma Slater,30.0,0.2478908413845648,5,1,6,0.1714285714285714,0.4193194128131362,1,False
17,10,Corbin Bleu,S17_Corbin Bleu __ Karina Smirnoff,37.5,0.1718669070085184,2,5,7,0.2142857142857142,0.3861526212942326,1,False
17,10,Jack Osbourne,S17_Jack Osbourne __ Cheryl Burke,35.5,0.1842635267516099,3,4,7,0.2028571428571428,0.3871206696087527,1,False
17,10,Leah Remini,S17_Leah Remini __ Tony Dovolani,32.5,0.1943549163591418,4,3,7,0.1857142857142857,0.3800692020734275,1,False
18,2,Amy Purdy,S18_Amy Purdy __ Derek Hough,24.0,0.0750502483579114,4,9,13,0.0983606557377049,0.1734109040956163,1,False
18,2,Billy Dee Williams,S18_Billy Dee Williams __ Emma Slater,15.0,0.1023844380706391,11,2,13,0.0614754098360655,0.1638598479067046,1,False
18,2,Candace Cameron Bure,S18_Candace Cameron Bure __ Mark Ballas,21.0,0.0944490813697473,7,5,12,0.0860655737704918,0.1805146551402391,1,False
18,2,Charlie White,S18_Charlie White __ Sharna Burgess,25.0,0.0919761919737743,1,6,7,0.1024590163934426,0.1944352083672169,1,False
18,2,Cody Simpson,S18_Cody Simpson __ Witney Carson,22.0,0.0854192250134214,6,7,13,0.0901639344262295,0.1755831594396509,1,False
18,2,Danica McKellar,S18_Danica McKellar __ Valentin Chmerkovskiy,24.0,0.0852696722987875,5,8,13,0.0983606557377049,0.1836303280364924,1,False
18,2,Drew Carey,S18_Drew Carey __ Cheryl Burke,21.0,0.1393539746011107,8,1,9,0.0860655737704918,0.2254195483716025,1,False
18,2,James Maslow,S18_James Maslow __ Peta Murgatroyd,25.0,0.1019137525254999,2,3,5,0.1024590163934426,0.2043727689189425,1,False
18,2,Meryl Davis,S18_Meryl Davis __ Maksim Chmerkoskiy,25.0,0.0706333002467448,3,10,13,0.1024590163934426,0.1730923166401874,1,False
18,2,NeNe Leakes,S18_NeNe Leakes __ Tony Dovolani,21.0,0.0977039067997751,9,4,13,0.0860655737704918,0.1837694805702669,1,False
18,2,Sean Avery,S18_Sean Avery __ Karina Smirnoff,21.0,0.0558462087425878,10,11,21,0.0860655737704918,0.1419117825130796,1,False
18,3,Amy Purdy,S18_Amy Purdy __ Derek Hough,36.0,0.0780195473720668,2,8,10,0.1157556270096463,0.1937751743817131,2,False
18,3,Candace Cameron Bure,S18_Candace Cameron Bure __ Mark Ballas,32.0,0.1236173092347319,7,5,12,0.1028938906752411,0.226511199909973,2,False
18,3,Charlie White,S18_Charlie White __ Sharna Burgess,36.0,0.0942520582596634,3,7,10,0.1157556270096463,0.2100076852693096,2,False
18,3,Cody Simpson,S18_Cody Simpson __ Witney Carson,35.0,0.1319227310915094,6,2,8,0.112540192926045,0.2444629240175544,2,False
18,3,Danica McKellar,S18_Danica McKellar __ Valentin Chmerkovskiy,36.0,0.0751127512114406,4,9,13,0.1157556270096463,0.1908683782210869,2,False
18,3,Drew Carey,S18_Drew Carey __ Cheryl Burke,30.0,0.1248199793114117,9,4,13,0.0964630225080385,0.2212830018194502,2,False
18,3,James Maslow,S18_James Maslow __ Peta Murgatroyd,36.0,0.1375230042593417,5,1,6,0.1157556270096463,0.253278631268988,2,False
18,3,Meryl Davis,S18_Meryl Davis __ Maksim Chmerkoskiy,39.0,0.1060068325461466,1,6,7,0.1254019292604501,0.2314087618065967,2,False
18,3,NeNe Leakes,S18_NeNe Leakes __ Tony Dovolani,31.0,0.1287257867136874,8,3,11,0.0996784565916398,0.2284042433053272,2,False
18,6,Amy Purdy,S18_Amy Purdy __ Derek Hough,38.0,0.1355073643438725,2,3,5,0.1347517730496454,0.2702591373935179,1,False
18,6,Candace Cameron Bure,S18_Candace Cameron Bure __ Mark Ballas,32.0,0.1494841836533338,7,1,8,0.1134751773049645,0.2629593609582983,1,False
18,6,Charlie White,S18_Charlie White __ Sharna Burgess,36.0,0.1138645391102373,3,7,10,0.1276595744680851,0.2415241135783224,1,False
18,6,Danica McKellar,S18_Danica McKellar __ Valentin Chmerkovskiy,36.0,0.100088635039066,4,8,12,0.1276595744680851,0.227748209507151,1,False
18,6,Drew Carey,S18_Drew Carey __ Cheryl Burke,32.0,0.1141738496174286,8,6,14,0.1134751773049645,0.2276490269223931,1,False
18,6,James Maslow,S18_James Maslow __ Peta Murgatroyd,35.0,0.1349854915900509,5,4,9,0.1241134751773049,0.2590989667673559,1,False
18,6,Meryl Davis,S18_Meryl Davis __ Maksim Chmerkoskiy,40.0,0.1367780853851179,1,2,3,0.1418439716312056,0.2786220570163236,1,False
18,6,NeNe Leakes,S18_NeNe Leakes __ Tony Dovolani,33.0,0.1151178512608926,6,5,11,0.1170212765957446,0.2321391278566373,1,False
18,7,Amy Purdy,S18_Amy Purdy __ Derek Hough,37.5,0.1514302238564036,2,2,4,0.1482213438735178,0.2996515677299214,1,False
18,7,Candace Cameron Bure,S18_Candace Cameron Bure __ Mark Ballas,37.0,0.1450135674716712,3,4,7,0.1462450592885375,0.2912586267602087,1,False
18,7,Charlie White,S18_Charlie White __ Sharna Burgess,35.5,0.1481431972922505,5,3,8,0.1403162055335968,0.2884594028258473,1,False
18,7,Danica McKellar,S18_Danica McKellar __ Valentin Chmerkovskiy,36.0,0.1534884886256875,4,1,5,0.1422924901185771,0.2957809787442645,1,False
18,7,James Maslow,S18_James Maslow __ Peta Murgatroyd,35.0,0.1442190467890328,6,5,11,0.1383399209486166,0.2825589677376494,1,False
18,7,Meryl Davis,S18_Meryl Davis __ Maksim Chmerkoskiy,39.0,0.1266899143190806,1,7,8,0.1541501976284585,0.2808401119475391,1,False
18,7,NeNe Leakes,S18_NeNe Leakes __ Tony Dovolani,33.0,0.1310155616458736,7,6,13,0.1304347826086956,0.2614503442545692,1,False
18,8,Amy Purdy,S18_Amy Purdy __ Derek Hough,40.0,0.155867546155571,1,5,6,0.1769911504424778,0.3328586965980489,1,False
18,8,Candace Cameron Bure,S18_Candace Cameron Bure __ Mark Ballas,36.0,0.173375077684937,4,2,6,0.1592920353982301,0.3326671130831671,1,False
18,8,Charlie White,S18_Charlie White __ Sharna Burgess,40.0,0.1686828220415961,2,3,5,0.1769911504424778,0.3456739724840739,1,False
18,8,Danica McKellar,S18_Danica McKellar __ Valentin Chmerkovskiy,38.0,0.1362878132987182,3,6,9,0.168141592920354,0.3044294062190722,1,False
18,8,James Maslow,S18_James Maslow __ Peta Murgatroyd,36.0,0.2027762545449683,5,1,6,0.1592920353982301,0.3620682899431984,1,False
18,8,Meryl Davis,S18_Meryl Davis __ Maksim Chmerkoskiy,36.0,0.1630104862742091,6,4,10,0.1592920353982301,0.3223025216724392,1,False
18,9,Amy Purdy,S18_Amy Purdy __ Derek Hough,39.0,0.1907080407388667,2,3,5,0.2041884816753926,0.3948965224142594,1,False
18,9,Candace Cameron Bure,S18_Candace Cameron Bure __ Mark Ballas,36.0,0.2284822549376329,5,1,6,0.1884816753926701,0.4169639303303031,1,False
18,9,Charlie White,S18_Charlie White __ Sharna Burgess,38.0,0.1839009047342986,3,5,8,0.1989528795811518,0.3828537843154504,1,False
18,9,James Maslow,S18_James Maslow __ Peta Murgatroyd,38.0,0.2095414398565674,4,2,6,0.1989528795811518,0.4084943194377192,1,False
18,9,Meryl Davis,S18_Meryl Davis __ Maksim Chmerkoskiy,40.0,0.1873673597326346,1,4,5,0.2094240837696335,0.3967914435022681,1,False
19,2,Alfonso Ribeiro,S19_Alfonso Ribeiro __ Witney Carson,32.0,0.0637022207843302,4,11,15,0.0883977900552486,0.1521000108395788,1,False
19,2,Antonio Sabato Jr.,S19_Antonio Sabato Jr. __ Cheryl Burke,31.0,0.0778132972019052,5,8,13,0.0856353591160221,0.1634486563179273,1,False
19,2,Bethany Mota,S19_Bethany Mota __ Derek Hough,33.0,0.1037274292782867,3,3,6,0.0911602209944751,0.1948876502727618,1,False
19,2,Betsey Johnson,S19_Betsey Johnson __ Tony Dovolani,28.0,0.1050421824531487,8,2,10,0.0773480662983425,0.1823902487514912,1,False
19,2,Janel Parrish,S19_Janel Parrish __ Valentin Chmerkovskiy,34.0,0.0878755708850358,2,4,6,0.0939226519337016,0.1817982228187374,1,False
19,2,Jonathan Bennett,S19_Jonathan Bennett __ Allison Holker,30.0,0.1112406064050639,7,1,8,0.0828729281767955,0.1941135345818594,1,False
19,2,Lea Thompson,S19_Lea Thompson __ Artem Chigvintsev,35.0,0.0809323460094988,1,7,8,0.0966850828729281,0.177617428882427,1,False
19,2,Michael Waltrip,S19_Michael Waltrip __ Emma Slater,24.0,0.081504820500883,12,6,18,0.0662983425414364,0.1478031630423194,1,False
19,2,Randy Couture,S19_Randy Couture __ Karina Smirnoff,28.0,0.0758545691003538,9,9,18,0.0773480662983425,0.1532026353986963,1,False
19,2,Sadie Robertson,S19_Sadie Robertson __ Mark Ballas,31.0,0.0870973642755865,6,5,11,0.0856353591160221,0.1727327233916086,1,False
19,2,Tavis Smiley,S19_Tavis Smiley __ Sharna Burgess,28.0,0.0532947308150636,10,12,22,0.0773480662983425,0.1306427971134061,1,False
19,2,Tommy Chong,S19_Tommy Chong __ Peta Murgatroyd,28.0,0.071914862290843,11,10,21,0.0773480662983425,0.1492629285891855,1,False
19,3,Alfonso Ribeiro,S19_Alfonso Ribeiro __ Witney Carson,32.0,0.078592452962367,4,8,12,0.0906515580736544,0.1692440110360213,1,False
19,3,Antonio Sabato Jr.,S19_Antonio Sabato Jr. __ Cheryl Burke,29.0,0.0771230876287589,8,9,17,0.0821529745042493,0.1592760621330082,1,False
19,3,Bethany Mota,S19_Bethany Mota __ Derek Hough,40.0,0.0803915642516694,1,6,7,0.1133144475920679,0.1937060118437374,1,False
19,3,Betsey Johnson,S19_Betsey Johnson __ Tony Dovolani,29.0,0.0834543673519055,9,5,14,0.0821529745042493,0.1656073418561548,1,False
19,3,Janel Parrish,S19_Janel Parrish __ Valentin Chmerkovskiy,40.0,0.1218778762686878,2,1,3,0.1133144475920679,0.2351923238607557,1,False
19,3,Jonathan Bennett,S19_Jonathan Bennett __ Allison Holker,32.0,0.0721616659669748,5,10,15,0.0906515580736544,0.1628132240406292,1,False
19,3,Lea Thompson,S19_Lea Thompson __ Artem Chigvintsev,31.0,0.0691449299206049,7,11,18,0.0878186968838526,0.1569636268044575,1,False
19,3,Michael Waltrip,S19_Michael Waltrip __ Emma Slater,28.0,0.1176438015056411,10,2,12,0.0793201133144475,0.1969639148200886,1,False
19,3,Randy Couture,S19_Randy Couture __ Karina Smirnoff,26.0,0.080270344169334,11,7,18,0.0736543909348441,0.1539247351041782,1,False
19,3,Sadie Robertson,S19_Sadie Robertson __ Mark Ballas,32.0,0.112458754168177,6,3,9,0.0906515580736544,0.2031103122418314,1,False
19,3,Tommy Chong,S19_Tommy Chong __ Peta Murgatroyd,34.0,0.1068811558058793,3,4,7,0.0963172804532577,0.203198436259137,1,False
19,4,Alfonso Ribeiro,S19_Alfonso Ribeiro __ Witney Carson,40.0,0.0790577129348792,1,7,8,0.125,0.2040577129348792,1,False
19,4,Antonio Sabato Jr.,S19_Antonio Sabato Jr. __ Cheryl Burke,29.0,0.1119624954399118,6,3,9,0.090625,0.2025874954399117,1,False
19,4,Bethany Mota,S19_Bethany Mota __ Derek Hough,33.0,0.0911881990191549,5,5,10,0.103125,0.1943131990191549,1,False
19,4,Betsey Johnson,S19_Betsey Johnson __ Tony Dovolani,29.0,0.0767786029227874,7,9,16,0.090625,0.1674036029227874,1,False
19,4,Janel Parrish,S19_Janel Parrish __ Valentin Chmerkovskiy,36.0,0.0782586190430867,4,8,12,0.1125,0.1907586190430867,1,False
19,4,Jonathan Bennett,S19_Jonathan Bennett __ Allison Holker,24.0,0.1030381587830565,10,4,14,0.075,0.1780381587830565,1,False
19,4,Lea Thompson,S19_Lea Thompson __ Artem Chigvintsev,39.0,0.0883763580210127,2,6,8,0.121875,0.2102513580210127,1,False
19,4,Michael Waltrip,S19_Michael Waltrip __ Emma Slater,25.0,0.1526668216424509,9,1,10,0.078125,0.2307918216424509,1,False
19,4,Sadie Robertson,S19_Sadie Robertson __ Mark Ballas,37.0,0.0695601121485964,3,10,13,0.115625,0.1851851121485964,1,False
19,4,Tommy Chong,S19_Tommy Chong __ Peta Murgatroyd,28.0,0.1491129200450633,8,2,10,0.0875,0.2366129200450633,1,False
19,5,Alfonso Ribeiro,S19_Alfonso Ribeiro __ Witney Carson,34.0,0.0995651040589637,2,6,8,0.1287878787878787,0.2283529828468424,1,False
19,5,Antonio Sabato Jr.,S19_Antonio Sabato Jr. __ Cheryl Burke,28.0,0.0878939209530115,6,8,14,0.106060606060606,0.1939545270136175,1,False
19,5,Bethany Mota,S19_Bethany Mota __ Derek Hough,32.0,0.0983228500595885,5,7,12,0.1212121212121212,0.2195349712717097,1,False
19,5,Janel Parrish,S19_Janel Parrish __ Valentin Chmerkovskiy,33.0,0.1168612077228197,4,5,9,0.125,0.2418612077228197,1,False
19,5,Jonathan Bennett,S19_Jonathan Bennett __ Allison Holker,24.0,0.1391484723963616,7,1,8,0.0909090909090909,0.2300575633054525,1,False
19,5,Lea Thompson,S19_Lea Thompson __ Artem Chigvintsev,34.0,0.1172577949151066,3,4,7,0.1287878787878787,0.2460456737029853,1,False
19,5,Michael Waltrip,S19_Michael Waltrip __ Emma Slater,20.0,0.130842147327972,9,2,11,0.0757575757575757,0.2065997230855477,1,False
19,5,Sadie Robertson,S19_Sadie Robertson __ Mark Ballas,36.0,0.0833107606649033,1,9,10,0.1363636363636363,0.2196743970285396,1,False
19,5,Tommy Chong,S19_Tommy Chong __ Peta Murgatroyd,23.0,0.1267977419012728,8,3,11,0.0871212121212121,0.2139189540224849,1,False
19,7,Alfonso Ribeiro,S19_Alfonso Ribeiro __ Witney Carson,34.0,0.1231870691041468,3,4,7,0.1315280464216634,0.2547151155258102,1,False
19,7,Antonio Sabato Jr.,S19_Antonio Sabato Jr. __ Cheryl Burke,29.5,0.1139930093862851,7,6,13,0.1141199226305609,0.228112932016846,1,False
19,7,Bethany Mota,S19_Bethany Mota __ Derek Hough,37.5,0.1217036281807207,1,5,6,0.1450676982591876,0.2667713264399083,1,False
19,7,Janel Parrish,S19_Janel Parrish __ Valentin Chmerkovskiy,33.5,0.1128033513223737,4,7,11,0.1295938104448742,0.2423971617672479,1,False
19,7,Lea Thompson,S19_Lea Thompson __ Artem Chigvintsev,35.0,0.0995303031911543,2,8,10,0.1353965183752417,0.234926821566396,1,False
19,7,Michael Waltrip,S19_Michael Waltrip __ Emma Slater,28.0,0.1480712026805215,8,1,9,0.1083172147001934,0.2563884173807149,1,False
19,7,Sadie Robertson,S19_Sadie Robertson __ Mark Ballas,31.0,0.1355208293378136,5,3,8,0.1199226305609284,0.255443459898742,1,False
19,7,Tommy Chong,S19_Tommy Chong __ Peta Murgatroyd,30.0,0.1451906067969841,6,2,8,0.11605415860735,0.2612447654043341,1,False
19,8,Alfonso Ribeiro,S19_Alfonso Ribeiro __ Witney Carson,41.0,0.123359519811934,2,6,8,0.1653225806451612,0.2886821004570953,1,False
19,8,Bethany Mota,S19_Bethany Mota __ Derek Hough,40.0,0.1211819074955242,3,7,10,0.1612903225806451,0.2824722300761693,1,False
19,8,Janel Parrish,S19_Janel Parrish __ Valentin Chmerkovskiy,43.0,0.1609509336562797,1,1,2,0.1733870967741935,0.3343380304304733,1,False
19,8,Lea Thompson,S19_Lea Thompson __ Artem Chigvintsev,32.0,0.140263162547292,5,5,10,0.1290322580645161,0.2692954206118081,1,False
19,8,Michael Waltrip,S19_Michael Waltrip __ Emma Slater,25.0,0.1592793075546018,7,2,9,0.1008064516129032,0.260085759167505,1,False
19,8,Sadie Robertson,S19_Sadie Robertson __ Mark Ballas,38.0,0.1515290179174803,4,3,7,0.1532258064516129,0.3047548243690932,1,False
19,8,Tommy Chong,S19_Tommy Chong __ Peta Murgatroyd,29.0,0.1434361510168879,6,4,10,0.1169354838709677,0.2603716348878556,1,False
19,9,Alfonso Ribeiro,S19_Alfonso Ribeiro __ Witney Carson,38.5,0.1411334346085615,1,6,7,0.1799065420560747,0.3210399766646362,1,False
19,9,Bethany Mota,S19_Bethany Mota __ Derek Hough,37.0,0.1795538825877644,3,2,5,0.1728971962616822,0.3524510788494466,1,False
19,9,Janel Parrish,S19_Janel Parrish __ Valentin Chmerkovskiy,38.5,0.1626813959289775,2,3,5,0.1799065420560747,0.3425879379850522,1,False
19,9,Lea Thompson,S19_Lea Thompson __ Artem Chigvintsev,35.0,0.1438284837944421,5,5,10,0.1635514018691588,0.3073798856636009,1,False
19,9,Sadie Robertson,S19_Sadie Robertson __ Mark Ballas,36.5,0.1611577460981257,4,4,8,0.1705607476635514,0.331718493761677,1,False
19,9,Tommy Chong,S19_Tommy Chong __ Peta Murgatroyd,28.5,0.2116450569821284,6,1,7,0.1331775700934579,0.3448226270755863,1,False
19,10,Alfonso Ribeiro,S19_Alfonso Ribeiro __ Witney Carson,37.5,0.1906674540055973,3,4,7,0.2054794520547945,0.3961469060603918,1,False
19,10,Bethany Mota,S19_Bethany Mota __ Derek Hough,38.0,0.2088529996195565,2,2,4,0.2082191780821917,0.4170721777017483,1,False
19,10,Janel Parrish,S19_Janel Parrish __ Valentin Chmerkovskiy,39.0,0.1761464395905814,1,5,6,0.2136986301369863,0.3898450697275677,1,False
19,10,Sadie Robertson,S19_Sadie Robertson __ Mark Ballas,37.0,0.2069437745543052,4,3,7,0.2027397260273972,0.4096835005817024,1,False
19,10,Tommy Chong,S19_Tommy Chong __ Peta Murgatroyd,31.0,0.2173893322299595,5,1,6,0.1698630136986301,0.3872523459285896,1,False
20,3,Charlotte McKinney,S20_Charlotte McKinney __ Keo Motsepe,22.0,0.0639851174108845,10,11,21,0.0702875399361022,0.1342726573469867,1,False
20,3,Chris Soules,S20_Chris Soules __ Witney Carson,28.0,0.1293367385900014,7,2,9,0.0894568690095846,0.218793607599586,1,False
20,3,Michael Sam,S20_Michael Sam __ Peta Murgatroyd,24.0,0.068708142413482,9,9,18,0.0766773162939297,0.1453854587074117,1,False
20,3,Nastia Liukin,S20_Nastia Liukin __ Derek Hough,34.0,0.0953329231302541,1,5,6,0.108626198083067,0.2039591212133212,1,False
20,3,Noah Galloway,S20_Noah Galloway __ Sharna Burgess,30.0,0.0846883020117857,5,6,11,0.0958466453674121,0.1805349473791978,1,False
20,3,Patti LaBelle,S20_Patti LaBelle __ Artem Chigvintsev,22.0,0.1068753265769171,11,3,14,0.0702875399361022,0.1771628665130193,1,False
20,3,Riker Lynch,S20_Riker Lynch __ Allison Holker,34.0,0.0665126976159808,2,10,12,0.108626198083067,0.1751388956990479,1,False
20,3,Robert Herjavec,S20_Robert Herjavec __ Kym Johnson,29.0,0.1360146676926767,6,1,7,0.0926517571884984,0.2286664248811751,1,False
20,3,Rumer Willis,S20_Rumer Willis __ Valentin Chmerkovskiy,33.0,0.0735129885580346,3,7,10,0.1054313099041533,0.1789442984621879,1,False
20,3,Suzanne Somers,S20_Suzanne Somers __ Tony Dovolani,25.0,0.1038160387335132,8,4,12,0.0798722044728434,0.1836882432063566,1,False
20,3,Willow Shields,S20_Willow Shields __ Mark Ballas,32.0,0.0712170572664694,4,8,12,0.1022364217252396,0.173453478991709,1,False
20,4,Chris Soules,S20_Chris Soules __ Witney Carson,27.0,0.1146986876842511,10,3,13,0.083076923076923,0.1977756107611741,1,False
20,4,Michael Sam,S20_Michael Sam __ Peta Murgatroyd,30.0,0.0777915768455707,7,9,16,0.0923076923076923,0.170099269153263,1,False
20,4,Nastia Liukin,S20_Nastia Liukin __ Derek Hough,36.0,0.0974054035884124,2,5,7,0.1107692307692307,0.2081746343576431,1,False
20,4,Noah Galloway,S20_Noah Galloway __ Sharna Burgess,32.0,0.1155114761745418,6,2,8,0.0984615384615384,0.2139730146360802,1,False
20,4,Patti LaBelle,S20_Patti LaBelle __ Artem Chigvintsev,30.0,0.1636840529029506,8,1,9,0.0923076923076923,0.2559917452106429,1,False
20,4,Riker Lynch,S20_Riker Lynch __ Allison Holker,34.0,0.0793508154822285,4,8,12,0.1046153846153846,0.1839662000976131,1,False
20,4,Robert Herjavec,S20_Robert Herjavec __ Kym Johnson,34.0,0.092422448585992,5,6,11,0.1046153846153846,0.1970378332013766,1,False
20,4,Rumer Willis,S20_Rumer Willis __ Valentin Chmerkovskiy,35.0,0.1032607550470143,3,4,7,0.1076923076923077,0.210953062739322,1,False
20,4,Suzanne Somers,S20_Suzanne Somers __ Tony Dovolani,28.0,0.0898326593744242,9,7,16,0.0861538461538461,0.1759865055282703,1,False
20,4,Willow Shields,S20_Willow Shields __ Mark Ballas,39.0,0.0660421243146138,1,10,11,0.12,0.1860421243146138,1,False
20,5,Chris Soules,S20_Chris Soules __ Witney Carson,27.0,0.127747703663916,7,3,10,0.0954063604240282,0.2231540640879442,1,False
20,5,Nastia Liukin,S20_Nastia Liukin __ Derek Hough,38.0,0.0836118211214504,2,9,11,0.1342756183745583,0.2178874394960087,1,False
20,5,Noah Galloway,S20_Noah Galloway __ Sharna Burgess,28.0,0.1319050180127894,5,1,6,0.0989399293286219,0.2308449473414113,1,False
20,5,Patti LaBelle,S20_Patti LaBelle __ Artem Chigvintsev,27.0,0.1317297133980776,8,2,10,0.0954063604240282,0.2271360738221058,1,False
20,5,Riker Lynch,S20_Riker Lynch __ Allison Holker,38.0,0.1062845880980386,3,7,10,0.1342756183745583,0.2405602064725969,1,False
20,5,Robert Herjavec,S20_Robert Herjavec __ Kym Johnson,24.0,0.1067805878609921,9,5,14,0.0848056537102473,0.1915862415712394,1,False
20,5,Rumer Willis,S20_Rumer Willis __ Valentin Chmerkovskiy,39.0,0.1167824706282768,1,4,5,0.1378091872791519,0.2545916579074287,1,False
20,5,Suzanne Somers,S20_Suzanne Somers __ Tony Dovolani,28.0,0.0887839697301149,6,8,14,0.0989399293286219,0.1877238990587368,1,False
20,5,Willow Shields,S20_Willow Shields __ Mark Ballas,34.0,0.1063741274863439,4,6,10,0.1201413427561837,0.2265154702425276,1,False
20,6,Chris Soules,S20_Chris Soules __ Witney Carson,35.0,0.1911812087881649,5,1,6,0.1236749116607773,0.3148561204489423,1,False
20,6,Nastia Liukin,S20_Nastia Liukin __ Derek Hough,36.5,0.1072444082704917,2,6,8,0.1289752650176678,0.2362196732881595,1,False
20,6,Noah Galloway,S20_Noah Galloway __ Sharna Burgess,34.0,0.1235035305466009,6,4,10,0.1201413427561837,0.2436448733027846,1,False
20,6,Patti LaBelle,S20_Patti LaBelle __ Artem Chigvintsev,34.0,0.0975418233802573,7,8,15,0.1201413427561837,0.217683166136441,1,False
20,6,Riker Lynch,S20_Riker Lynch __ Allison Holker,38.0,0.1259891735214237,1,3,4,0.1342756183745583,0.260264791895982,1,False
20,6,Robert Herjavec,S20_Robert Herjavec __ Kym Johnson,33.5,0.1381673010453959,8,2,10,0.1183745583038869,0.2565418593492828,1,False
20,6,Rumer Willis,S20_Rumer Willis __ Valentin Chmerkovskiy,35.5,0.1091846687030703,4,5,9,0.1254416961130742,0.2346263648161445,1,False
20,6,Willow Shields,S20_Willow Shields __ Mark Ballas,36.5,0.1071878857445951,3,7,10,0.1289752650176678,0.2361631507622629,1,False
20,7,Chris Soules,S20_Chris Soules __ Witney Carson,31.0,0.179506000237099,6,1,7,0.1220472440944882,0.3015532443315872,1,False
20,7,Nastia Liukin,S20_Nastia Liukin __ Derek Hough,41.0,0.1224499066767255,1,6,7,0.1614173228346456,0.2838672295113711,1,False
20,7,Noah Galloway,S20_Noah Galloway __ Sharna Burgess,38.0,0.1481269843090842,3,3,6,0.1496062992125984,0.2977332835216826,1,False
20,7,Riker Lynch,S20_Riker Lynch __ Allison Holker,37.0,0.1426166989031815,4,4,8,0.1456692913385826,0.2882859902417641,1,False
20,7,Robert Herjavec,S20_Robert Herjavec __ Kym Johnson,31.0,0.1567954369343559,7,2,9,0.1220472440944882,0.2788426810288441,1,False
20,7,Rumer Willis,S20_Rumer Willis __ Valentin Chmerkovskiy,37.0,0.1323702708143519,5,5,10,0.1456692913385826,0.2780395621529345,1,False
20,7,Willow Shields,S20_Willow Shields __ Mark Ballas,39.0,0.1181347021252016,2,7,9,0.1535433070866141,0.2716780092118158,1,False
20,8,Chris Soules,S20_Chris Soules __ Witney Carson,32.0,0.1755747758425535,4,2,6,0.1513002364066193,0.3268750122491728,1,False
20,8,Nastia Liukin,S20_Nastia Liukin __ Derek Hough,38.0,0.1553685725099949,3,5,8,0.1796690307328605,0.3350376032428554,1,False
20,8,Noah Galloway,S20_Noah Galloway __ Sharna Burgess,31.5,0.1938592903565728,5,1,6,0.1489361702127659,0.3427954605693387,1,False
20,8,Riker Lynch,S20_Riker Lynch __ Allison Holker,39.0,0.1486577707808269,2,6,8,0.1843971631205673,0.3330549339013943,1,False
20,8,Robert Herjavec,S20_Robert Herjavec __ Kym Johnson,31.0,0.1648333678047445,6,3,9,0.1465721040189125,0.311405471823657,1,False
20,8,Rumer Willis,S20_Rumer Willis __ Valentin Chmerkovskiy,40.0,0.1617062227053071,1,4,5,0.1891252955082742,0.3508315182135813,1,False
20,9,Nastia Liukin,S20_Nastia Liukin __ Derek Hough,40.0,0.2287166892507746,1,4,5,0.2547770700636942,0.4834937593144688,2,False
20,9,Noah Galloway,S20_Noah Galloway __ Sharna Burgess,38.0,0.2865323379531702,4,1,5,0.2420382165605095,0.5285705545136797,2,False
20,9,Riker Lynch,S20_Riker Lynch __ Allison Holker,40.0,0.2383450325450537,2,3,5,0.2547770700636942,0.493122102608748,2,False
20,9,Rumer Willis,S20_Rumer Willis __ Valentin Chmerkovskiy,39.0,0.2464059402510014,3,2,5,0.2484076433121019,0.4948135835631033,2,False
21,3,Alek Skarlatos,S21_Alek Skarlatos __ Lindsay Arnold,33.0,0.112103366797025,3,4,7,0.1081967213114754,0.2203000881085004,3,False
21,3,Alexa PenaVega,S21_Alexa PenaVega __ Mark Ballas,36.0,0.0821213370893402,1,9,10,0.1180327868852459,0.2001541239745861,3,False
21,3,Andy Grammer,S21_Andy Grammer __ Allison Holker,29.0,0.0649375087298714,8,10,18,0.0950819672131147,0.1600194759429861,3,False
21,3,Bindi Irwin,S21_Bindi Irwin __ Derek Hough,32.0,0.1059098546955581,5,5,10,0.1049180327868852,0.2108278874824433,3,False
21,3,Carlos PenaVega,S21_Carlos PenaVega __ Witney Carson,31.0,0.0902086332108335,6,7,13,0.101639344262295,0.1918479774731286,3,False
21,3,Gary Busey,S21_Gary Busey __ Anna Trebunskaya,25.0,0.1126815867508196,9,3,12,0.081967213114754,0.1946487998655737,3,False
21,3,Hayes Grier,S21_Hayes Grier __ Emma Slater,30.0,0.1329435203536091,7,1,8,0.0983606557377049,0.231304176091314,3,False
21,3,Nick Carter,S21_Nick Carter __ Sharna Burgess,36.0,0.1219985523687329,2,2,4,0.1180327868852459,0.2400313392539788,3,False
21,3,Paula Deen,S21_Paula Deen __ Louis van Amstel,20.0,0.0927661312701845,10,6,16,0.0655737704918032,0.1583399017619877,3,False
21,3,Tamar Braxton,S21_Tamar Braxton __ Valentin Chmerkovskiy,33.0,0.0843295087340251,4,8,12,0.1081967213114754,0.1925262300455005,3,False
21,5,Alek Skarlatos,S21_Alek Skarlatos __ Lindsay Arnold,29.0,0.0965928166070231,7,7,14,0.0963455149501661,0.1929383315571892,1,False
21,5,Alexa PenaVega,S21_Alexa PenaVega __ Mark Ballas,40.0,0.1097657643482957,1,5,6,0.132890365448505,0.2426561297968006,1,False
21,5,Andy Grammer,S21_Andy Grammer __ Allison Holker,36.0,0.1243053777768086,4,4,8,0.1196013289036544,0.2439067066804631,1,False
21,5,Bindi Irwin,S21_Bindi Irwin __ Derek Hough,37.0,0.0852881842992992,3,8,11,0.1229235880398671,0.2082117723391663,1,False
21,5,Carlos PenaVega,S21_Carlos PenaVega __ Witney Carson,39.0,0.1035686098511284,2,6,8,0.1295681063122923,0.2331367161634207,1,False
21,5,Hayes Grier,S21_Hayes Grier __ Emma Slater,30.0,0.1257414411108204,6,3,9,0.0996677740863787,0.2254092151971991,1,False
21,5,Nick Carter,S21_Nick Carter __ Sharna Burgess,35.0,0.1385786537217448,5,1,6,0.1162790697674418,0.2548577234891866,1,False
21,5,Paula Deen,S21_Paula Deen __ Louis van Amstel,26.0,0.1374384189890128,9,2,11,0.0863787375415282,0.223817156530541,1,False
21,5,Tamar Braxton,S21_Tamar Braxton __ Valentin Chmerkovskiy,29.0,0.0787207332958665,8,9,17,0.0963455149501661,0.1750662482460326,1,False
21,7,Alek Skarlatos,S21_Alek Skarlatos __ Lindsay Arnold,26.5,0.1385955118143516,8,2,10,0.1199095022624434,0.258505014076795,1,False
21,7,Alexa PenaVega,S21_Alexa PenaVega __ Mark Ballas,27.5,0.1375206222919092,5,3,8,0.1244343891402715,0.2619550114321807,1,False
21,7,Andy Grammer,S21_Andy Grammer __ Allison Holker,28.0,0.1498456849261528,2,1,3,0.1266968325791855,0.2765425175053383,1,False
21,7,Bindi Irwin,S21_Bindi Irwin __ Derek Hough,29.0,0.0978334321656931,1,7,8,0.1312217194570135,0.2290551516227066,1,False
21,7,Carlos PenaVega,S21_Carlos PenaVega __ Witney Carson,28.0,0.1235372243015485,3,6,9,0.1266968325791855,0.250234056880734,1,False
21,7,Hayes Grier,S21_Hayes Grier __ Emma Slater,28.0,0.0916757279771083,4,8,12,0.1266968325791855,0.2183725605562938,1,False
21,7,Nick Carter,S21_Nick Carter __ Sharna Burgess,27.0,0.1363004610870901,6,4,10,0.1221719457013574,0.2584724067884476,1,False
21,7,Tamar Braxton,S21_Tamar Braxton __ Valentin Chmerkovskiy,27.0,0.1246913354361461,7,5,12,0.1221719457013574,0.2468632811375035,1,False
21,8,Alek Skarlatos,S21_Alek Skarlatos __ Lindsay Arnold,25.0,0.153001661934071,6,2,8,0.1288663779372513,0.2818680398713223,1,False
21,8,Alexa PenaVega,S21_Alexa PenaVega __ Mark Ballas,26.9998,0.1792131059104948,5,1,6,0.1391746572412079,0.3183877631517027,1,False
21,8,Andy Grammer,S21_Andy Grammer __ Allison Holker,23.9998,0.1252124512248272,7,6,13,0.1237106918887378,0.248923143113565,1,False
21,8,Bindi Irwin,S21_Bindi Irwin __ Derek Hough,28.0,0.1100309162230375,3,7,10,0.1443303432897215,0.254361259512759,1,False
21,8,Carlos PenaVega,S21_Carlos PenaVega __ Witney Carson,28.9998,0.1375333728690505,2,5,7,0.149483967476188,0.2870173403452385,1,False
21,8,Nick Carter,S21_Nick Carter __ Sharna Burgess,33.0,0.1510593293497843,1,3,4,0.1701036188771717,0.321162948226956,1,False
21,8,Tamar Braxton,S21_Tamar Braxton __ Valentin Chmerkovskiy,28.0,0.1439491624887343,4,4,8,0.1443303432897215,0.2882795057784558,1,False
21,9,Alek Skarlatos,S21_Alek Skarlatos __ Lindsay Arnold,25.5,0.2009256018954347,5,1,6,0.155015197568389,0.3559407994638237,1,False
21,9,Alexa PenaVega,S21_Alexa PenaVega __ Mark Ballas,30.0,0.1405527556215169,1,6,7,0.182370820668693,0.3229235762902099,1,False
21,9,Bindi Irwin,S21_Bindi Irwin __ Derek Hough,30.0,0.1647977323738237,2,3,5,0.182370820668693,0.3471685530425167,1,False
21,9,Carlos PenaVega,S21_Carlos PenaVega __ Witney Carson,27.0,0.1645153966379332,4,4,8,0.1641337386018237,0.3286491352397569,1,False
21,9,Nick Carter,S21_Nick Carter __ Sharna Burgess,27.5,0.171908132555511,3,2,5,0.1671732522796352,0.3390813848351462,1,False
21,9,Tamar Braxton,S21_Tamar Braxton __ Valentin Chmerkovskiy,24.5,0.1573003809157804,6,5,11,0.1489361702127659,0.3062365511285463,1,False
21,10,Alek Skarlatos,S21_Alek Skarlatos __ Lindsay Arnold,28.5,0.2551720311001306,3,1,4,0.240506329113924,0.4956783602140546,2,False
21,10,Bindi Irwin,S21_Bindi Irwin __ Derek Hough,31.5,0.2402411982377497,1,4,5,0.2658227848101265,0.5060639830478763,2,False
21,10,Carlos PenaVega,S21_Carlos PenaVega __ Witney Carson,31.5,0.2504430274534078,2,3,5,0.2658227848101265,0.5162658122635344,2,False
21,10,Nick Carter,S21_Nick Carter __ Sharna Burgess,27.0,0.2541437432087117,4,2,6,0.2278481012658227,0.4819918444745344,2,False
22,3,Antonio Brown,S22_Antonio Brown __ Sharna Burgess,20.0,0.1122587936263368,8,2,10,0.0843881856540084,0.1966469792803452,1,False
22,3,Doug Flutie,S22_Doug Flutie __ Karina Smirnoff,20.0,0.0740545624468012,9,9,18,0.0843881856540084,0.1584427481008096,1,False
22,3,Ginger Zee,S22_Ginger Zee __ Valentin Chmerkovskiy,21.0,0.1049658215780233,6,3,9,0.0886075949367088,0.1935734165147321,1,False
22,3,Jodie Sweetin,S22_Jodie Sweetin __ Keo Motsepe,23.0,0.123252213401453,3,1,4,0.0970464135021097,0.2202986269035627,1,False
22,3,Kim Fields,S22_Kim Fields __ Sasha Farber,22.0,0.084445109099804,5,7,12,0.0928270042194092,0.1772721133192132,1,False
22,3,Marla Maples,S22_Marla Maples __ Tony Dovolani,21.0,0.0975820969473805,7,5,12,0.0886075949367088,0.1861896918840893,1,False
22,3,Mischa Barton,S22_Mischa Barton __ Artem Chigvintsev,18.0,0.0673187331752383,11,10,21,0.0759493670886076,0.1432681002638459,1,False
22,3,Nyle DiMarco,S22_Nyle DiMarco __ Peta Murgatroyd,25.0,0.0672637978719736,1,11,12,0.1054852320675105,0.1727490299394841,1,False
22,3,Paige VanZant,S22_Paige VanZant __ Mark Ballas,23.0,0.0854163756337423,4,6,10,0.0970464135021097,0.182462789135852,1,False
22,3,Von Miller,S22_Von Miller __ Witney Carson,20.0,0.1002776833522916,10,4,14,0.0843881856540084,0.1846658690063,1,False
22,3,Wanya Morris,S22_Wanya Morris __ Lindsay Arnold,24.0,0.0831648128669549,2,8,10,0.1012658227848101,0.184430635651765,1,False
22,4,Antonio Brown,S22_Antonio Brown __ Sharna Burgess,35.0,0.1337273119669663,3,1,4,0.109717868338558,0.2434451803055243,1,False
22,4,Doug Flutie,S22_Doug Flutie __ Karina Smirnoff,24.0,0.0913875917185361,10,7,17,0.0752351097178683,0.1666227014364044,1,False
22,4,Ginger Zee,S22_Ginger Zee __ Valentin Chmerkovskiy,36.0,0.09993984295452,1,5,6,0.1128526645768025,0.2127925075313225,1,False
22,4,Jodie Sweetin,S22_Jodie Sweetin __ Keo Motsepe,27.0,0.1329651269823191,9,2,11,0.0846394984326018,0.2176046254149209,1,False
22,4,Kim Fields,S22_Kim Fields __ Sasha Farber,32.0,0.0989678307605193,6,6,12,0.1003134796238244,0.1992813103843437,1,False
22,4,Marla Maples,S22_Marla Maples __ Tony Dovolani,28.0,0.0692321888380226,8,10,18,0.0877742946708464,0.1570064835088689,1,False
22,4,Nyle DiMarco,S22_Nyle DiMarco __ Peta Murgatroyd,34.0,0.1062366825464154,5,3,8,0.1065830721003134,0.2128197546467288,1,False
22,4,Paige VanZant,S22_Paige VanZant __ Mark Ballas,36.0,0.0802669394849901,2,9,11,0.1128526645768025,0.1931196040617926,1,False
22,4,Von Miller,S22_Von Miller __ Witney Carson,32.0,0.1005531317794948,7,4,11,0.1003134796238244,0.2008666114033192,1,False
22,4,Wanya Morris,S22_Wanya Morris __ Lindsay Arnold,35.0,0.086723352968216,4,8,12,0.109717868338558,0.196441221306774,1,False
22,5,Antonio Brown,S22_Antonio Brown __ Sharna Burgess,26.0,0.1291630952003928,9,2,11,0.0942028985507246,0.2233659937511174,1,False
22,5,Doug Flutie,S22_Doug Flutie __ Karina Smirnoff,28.0,0.1257480548188124,7,4,11,0.1014492753623188,0.2271973301811312,1,False
22,5,Ginger Zee,S22_Ginger Zee __ Valentin Chmerkovskiy,32.0,0.0841116166790375,3,9,12,0.1159420289855072,0.2000536456645447,1,False
22,5,Jodie Sweetin,S22_Jodie Sweetin __ Keo Motsepe,35.0,0.1315580855105037,2,1,3,0.1268115942028985,0.2583696797134022,1,False
22,5,Kim Fields,S22_Kim Fields __ Sasha Farber,28.0,0.0996690581659872,8,7,15,0.1014492753623188,0.201118333528306,1,False
22,5,Nyle DiMarco,S22_Nyle DiMarco __ Peta Murgatroyd,37.0,0.1009203949158867,1,6,7,0.1340579710144927,0.2349783659303794,1,False
22,5,Paige VanZant,S22_Paige VanZant __ Mark Ballas,31.0,0.0990156110394516,4,8,12,0.1123188405797101,0.2113344516191617,1,False
22,5,Von Miller,S22_Von Miller __ Witney Carson,29.0,0.1269652005655724,6,3,9,0.1050724637681159,0.2320376643336883,1,False
22,5,Wanya Morris,S22_Wanya Morris __ Lindsay Arnold,30.0,0.1028488831043552,5,5,10,0.108695652173913,0.2115445352782682,1,False
22,7,Antonio Brown,S22_Antonio Brown __ Sharna Burgess,26.0,0.1139984479556331,5,6,11,0.1214953271028037,0.2354937750584368,1,False
22,7,Ginger Zee,S22_Ginger Zee __ Valentin Chmerkovskiy,27.5,0.1262818903999295,2,4,6,0.1285046728971962,0.2547865632971257,1,False
22,7,Jodie Sweetin,S22_Jodie Sweetin __ Keo Motsepe,25.5,0.1488991569993547,8,1,9,0.1191588785046729,0.2680580355040275,1,False
22,7,Kim Fields,S22_Kim Fields __ Sasha Farber,26.0,0.1064960507883706,6,7,13,0.1214953271028037,0.2279913778911743,1,False
22,7,Nyle DiMarco,S22_Nyle DiMarco __ Peta Murgatroyd,28.0,0.1432304180991862,1,2,3,0.1308411214953271,0.2740715395945133,1,False
22,7,Paige VanZant,S22_Paige VanZant __ Mark Ballas,27.5,0.1225057598932299,3,5,8,0.1285046728971962,0.2510104327904261,1,False
22,7,Von Miller,S22_Von Miller __ Witney Carson,26.0,0.1056054131367329,7,8,15,0.1214953271028037,0.2271007402395366,1,False
22,7,Wanya Morris,S22_Wanya Morris __ Lindsay Arnold,27.5,0.1329828627275628,4,3,7,0.1285046728971962,0.261487535624759,1,False
22,8,Antonio Brown,S22_Antonio Brown __ Sharna Burgess,27.0,0.1640494982375177,5,4,9,0.1597633136094674,0.3238128118469852,2,False
22,8,Ginger Zee,S22_Ginger Zee __ Valentin Chmerkovskiy,30.0,0.1635142923585255,1,5,6,0.1775147928994082,0.3410290852579337,2,False
22,8,Jodie Sweetin,S22_Jodie Sweetin __ Keo Motsepe,30.0,0.1369545400969784,2,6,8,0.1775147928994082,0.3144693329963867,2,False
22,8,Nyle DiMarco,S22_Nyle DiMarco __ Peta Murgatroyd,29.0,0.1669795576393341,3,3,6,0.1715976331360946,0.3385771907754287,2,False
22,8,Paige VanZant,S22_Paige VanZant __ Mark Ballas,28.0,0.1990052481487086,4,1,5,0.165680473372781,0.3646857215214897,2,False
22,8,Wanya Morris,S22_Wanya Morris __ Lindsay Arnold,25.0,0.1694968635189354,6,2,8,0.1479289940828402,0.3174258576017756,2,False
22,9,Antonio Brown,S22_Antonio Brown __ Sharna Burgess,27.5,0.1963181500262854,5,3,8,0.1916376306620209,0.3879557806883063,1,False
22,9,Ginger Zee,S22_Ginger Zee __ Valentin Chmerkovskiy,28.0,0.2179615885757362,4,1,5,0.1951219512195122,0.4130835397952483,1,False
22,9,Nyle DiMarco,S22_Nyle DiMarco __ Peta Murgatroyd,28.5,0.2038770389043259,3,2,5,0.1986062717770035,0.4024833106813293,1,False
22,9,Paige VanZant,S22_Paige VanZant __ Mark Ballas,29.5,0.1936761053734199,2,4,6,0.205574912891986,0.399251018265406,1,False
22,9,Wanya Morris,S22_Wanya Morris __ Lindsay Arnold,30.0,0.1881671171202324,1,5,6,0.2090592334494773,0.3972263505697098,1,False
23,3,Amber Rose,S23_Amber Rose __ Maksim Chmerkoskiy,25.0,0.0884489685996601,8,5,13,0.0769230769230769,0.165372045522737,1,False
23,3,Babyface,S23_Babyface __ Allison Holker,25.0,0.0806787099657164,9,7,16,0.0769230769230769,0.1576017868887933,1,False
23,3,Calvin Johnson Jr.,S23_Calvin Johnson Jr. __ Lindsay Arnold,32.0,0.0758653112339784,1,9,10,0.0984615384615384,0.1743268496955168,1,False
23,3,James Hinchcliffe,S23_James Hinchcliffe __ Sharna Burgess,29.0,0.0528842368330514,4,12,16,0.0892307692307692,0.1421150060638206,1,False
23,3,Jana Kramer,S23_Jana Kramer __ Gleb Savchenko,26.0,0.0872212659797848,7,6,13,0.08,0.1672212659797848,1,False
23,3,Laurie Hernandez,S23_Laurie Hernandez __ Valentin Chmerkovskiy,31.0,0.0787084008142129,2,8,10,0.0953846153846153,0.1740930161988282,1,False
23,3,Marilu Henner,S23_Marilu Henner __ Derek Hough,28.0,0.0947819349609902,5,3,8,0.0861538461538461,0.1809357811148363,1,False
23,3,Maureen McCormick,S23_Maureen McCormick __ Artem Chigvintsev,28.0,0.0752727238365524,6,10,16,0.0861538461538461,0.1614265699903985,1,False
23,3,Rick Perry,S23_Rick Perry __ Emma Slater,23.0,0.065126418886165,11,11,22,0.0707692307692307,0.1358956496553957,1,False
23,3,Ryan Lochte,S23_Ryan Lochte __ Cheryl Burke,25.0,0.0917846634330358,10,4,14,0.0769230769230769,0.1687077403561127,1,False
23,3,Terra Jole,S23_Terra Jole __ Sasha Farber,30.0,0.1023835742385109,3,2,5,0.0923076923076923,0.1946912665462032,1,False
23,3,Vanilla Ice,S23_Vanilla Ice __ Witney Carson,23.0,0.1068437912183413,12,1,13,0.0707692307692307,0.177613021987572,1,False
23,4,Amber Rose,S23_Amber Rose __ Maksim Chmerkoskiy,24.0,0.0945267648324702,4,4,8,0.0919540229885057,0.1864807878209759,1,False
23,4,Babyface,S23_Babyface __ Allison Holker,18.0,0.056843713788969,11,11,22,0.0689655172413793,0.1258092310303483,1,False
23,4,Calvin Johnson Jr.,S23_Calvin Johnson Jr. __ Lindsay Arnold,23.0,0.0936080813011146,6,5,11,0.0881226053639846,0.1817306866650992,1,False
23,4,James Hinchcliffe,S23_James Hinchcliffe __ Sharna Burgess,28.0,0.1271905293557495,2,1,3,0.10727969348659,0.2344702228423395,1,False
23,4,Jana Kramer,S23_Jana Kramer __ Gleb Savchenko,23.0,0.0970549149915201,7,3,10,0.0881226053639846,0.1851775203555047,1,False
23,4,Laurie Hernandez,S23_Laurie Hernandez __ Valentin Chmerkovskiy,30.0,0.0738952381937714,1,10,11,0.1149425287356321,0.1888377669294035,1,False
23,4,Marilu Henner,S23_Marilu Henner __ Derek Hough,21.0,0.1245974282635749,10,2,12,0.0804597701149425,0.2050571983785174,1,False
23,4,Maureen McCormick,S23_Maureen McCormick __ Artem Chigvintsev,24.0,0.0829338382447921,5,7,12,0.0919540229885057,0.1748878612332978,1,False
23,4,Ryan Lochte,S23_Ryan Lochte __ Cheryl Burke,22.0,0.0929072310506798,9,6,15,0.0842911877394636,0.1771984187901434,1,False
23,4,Terra Jole,S23_Terra Jole __ Sasha Farber,25.0,0.0815846454874658,3,8,11,0.0957854406130268,0.1773700861004926,1,False
23,4,Vanilla Ice,S23_Vanilla Ice __ Witney Carson,23.0,0.0748576144898923,8,9,17,0.0881226053639846,0.1629802198538769,1,False
23,5,Amber Rose,S23_Amber Rose __ Maksim Chmerkoskiy,24.0,0.1084286721994298,6,5,11,0.1043478260869565,0.2127764982863863,2,False
23,5,Calvin Johnson Jr.,S23_Calvin Johnson Jr. __ Lindsay Arnold,24.0,0.1116411524695948,7,4,11,0.1043478260869565,0.2159889785565513,2,False
23,5,James Hinchcliffe,S23_James Hinchcliffe __ Sharna Burgess,29.0,0.1191036569521408,1,3,4,0.1260869565217391,0.2451906134738799,2,False
23,5,Jana Kramer,S23_Jana Kramer __ Gleb Savchenko,26.0,0.1506055566604457,4,1,5,0.1130434782608695,0.2636490349213152,2,False
23,5,Laurie Hernandez,S23_Laurie Hernandez __ Valentin Chmerkovskiy,25.0,0.092509891418908,5,8,13,0.108695652173913,0.201205543592821,2,False
23,5,Marilu Henner,S23_Marilu Henner __ Derek Hough,27.0,0.1080866234742553,2,6,8,0.117391304347826,0.2254779278220813,2,False
23,5,Maureen McCormick,S23_Maureen McCormick __ Artem Chigvintsev,24.0,0.0856947965289716,8,9,17,0.1043478260869565,0.1900426226159281,2,False
23,5,Ryan Lochte,S23_Ryan Lochte __ Cheryl Burke,24.0,0.1031388318427596,9,7,16,0.1043478260869565,0.2074866579297161,2,False
23,5,Terra Jole,S23_Terra Jole __ Sasha Farber,27.0,0.1207908184534939,3,2,5,0.117391304347826,0.23818212280132,2,False
23,7,Calvin Johnson Jr.,S23_Calvin Johnson Jr. __ Lindsay Arnold,37.0,0.1090526894421658,1,6,7,0.1343012704174228,0.2433539598595887,1,False
23,7,James Hinchcliffe,S23_James Hinchcliffe __ Sharna Burgess,37.0,0.0995394339140097,2,8,10,0.1343012704174228,0.2338407043314325,1,False
23,7,Jana Kramer,S23_Jana Kramer __ Gleb Savchenko,34.5,0.1669804529322505,3,1,4,0.1252268602540834,0.292207313186334,1,False
23,7,Laurie Hernandez,S23_Laurie Hernandez __ Valentin Chmerkovskiy,34.5,0.1375574631927259,4,2,6,0.1252268602540834,0.2627843234468093,1,False
23,7,Marilu Henner,S23_Marilu Henner __ Derek Hough,32.0,0.1338063086006576,8,3,11,0.1161524500907441,0.2499587586914017,1,False
23,7,Maureen McCormick,S23_Maureen McCormick __ Artem Chigvintsev,33.0,0.1071887439236131,6,7,13,0.1197822141560798,0.2269709580796929,1,False
23,7,Ryan Lochte,S23_Ryan Lochte __ Cheryl Burke,33.0,0.1192233961478907,7,5,12,0.1197822141560798,0.2390056103039705,1,False
23,7,Terra Jole,S23_Terra Jole __ Sasha Farber,34.5,0.1266515118466863,5,4,9,0.1252268602540834,0.2518783721007698,1,False
23,8,Calvin Johnson Jr.,S23_Calvin Johnson Jr. __ Lindsay Arnold,30.0,0.1281102798406111,3,5,8,0.1492538798546068,0.2773641596952179,1,False
23,8,James Hinchcliffe,S23_James Hinchcliffe __ Sharna Burgess,34.9998,0.1170549434958143,1,7,8,0.1741285314711756,0.2911834749669899,1,False
23,8,Jana Kramer,S23_Jana Kramer __ Gleb Savchenko,30.0,0.1356908355102199,4,4,8,0.1492538798546068,0.2849447153648267,1,False
23,8,Laurie Hernandez,S23_Laurie Hernandez __ Valentin Chmerkovskiy,33.0,0.119987656072262,2,6,8,0.1641792678400675,0.2841669239123295,1,False
23,8,Marilu Henner,S23_Marilu Henner __ Derek Hough,23.0,0.1714977227340594,7,2,9,0.1144279745551985,0.285925697289258,1,False
23,8,Ryan Lochte,S23_Ryan Lochte __ Cheryl Burke,26.0,0.1459345474834215,5,3,8,0.1293533625406592,0.2752879100240807,1,False
23,8,Terra Jole,S23_Terra Jole __ Sasha Farber,24.0,0.1817240148636116,6,1,7,0.1194031038836854,0.301127118747297,1,False
23,9,Calvin Johnson Jr.,S23_Calvin Johnson Jr. __ Lindsay Arnold,37.0,0.1556120396677995,4,6,10,0.1629955947136563,0.3186076343814559,1,False
23,9,James Hinchcliffe,S23_James Hinchcliffe __ Sharna Burgess,36.0,0.159338335909622,5,3,8,0.158590308370044,0.317928644279666,1,False
23,9,Jana Kramer,S23_Jana Kramer __ Gleb Savchenko,40.0,0.158159791193115,1,4,5,0.1762114537444934,0.3343712449376084,1,False
23,9,Laurie Hernandez,S23_Laurie Hernandez __ Valentin Chmerkovskiy,40.0,0.1738010462158506,2,2,4,0.1762114537444934,0.350012499960344,1,False
23,9,Marilu Henner,S23_Marilu Henner __ Derek Hough,36.0,0.1577413268232764,6,5,11,0.158590308370044,0.3163316351933204,1,False
23,9,Terra Jole,S23_Terra Jole __ Sasha Farber,38.0,0.1953474601903364,3,1,4,0.1674008810572687,0.3627483412476051,1,False
23,10,Calvin Johnson Jr.,S23_Calvin Johnson Jr. __ Lindsay Arnold,28.0,0.2078039443875146,5,2,7,0.1911262798634812,0.3989302242509958,1,False
23,10,James Hinchcliffe,S23_James Hinchcliffe __ Sharna Burgess,29.5,0.1887455939761793,3,3,6,0.2013651877133105,0.3901107816894898,1,False
23,10,Jana Kramer,S23_Jana Kramer __ Gleb Savchenko,29.0,0.2320593575796858,4,1,5,0.1979522184300341,0.4300115760097199,1,False
23,10,Laurie Hernandez,S23_Laurie Hernandez __ Valentin Chmerkovskiy,30.0,0.187131434863652,1,4,5,0.204778156996587,0.391909591860239,1,False
23,10,Terra Jole,S23_Terra Jole __ Sasha Farber,30.0,0.1842596691929681,2,5,7,0.204778156996587,0.3890378261895551,1,False
24,3,Bonner Bolton,S24_Bonner Bolton __ Sharna Burgess,24.0,0.1107153152165785,9,2,11,0.0761904761904762,0.1869057914070547,1,False
24,3,Charo,S24_Charo __ Keo Motsepe,24.0,0.0733034789550949,10,10,20,0.0761904761904762,0.1494939551455711,1,False
24,3,David Ross,S24_David Ross __ Lindsay Arnold,31.0,0.0899271125839466,5,6,11,0.0984126984126984,0.188339810996645,1,False
24,3,Erika Jayne,S24_Erika Jayne __ Gleb Savchenko,26.0,0.0760164168510911,7,8,15,0.0825396825396825,0.1585560993907736,1,False
24,3,Heather Morris,S24_Heather Morris __ Maksim Chmerkoskiy,33.0,0.0990185352069259,2,4,6,0.1047619047619047,0.2037804399688306,1,False
24,3,Mr. T,S24_Mr. T __ Kym Herjavec,24.0,0.0874650937897384,11,7,18,0.0761904761904762,0.1636555699802145,1,False
24,3,Nancy Kerrigan,S24_Nancy Kerrigan __ Artem Chigvintsev,33.0,0.1122333754374684,3,1,4,0.1047619047619047,0.2169952801993731,1,False
24,3,Nick Viall,S24_Nick Viall __ Peta Murgatroyd,26.0,0.0732405106394018,8,11,19,0.0825396825396825,0.1557801931790843,1,False
24,3,Normani,S24_Normani __ Valentin Chmerkovskiy,34.0,0.1099994254802199,1,3,4,0.1079365079365079,0.2179359334167278,1,False
24,3,Rashad Jennings,S24_Rashad Jennings __ Emma Slater,28.0,0.0739353992735386,6,9,15,0.0888888888888888,0.1628242881624275,1,False
24,3,Simone Biles,S24_Simone Biles __ Sasha Farber,32.0,0.0941453365659955,4,5,9,0.1015873015873015,0.195732638153297,1,False
24,4,Bonner Bolton,S24_Bonner Bolton __ Sharna Burgess,32.0,0.1069332050133214,5,5,10,0.0981595092024539,0.2050927142157754,1,False
24,4,David Ross,S24_David Ross __ Lindsay Arnold,31.0,0.1013868540107458,7,6,13,0.0950920245398773,0.1964788785506231,1,False
24,4,Erika Jayne,S24_Erika Jayne __ Gleb Savchenko,30.0,0.1173782640785714,8,1,9,0.0920245398773006,0.209402803955872,1,False
24,4,Heather Morris,S24_Heather Morris __ Maksim Chmerkoskiy,35.0,0.1086965229039765,3,4,7,0.107361963190184,0.2160584860941605,1,False
24,4,Mr. T,S24_Mr. T __ Kym Herjavec,28.0,0.0827994232839874,10,9,19,0.0858895705521472,0.1686889938361346,1,False
24,4,Nancy Kerrigan,S24_Nancy Kerrigan __ Artem Chigvintsev,33.0,0.0857958560238258,4,8,12,0.1012269938650306,0.1870228498888564,1,False
24,4,Nick Viall,S24_Nick Viall __ Peta Murgatroyd,30.0,0.0778237221469522,9,10,19,0.0920245398773006,0.1698482620242528,1,False
24,4,Normani,S24_Normani __ Valentin Chmerkovskiy,32.0,0.1121826602064483,6,3,9,0.0981595092024539,0.2103421694089023,1,False
24,4,Rashad Jennings,S24_Rashad Jennings __ Emma Slater,39.0,0.1121963596362216,1,2,3,0.1196319018404908,0.2318282614767124,1,False
24,4,Simone Biles,S24_Simone Biles __ Sasha Farber,36.0,0.0948071326959493,2,7,9,0.1104294478527607,0.20523658054871,1,False
24,5,Bonner Bolton,S24_Bonner Bolton __ Sharna Burgess,30.0,0.1234373284487093,8,2,10,0.0986842105263157,0.2221215389750251,1,False
24,5,David Ross,S24_David Ross __ Lindsay Arnold,29.0,0.1017219413990169,9,7,16,0.0953947368421052,0.1971166782411221,1,False
24,5,Erika Jayne,S24_Erika Jayne __ Gleb Savchenko,32.0,0.0901338984348694,6,8,14,0.1052631578947368,0.1953970563296062,1,False
24,5,Heather Morris,S24_Heather Morris __ Maksim Chmerkoskiy,34.0,0.1124562482041322,4,5,9,0.1118421052631579,0.2242983534672901,1,False
24,5,Nancy Kerrigan,S24_Nancy Kerrigan __ Artem Chigvintsev,36.0,0.1206406612295964,3,3,6,0.1184210526315789,0.2390617138611753,1,False
24,5,Nick Viall,S24_Nick Viall __ Peta Murgatroyd,34.0,0.0887696041267104,5,9,14,0.1118421052631579,0.2006117093898682,1,False
24,5,Normani,S24_Normani __ Valentin Chmerkovskiy,39.0,0.133894577950035,1,1,2,0.1282894736842105,0.2621840516342455,1,False
24,5,Rashad Jennings,S24_Rashad Jennings __ Emma Slater,32.0,0.1118360875108763,7,6,13,0.1052631578947368,0.2170992454056131,1,False
24,5,Simone Biles,S24_Simone Biles __ Sasha Farber,38.0,0.1171096526960538,2,4,6,0.125,0.2421096526960538,1,False
24,6,Bonner Bolton,S24_Bonner Bolton __ Sharna Burgess,31.5,0.1472025440657172,6,2,8,0.1171003717472119,0.2643029158129291,1,False
24,6,David Ross,S24_David Ross __ Lindsay Arnold,31.0,0.1716041542798587,7,1,8,0.1152416356877323,0.286845789967591,1,False
24,6,Heather Morris,S24_Heather Morris __ Maksim Chmerkoskiy,37.0,0.0916391930381244,1,8,9,0.137546468401487,0.2291856614396114,1,False
24,6,Nancy Kerrigan,S24_Nancy Kerrigan __ Artem Chigvintsev,33.5,0.1126778291356494,5,5,10,0.1245353159851301,0.2372131451207795,1,False
24,6,Nick Viall,S24_Nick Viall __ Peta Murgatroyd,30.5,0.1319520769098105,8,3,11,0.1133828996282527,0.2453349765380633,1,False
24,6,Normani,S24_Normani __ Valentin Chmerkovskiy,36.0,0.1114039290986436,2,6,8,0.1338289962825278,0.2452329253811714,1,False
24,6,Rashad Jennings,S24_Rashad Jennings __ Emma Slater,35.0,0.1233566581979768,3,4,7,0.1301115241635687,0.2534681823615455,1,False
24,6,Simone Biles,S24_Simone Biles __ Sasha Farber,34.5,0.1101636152742191,4,7,11,0.1282527881040892,0.2384164033783083,1,False
24,7,Bonner Bolton,S24_Bonner Bolton __ Sharna Burgess,31.0,0.1771632127178904,7,2,9,0.1225296442687747,0.2996928569866651,1,False
24,7,David Ross,S24_David Ross __ Lindsay Arnold,32.0,0.1797167254857853,6,1,7,0.1264822134387351,0.3061989389245204,1,False
24,7,Nancy Kerrigan,S24_Nancy Kerrigan __ Artem Chigvintsev,36.0,0.1312727413895733,4,4,8,0.1422924901185771,0.2735652315081504,1,False
24,7,Nick Viall,S24_Nick Viall __ Peta Murgatroyd,34.0,0.1265413256640762,5,6,11,0.1343873517786561,0.2609286774427323,1,False
24,7,Normani,S24_Normani __ Valentin Chmerkovskiy,42.0,0.137523255156851,1,3,4,0.1660079051383399,0.3035311602951909,1,False
24,7,Rashad Jennings,S24_Rashad Jennings __ Emma Slater,39.0,0.1195850542623881,2,7,9,0.1541501976284585,0.2737352518908466,1,False
24,7,Simone Biles,S24_Simone Biles __ Sasha Farber,39.0,0.1281976853234354,3,5,8,0.1541501976284585,0.2823478829518939,1,False
24,8,Bonner Bolton,S24_Bonner Bolton __ Sharna Burgess,29.0,0.2051040953463051,5,2,7,0.166189111747851,0.3712932070941561,2,False
24,8,David Ross,S24_David Ross __ Lindsay Arnold,32.5,0.2356586407848696,4,1,5,0.1862464183381088,0.4219050591229785,2,False
24,8,Normani,S24_Normani __ Valentin Chmerkovskiy,39.5,0.1724386694866963,1,5,6,0.2263610315186246,0.3987997010053209,2,False
24,8,Rashad Jennings,S24_Rashad Jennings __ Emma Slater,37.5,0.1979990081285212,2,3,5,0.2148997134670487,0.4128987215955699,2,False
24,8,Simone Biles,S24_Simone Biles __ Sasha Farber,36.0,0.1887995862536075,3,4,7,0.2063037249283667,0.3951033111819743,2,False
24,9,David Ross,S24_David Ross __ Lindsay Arnold,35.0,0.2959092366173513,4,1,5,0.231023102310231,0.5269323389275823,1,False
24,9,Normani,S24_Normani __ Valentin Chmerkovskiy,38.0,0.2377858866209143,3,3,6,0.2508250825082508,0.4886109691291651,1,False
24,9,Rashad Jennings,S24_Rashad Jennings __ Emma Slater,38.5,0.244091523938545,2,2,4,0.2541254125412541,0.4982169364797991,1,False
24,9,Simone Biles,S24_Simone Biles __ Sasha Farber,40.0,0.2222133528231892,1,4,5,0.264026402640264,0.4862397554634532,1,False
25,3,Derek Fisher,S25_Derek Fisher __ Sharna Burgess,21.0,0.1362644506955114,6,1,7,0.0860655737704918,0.2223300244660032,2,False
25,3,Drew Scott,S25_Drew Scott __ Emma Slater,23.0,0.0687856848186062,3,10,13,0.0942622950819672,0.1630479799005734,2,False
25,3,Frankie Muniz,S25_Frankie Muniz __ Witney Carson,21.0,0.0803961917375011,7,6,13,0.0860655737704918,0.1664617655079929,2,False
25,3,Jordan Fisher,S25_Jordan Fisher __ Lindsay Arnold,25.0,0.0734354615182261,2,9,11,0.1024590163934426,0.1758944779116687,2,False
25,3,Lindsey Stirling,S25_Lindsey Stirling __ Mark Ballas,27.0,0.0971236000103653,1,5,6,0.110655737704918,0.2077793377152833,2,False
25,3,Nick Lachey,S25_Nick Lachey __ Peta Murgatroyd,21.0,0.1049919674436454,8,4,12,0.0860655737704918,0.1910575412141372,2,False
25,3,Nikki Bella,S25_Nikki Bella __ Artem Chigvintsev,21.0,0.0792222799614227,9,7,16,0.0860655737704918,0.1652878537319145,2,False
25,3,Sasha Pieterse,S25_Sasha Pieterse __ Gleb Savchenko,19.0,0.1126177492684501,11,2,13,0.0778688524590164,0.1904866017274665,2,False
25,3,Terrell Owens,S25_Terrell Owens __ Cheryl Burke,21.0,0.1087692763786816,10,3,13,0.0860655737704918,0.1948348501491734,2,False
25,3,Vanessa Lachey,S25_Vanessa Lachey __ Maksim Chmerkoskiy,23.0,0.0764892604398818,4,8,12,0.0942622950819672,0.170751555521849,2,False
25,3,Victoria Arlen,S25_Victoria Arlen __ Valentin Chmerkovskiy,22.0,0.061904077727708,5,11,16,0.0901639344262295,0.1520680121539375,2,False
25,5,Drew Scott,S25_Drew Scott __ Emma Slater,25.0,0.0850010069478462,6,7,13,0.0957854406130268,0.180786447560873,1,False
25,5,Frankie Muniz,S25_Frankie Muniz __ Witney Carson,29.0,0.1261160817827384,2,1,3,0.1111111111111111,0.2372271928938495,1,False
25,5,Jordan Fisher,S25_Jordan Fisher __ Lindsay Arnold,30.0,0.0776229644365718,1,10,11,0.1149425287356321,0.1925654931722039,1,False
25,5,Lindsey Stirling,S25_Lindsey Stirling __ Mark Ballas,28.0,0.0985075899480287,3,6,9,0.10727969348659,0.2057872834346187,1,False
25,5,Nick Lachey,S25_Nick Lachey __ Peta Murgatroyd,22.0,0.1147496711030003,10,3,13,0.0842911877394636,0.1990408588424639,1,False
25,5,Nikki Bella,S25_Nikki Bella __ Artem Chigvintsev,27.0,0.1057395072547366,4,5,9,0.1034482758620689,0.2091877831168055,1,False
25,5,Sasha Pieterse,S25_Sasha Pieterse __ Gleb Savchenko,24.0,0.0805534884890189,8,9,17,0.0919540229885057,0.1725075114775246,1,False
25,5,Terrell Owens,S25_Terrell Owens __ Cheryl Burke,25.0,0.0841180598917271,7,8,15,0.0957854406130268,0.1799035005047539,1,False
25,5,Vanessa Lachey,S25_Vanessa Lachey __ Maksim Chmerkoskiy,24.0,0.120275051129942,9,2,11,0.0919540229885057,0.2122290741184477,1,False
25,5,Victoria Arlen,S25_Victoria Arlen __ Valentin Chmerkovskiy,27.0,0.10731657901639,5,4,9,0.1034482758620689,0.2107648548784589,1,False
25,6,Drew Scott,S25_Drew Scott __ Emma Slater,30.0,0.1384641336584958,8,2,10,0.0980392156862745,0.2365033493447703,1,False
25,6,Frankie Muniz,S25_Frankie Muniz __ Witney Carson,31.0,0.0885560799929014,6,9,15,0.1013071895424836,0.189863269535385,1,False
25,6,Jordan Fisher,S25_Jordan Fisher __ Lindsay Arnold,39.0,0.1143696728187751,2,3,5,0.1274509803921568,0.2418206532109319,1,False
25,6,Lindsey Stirling,S25_Lindsey Stirling __ Mark Ballas,40.0,0.1031070630185584,1,5,6,0.130718954248366,0.2338260172669244,1,False
25,6,Nick Lachey,S25_Nick Lachey __ Peta Murgatroyd,26.0,0.1020695389812092,9,6,15,0.0849673202614379,0.1870368592426471,1,False
25,6,Nikki Bella,S25_Nikki Bella __ Artem Chigvintsev,36.0,0.0928670636490759,4,8,12,0.1176470588235294,0.2105141224726053,1,False
25,6,Terrell Owens,S25_Terrell Owens __ Cheryl Burke,37.0,0.112200788917386,3,4,7,0.1209150326797385,0.2331158215971245,1,False
25,6,Vanessa Lachey,S25_Vanessa Lachey __ Maksim Chmerkoskiy,36.0,0.1534180525686992,5,1,6,0.1176470588235294,0.2710651113922286,1,False
25,6,Victoria Arlen,S25_Victoria Arlen __ Valentin Chmerkovskiy,31.0,0.0949476063948986,7,7,14,0.1013071895424836,0.1962547959373822,1,False
25,7,Drew Scott,S25_Drew Scott __ Emma Slater,28.5,0.1419948508534145,2,2,4,0.1325581395348837,0.2745529903882982,1,False
25,7,Frankie Muniz,S25_Frankie Muniz __ Witney Carson,30.0,0.1331945936415288,1,3,4,0.1395348837209302,0.272729477362459,1,False
25,7,Jordan Fisher,S25_Jordan Fisher __ Lindsay Arnold,27.0,0.1081743862167815,4,6,10,0.1255813953488372,0.2337557815656187,1,False
25,7,Lindsey Stirling,S25_Lindsey Stirling __ Mark Ballas,25.5,0.1593495641067883,6,1,7,0.1186046511627907,0.277954215269579,1,False
25,7,Nikki Bella,S25_Nikki Bella __ Artem Chigvintsev,24.0,0.1056763445403558,8,8,16,0.1116279069767441,0.2173042515170999,1,False
25,7,Terrell Owens,S25_Terrell Owens __ Cheryl Burke,24.5,0.1243438310917435,7,4,11,0.113953488372093,0.2382973194638365,1,False
25,7,Vanessa Lachey,S25_Vanessa Lachey __ Maksim Chmerkoskiy,27.0,0.1076723787266639,5,7,12,0.1255813953488372,0.2332537740755011,1,False
25,7,Victoria Arlen,S25_Victoria Arlen __ Valentin Chmerkovskiy,28.5,0.1195940508227232,3,5,8,0.1325581395348837,0.2521521903576069,1,False
25,8,Drew Scott,S25_Drew Scott __ Emma Slater,23.5,0.1860212442293419,6,1,7,0.1501597444089457,0.3361809886382876,2,False
25,8,Frankie Muniz,S25_Frankie Muniz __ Witney Carson,26.5,0.1498248248756225,3,6,9,0.1693290734824281,0.3191538983580506,2,False
25,8,Jordan Fisher,S25_Jordan Fisher __ Lindsay Arnold,30.0,0.161968099179158,1,4,5,0.1916932907348242,0.3536613899139822,2,False
25,8,Lindsey Stirling,S25_Lindsey Stirling __ Mark Ballas,27.0,0.179155366165648,2,2,4,0.1725239616613418,0.3516793278269898,2,False
25,8,Terrell Owens,S25_Terrell Owens __ Cheryl Burke,25.5,0.1526348624183248,4,5,9,0.1629392971246006,0.3155741595429254,2,False
25,8,Victoria Arlen,S25_Victoria Arlen __ Valentin Chmerkovskiy,24.0,0.1703956031319045,5,3,8,0.1533546325878594,0.3237502357197639,2,False
25,9,Drew Scott,S25_Drew Scott __ Emma Slater,24.0,0.2245088508784896,5,1,6,0.1777777777777777,0.4022866286562674,1,False
25,9,Frankie Muniz,S25_Frankie Muniz __ Witney Carson,25.5,0.2074251764160944,4,2,6,0.1888888888888888,0.3963140653049832,1,False
25,9,Jordan Fisher,S25_Jordan Fisher __ Lindsay Arnold,29.0,0.1880845113237063,1,4,5,0.2148148148148148,0.4028993261385211,1,False
25,9,Lindsey Stirling,S25_Lindsey Stirling __ Mark Ballas,28.5,0.2063771709618347,2,3,5,0.2111111111111111,0.4174882820729458,1,False
25,9,Victoria Arlen,S25_Victoria Arlen __ Valentin Chmerkovskiy,28.0,0.1736042904198747,3,5,8,0.2074074074074074,0.3810116978272821,1,False
26,2,Adam Rippon,S26_Adam Rippon __ Jenna Johnson,37.0,0.1287091259361311,1,3,4,0.1383177570093458,0.2670268829454769,2,False
26,2,Arike Ogunbowale,S26_Arike Ogunbowale __ Gleb Savchenko,35.0,0.1063470900659783,3,8,11,0.1308411214953271,0.2371882115613053,2,False
26,2,Chris Mazdzer,S26_Chris Mazdzer __ Witney Carson,33.0,0.1468110431865667,4,1,5,0.1233644859813084,0.2701755291678751,2,False
26,2,Jennie Finch Daigle,S26_Jennie Finch Daigle __ Keo Motsepe,31.5,0.1213374403123796,6,6,12,0.1177570093457943,0.239094449658174,2,False
26,2,Josh Norman,S26_Josh Norman __ Sharna Burgess,31.5,0.1248913831254193,7,5,12,0.1177570093457943,0.2426483924712136,2,False
26,2,Kareem Abdul-Jabbar,S26_Kareem Abdul-Jabbar __ Lindsay Arnold,29.5,0.1157549194257445,8,7,15,0.1102803738317757,0.2260352932575202,2,False
26,2,Mirai Nagasu,S26_Mirai Nagasu __ Alan Bersten,37.0,0.1265352620349005,2,4,6,0.1383177570093458,0.2648530190442463,2,False
26,2,Tonya Harding,S26_Tonya Harding __ Sasha Farber,33.0,0.1296137359128796,5,2,7,0.1233644859813084,0.252978221894188,2,False
26,3,Adam Rippon,S26_Adam Rippon __ Jenna Johnson,41.0,0.1681995907374724,1,3,4,0.1943127962085308,0.3625123869460032,2,False
26,3,Chris Mazdzer,S26_Chris Mazdzer __ Witney Carson,33.0,0.1617692722802902,5,4,9,0.1563981042654028,0.318167376545693,2,False
26,3,Jennie Finch Daigle,S26_Jennie Finch Daigle __ Keo Motsepe,29.0,0.1747440314309214,6,2,8,0.1374407582938388,0.3121847897247602,2,False
26,3,Josh Norman,S26_Josh Norman __ Sharna Burgess,38.0,0.1764909767352189,2,1,3,0.1800947867298578,0.3565857634650767,2,False
26,3,Mirai Nagasu,S26_Mirai Nagasu __ Alan Bersten,35.0,0.1582202039946318,3,6,9,0.1658767772511848,0.3240969812458166,2,False
26,3,Tonya Harding,S26_Tonya Harding __ Sasha Farber,35.0,0.1605759248214651,4,5,9,0.1658767772511848,0.3264527020726499,2,False
27,2,Alexis Ren,S27_Alexis Ren __ Alan Bersten,24.5,0.0595406782024118,4,11,15,0.0905730129390018,0.1501136911414136,1,False
27,2,Bobby Bones,S27_Bobby Bones __ Sharna Burgess,19.5,0.0908678913631251,10,4,14,0.0720887245841035,0.1629566159472286,1,False
27,2,Danelle Umstead,S27_Danelle Umstead __ Artem Chigvintsev,18.5,0.0796500913594212,11,7,18,0.0683918669131238,0.148041958272545,1,False
27,2,DeMarcus Ware,S27_DeMarcus Ware __ Lindsay Arnold,23.5,0.0622376888358125,6,10,16,0.0868761552680221,0.1491138441038347,1,False
27,2,Evanna Lynch,S27_Evanna Lynch __ Keo Motsepe,24.0,0.0708025438179393,5,9,14,0.088724584103512,0.1595271279214513,1,False
27,2,Joe Amabile,S27_Joe Amabile __ Jenna Johnson,17.5,0.0871370974907233,12,5,17,0.0646950092421441,0.1518321067328674,1,False
27,2,John Schneider,S27_John Schneider __ Emma Slater,21.5,0.1181868343603586,8,2,10,0.0794824399260628,0.1976692742864214,1,False
27,2,Juan Pablo Di Pace,S27_Juan Pablo Di Pace __ Cheryl Burke,26.0,0.0846242336463249,1,6,7,0.0961182994454713,0.1807425330917962,1,False
27,2,Mary Lou Retton,S27_Mary Lou Retton __ Sasha Farber,23.0,0.0925548561206652,7,3,10,0.0850277264325323,0.1775825825531975,1,False
27,2,Milo Manheim,S27_Milo Manheim __ Witney Carson,26.0,0.0736558096090646,2,8,10,0.0961182994454713,0.1697741090545359,1,False
27,2,Nancy McKeon,S27_Nancy McKeon __ Valentin Chmerkovskiy,20.5,0.1268992979597156,9,1,10,0.0757855822550831,0.2026848802147988,1,False
27,2,Tinashe,S27_Tinashe __ Brandon Armstrong,26.0,0.0538429772344373,3,12,15,0.0961182994454713,0.1499612766799086,1,False
27,3,Alexis Ren,S27_Alexis Ren __ Alan Bersten,26.0,0.1238202765017984,5,1,6,0.0959409594095941,0.2197612359113925,1,False
27,3,Bobby Bones,S27_Bobby Bones __ Sharna Burgess,23.0,0.0712046772769176,8,9,17,0.084870848708487,0.1560755259854047,1,False
27,3,DeMarcus Ware,S27_DeMarcus Ware __ Lindsay Arnold,26.0,0.0829250792878037,6,7,13,0.0959409594095941,0.1788660386973978,1,False
27,3,Evanna Lynch,S27_Evanna Lynch __ Keo Motsepe,27.0,0.0943242009640976,2,6,8,0.0996309963099631,0.1939551972740607,1,False
27,3,Joe Amabile,S27_Joe Amabile __ Jenna Johnson,18.0,0.1134735672280095,11,2,13,0.066420664206642,0.1798942314346515,1,False
27,3,John Schneider,S27_John Schneider __ Emma Slater,21.0,0.1026065265530128,10,4,14,0.077490774907749,0.1800973014607619,1,False
27,3,Juan Pablo Di Pace,S27_Juan Pablo Di Pace __ Cheryl Burke,30.0,0.0945447996920686,1,5,6,0.1107011070110701,0.2052459067031387,1,False
27,3,Mary Lou Retton,S27_Mary Lou Retton __ Sasha Farber,24.0,0.0828177908577144,7,8,15,0.088560885608856,0.1713786764665704,1,False
27,3,Milo Manheim,S27_Milo Manheim __ Witney Carson,27.0,0.1069415049625379,3,3,6,0.0996309963099631,0.2065725012725009,1,False
27,3,Nancy McKeon,S27_Nancy McKeon __ Valentin Chmerkovskiy,22.0,0.0618042367295369,9,11,20,0.081180811808118,0.1429850485376549,1,False
27,3,Tinashe,S27_Tinashe __ Brandon Armstrong,27.0,0.0655373399465018,4,10,14,0.0996309963099631,0.1651683362564648,1,False
27,4,Alexis Ren,S27_Alexis Ren __ Alan Bersten,25.0,0.1042426958685821,4,5,9,0.1077586206896551,0.2120013165582372,1,False
27,4,Bobby Bones,S27_Bobby Bones __ Sharna Burgess,20.0,0.1434984205269255,9,1,10,0.0862068965517241,0.2297053170786496,1,False
27,4,DeMarcus Ware,S27_DeMarcus Ware __ Lindsay Arnold,22.0,0.081150734126614,7,7,14,0.0948275862068965,0.1759783203335105,1,False
27,4,Evanna Lynch,S27_Evanna Lynch __ Keo Motsepe,24.0,0.0724755204318636,5,8,13,0.1034482758620689,0.1759237962939325,1,False
27,4,Joe Amabile,S27_Joe Amabile __ Jenna Johnson,15.0,0.1324055990180093,10,2,12,0.0646551724137931,0.1970607714318024,1,False
27,4,John Schneider,S27_John Schneider __ Emma Slater,21.0,0.0843081839923964,8,6,14,0.0905172413793103,0.1748254253717067,1,False
27,4,Juan Pablo Di Pace,S27_Juan Pablo Di Pace __ Cheryl Burke,24.0,0.0719045279423017,6,9,15,0.1034482758620689,0.1753528038043706,1,False
27,4,Mary Lou Retton,S27_Mary Lou Retton __ Sasha Farber,26.0,0.1306432180398486,2,3,5,0.1120689655172413,0.2427121835570899,1,False
27,4,Milo Manheim,S27_Milo Manheim __ Witney Carson,29.0,0.1182775052894744,1,4,5,0.125,0.2432775052894744,1,False
27,4,Tinashe,S27_Tinashe __ Brandon Armstrong,26.0,0.061093594763984,3,10,13,0.1120689655172413,0.1731625602812254,1,False
27,5,Alexis Ren,S27_Alexis Ren __ Alan Bersten,29.0,0.0660988730696377,1,9,10,0.1306306306306306,0.1967295037002683,1,False
27,5,Bobby Bones,S27_Bobby Bones __ Sharna Burgess,21.0,0.098557669990484,8,7,15,0.0945945945945946,0.1931522645850786,1,False
27,5,DeMarcus Ware,S27_DeMarcus Ware __ Lindsay Arnold,26.0,0.099488028990789,4,6,10,0.1171171171171171,0.2166051461079061,1,False
27,5,Evanna Lynch,S27_Evanna Lynch __ Keo Motsepe,24.0,0.1263991561475527,6,3,9,0.1081081081081081,0.2345072642556608,1,False
27,5,Joe Amabile,S27_Joe Amabile __ Jenna Johnson,17.0,0.1725830359862461,9,1,10,0.0765765765765765,0.2491596125628226,1,False
27,5,John Schneider,S27_John Schneider __ Emma Slater,24.0,0.1103368040726549,7,4,11,0.1081081081081081,0.218444912180763,1,False
27,5,Juan Pablo Di Pace,S27_Juan Pablo Di Pace __ Cheryl Burke,29.0,0.1027333132726119,2,5,7,0.1306306306306306,0.2333639439032425,1,False
27,5,Mary Lou Retton,S27_Mary Lou Retton __ Sasha Farber,25.0,0.130605179725558,5,2,7,0.1126126126126126,0.2432177923381706,1,False
27,5,Milo Manheim,S27_Milo Manheim __ Witney Carson,27.0,0.0931979387444652,3,8,11,0.1216216216216216,0.2148195603660868,1,False
27,7,Alexis Ren,S27_Alexis Ren __ Alan Bersten,27.5,0.1237428051287483,4,4,8,0.1264367816091954,0.2501795867379437,1,False
27,7,Bobby Bones,S27_Bobby Bones __ Sharna Burgess,26.5,0.1433578084702123,6,3,9,0.1218390804597701,0.2651968889299824,1,False
27,7,DeMarcus Ware,S27_DeMarcus Ware __ Lindsay Arnold,26.5,0.0932278582142247,7,8,15,0.1218390804597701,0.2150669386739948,1,False
27,7,Evanna Lynch,S27_Evanna Lynch __ Keo Motsepe,29.5,0.1551119882512047,1,2,3,0.135632183908046,0.2907441721592507,1,False
27,7,Joe Amabile,S27_Joe Amabile __ Jenna Johnson,23.5,0.1613140024329237,8,1,9,0.1080459770114942,0.269359979444418,1,False
27,7,John Schneider,S27_John Schneider __ Emma Slater,27.0,0.1057052967979876,5,7,12,0.1241379310344827,0.2298432278324703,1,False
27,7,Juan Pablo Di Pace,S27_Juan Pablo Di Pace __ Cheryl Burke,28.0,0.1102234707831721,3,5,8,0.128735632183908,0.2389591029670801,1,False
27,7,Milo Manheim,S27_Milo Manheim __ Witney Carson,29.0,0.1073167699215261,2,6,8,0.1333333333333333,0.2406501032548594,1,False
27,8,Alexis Ren,S27_Alexis Ren __ Alan Bersten,29.0,0.1458689213985489,2,5,7,0.1801242236024844,0.3259931450010334,2,False
27,8,Bobby Bones,S27_Bobby Bones __ Sharna Burgess,22.5,0.192932077874814,6,2,8,0.139751552795031,0.3326836306698451,2,False
27,8,Evanna Lynch,S27_Evanna Lynch __ Keo Motsepe,29.0,0.196130803021278,3,1,4,0.1801242236024844,0.3762550266237625,2,False
27,8,Joe Amabile,S27_Joe Amabile __ Jenna Johnson,23.0,0.1829092796839433,5,3,8,0.1428571428571428,0.3257664225410861,2,False
27,8,Juan Pablo Di Pace,S27_Juan Pablo Di Pace __ Cheryl Burke,30.0,0.126634414875967,1,6,7,0.186335403726708,0.312969818602675,2,False
27,8,Milo Manheim,S27_Milo Manheim __ Witney Carson,27.5,0.1555245031454486,4,4,8,0.170807453416149,0.3263319565615976,2,False
28,3,Ally Brooke,S28_Ally Brooke __ Sasha Farber,24.0,0.0729654414141712,1,10,11,0.1212121212121212,0.1941775626262924,2,False
28,3,Hannah Brown,S28_Hannah Brown __ Alan Bersten,21.0,0.0933346916264816,5,7,12,0.106060606060606,0.1993952976870876,2,False
28,3,James Van Der Beek,S28_James Van Der Beek __ Emma Slater,23.0,0.0934632118944617,3,6,9,0.1161616161616161,0.2096248280560778,2,False
28,3,Karamo Brown,S28_Karamo Brown __ Jenna Johnson,16.0,0.0750494800802519,8,9,17,0.0808080808080808,0.1558575608883327,2,False
28,3,Kate Flannery,S28_Kate Flannery __ Pasha Pashkov,24.0,0.0892379002694396,2,8,10,0.1212121212121212,0.2104500214815608,2,False
28,3,Kel Mitchell,S28_Kel Mitchell __ Witney Carson,20.0,0.1016705050236878,6,4,10,0.101010101010101,0.2026806060337888,2,False
28,3,Lamar Odom,S28_Lamar Odom __ Peta Murgatroyd,12.0,0.1112979917429945,10,3,13,0.0606060606060606,0.1719040523490551,2,False
28,3,Lauren Alaina,S28_Lauren Alaina __ Gleb Savchenko,20.0,0.1135071406781422,7,2,9,0.101010101010101,0.2145172416882432,2,False
28,3,Sailor Brinkley-Cook,S28_Sailor Brinkley-Cook __ Valentin Chmerkovskiy,23.0,0.1014667111509996,4,5,9,0.1161616161616161,0.2176283273126157,2,False
28,3,Sean Spicer,S28_Sean Spicer __ Lindsay Arnold,15.0,0.1480069261193695,9,1,10,0.0757575757575757,0.2237645018769452,2,False
28,5,Ally Brooke,S28_Ally Brooke __ Sasha Farber,27.0,0.1017678980098739,1,7,8,0.1255813953488372,0.2273492933587111,1,False
28,5,Hannah Brown,S28_Hannah Brown __ Alan Bersten,25.0,0.1144928943524348,4,4,8,0.1162790697674418,0.2307719641198766,1,False
28,5,James Van Der Beek,S28_James Van Der Beek __ Emma Slater,26.0,0.0880694970544476,2,8,10,0.1209302325581395,0.2089997296125871,1,False
28,5,Karamo Brown,S28_Karamo Brown __ Jenna Johnson,21.0,0.1089710562440607,8,5,13,0.0976744186046511,0.2066454748487118,1,False
28,5,Kate Flannery,S28_Kate Flannery __ Pasha Pashkov,24.0,0.1036293598255675,5,6,11,0.1116279069767441,0.2152572668023116,1,False
28,5,Kel Mitchell,S28_Kel Mitchell __ Witney Carson,26.0,0.1146769953042874,3,3,6,0.1209302325581395,0.2356072278624269,1,False
28,5,Lauren Alaina,S28_Lauren Alaina __ Gleb Savchenko,23.0,0.0751531801579406,7,9,16,0.1069767441860465,0.1821299243439871,1,False
28,5,Sailor Brinkley-Cook,S28_Sailor Brinkley-Cook __ Valentin Chmerkovskiy,24.0,0.1372479600318945,6,2,8,0.1116279069767441,0.2488758670086386,1,False
28,5,Sean Spicer,S28_Sean Spicer __ Lindsay Arnold,19.0,0.1559911590194927,9,1,10,0.0883720930232558,0.2443632520427485,1,False
28,7,Ally Brooke,S28_Ally Brooke __ Sasha Farber,27.0,0.1241559217893029,1,5,6,0.1336633663366336,0.2578192881259366,1,False
28,7,Hannah Brown,S28_Hannah Brown __ Alan Bersten,26.0,0.1397852131273099,4,2,6,0.1287128712871287,0.2684980844144386,1,False
28,7,James Van Der Beek,S28_James Van Der Beek __ Emma Slater,27.0,0.0773139190323421,2,7,9,0.1336633663366336,0.2109772853689757,1,False
28,7,Karamo Brown,S28_Karamo Brown __ Jenna Johnson,24.5,0.1186372940786736,6,6,12,0.1212871287128712,0.2399244227915448,1,False
28,7,Kate Flannery,S28_Kate Flannery __ Pasha Pashkov,24.0,0.1275646239481242,7,4,11,0.1188118811881188,0.246376505136243,1,False
28,7,Kel Mitchell,S28_Kel Mitchell __ Witney Carson,25.5,0.1388174142805557,5,3,8,0.1262376237623762,0.2650550380429319,1,False
28,7,Lauren Alaina,S28_Lauren Alaina __ Gleb Savchenko,27.0,0.075240067887217,3,8,11,0.1336633663366336,0.2089034342238506,1,False
28,7,Sean Spicer,S28_Sean Spicer __ Lindsay Arnold,21.0,0.1984855458564745,8,1,9,0.1039603960396039,0.3024459418960784,1,False
28,8,Ally Brooke,S28_Ally Brooke __ Sasha Farber,30.0,0.1087984295187686,3,5,8,0.1554410588230417,0.2642394883418103,1,False
28,8,Hannah Brown,S28_Hannah Brown __ Alan Bersten,30.9998,0.1803807968029323,2,2,4,0.160621391176751,0.3410021879796833,1,False
28,8,James Van Der Beek,S28_James Van Der Beek __ Emma Slater,31.9998,0.0783388929389194,1,7,8,0.1658027598041857,0.2441416527431051,1,False
28,8,Kate Flannery,S28_Kate Flannery __ Pasha Pashkov,25.9998,0.1082937051386233,5,6,11,0.1347145480395773,0.2430082531782006,1,False
28,8,Kel Mitchell,S28_Kel Mitchell __ Witney Carson,29.9998,0.1158460325781314,4,3,7,0.1554400225493162,0.2712860551274477,1,False
28,8,Lauren Alaina,S28_Lauren Alaina __ Gleb Savchenko,24.0,0.1151532527935541,6,4,10,0.1243528470584334,0.2395060998519875,1,False
28,8,Sean Spicer,S28_Sean Spicer __ Lindsay Arnold,20.0,0.2931888902290706,7,1,8,0.1036273725486945,0.396816262777765,1,False
28,9,Ally Brooke,S28_Ally Brooke __ Sasha Farber,40.0,0.102266911877792,1,6,7,0.1918465227817745,0.2941134346595666,1,False
28,9,Hannah Brown,S28_Hannah Brown __ Alan Bersten,35.5,0.1364900859859559,4,3,7,0.1702637889688249,0.3067538749547808,1,False
28,9,James Van Der Beek,S28_James Van Der Beek __ Emma Slater,36.0,0.1290208169374385,3,4,7,0.1726618705035971,0.3016826874410356,1,False
28,9,Kel Mitchell,S28_Kel Mitchell __ Witney Carson,37.0,0.1239088568311014,2,5,7,0.1774580335731415,0.3013668904042429,1,False
28,9,Lauren Alaina,S28_Lauren Alaina __ Gleb Savchenko,35.0,0.1866530224668654,5,2,7,0.1678657074340527,0.3545187299009181,1,False
28,9,Sean Spicer,S28_Sean Spicer __ Lindsay Arnold,25.0,0.3216603059008466,6,1,7,0.1199040767386091,0.4415643826394557,1,False
28,10,Ally Brooke,S28_Ally Brooke __ Sasha Farber,29.5,0.1687659367507204,1,4,5,0.2145454545454545,0.383311391296175,1,False
28,10,Hannah Brown,S28_Hannah Brown __ Alan Bersten,27.0,0.2351057762063725,3,2,5,0.1963636363636363,0.4314694125700088,1,False
28,10,James Van Der Beek,S28_James Van Der Beek __ Emma Slater,25.5,0.113980406133291,5,5,10,0.1854545454545454,0.2994349515878364,1,False
28,10,Kel Mitchell,S28_Kel Mitchell __ Witney Carson,28.5,0.2159521076493359,2,3,5,0.2072727272727272,0.4232248349220632,1,False
28,10,Lauren Alaina,S28_Lauren Alaina __ Gleb Savchenko,27.0,0.2661957732602801,4,1,5,0.1963636363636363,0.4625594096239164,1,False
29,3,AJ McLean,S29_AJ McLean __ Cheryl Burke,21.0,0.0616657253311722,7,9,16,0.0747330960854092,0.1363988214165814,1,False
29,3,Anne Heche,S29_Anne Heche __ Keo Motsepe,15.0,0.0721327370098749,13,6,19,0.0533807829181494,0.1255135199280243,1,False
29,3,Carole Baskin,S29_Carole Baskin __ Pasha Pashkov,12.0,0.0529885731010383,14,14,28,0.0427046263345195,0.0956931994355578,1,False
29,3,Chrishell Stause,S29_Chrishell Stause __ Gleb Savchenko,22.0,0.0957945437298422,4,2,6,0.0782918149466192,0.1740863586764614,1,False
29,3,Jeannie Mai,S29_Jeannie Mai __ Brandon Armstrong,22.0,0.0563167744404694,5,12,17,0.0782918149466192,0.1346085893870886,1,False
29,3,Jesse Metcalfe,S29_Jesse Metcalfe __ Sharna Burgess,20.0,0.0723718748338807,9,5,14,0.0711743772241993,0.14354625205808,1,False
29,3,Johnny Weir,S29_Johnny Weir __ Britt Stewart,24.0,0.0777911911644002,1,4,5,0.0854092526690391,0.1632004438334393,1,False
29,3,Justina Machado,S29_Justina Machado __ Sasha Farber,19.0,0.0937254736109792,10,3,13,0.0676156583629893,0.1613411319739685,1,False
29,3,Kaitlyn Bristowe,S29_Kaitlyn Bristowe __ Artem Chigvintsev,23.0,0.0645276089237694,3,7,10,0.0818505338078291,0.1463781427315985,1,False
29,3,Monica Aldama,S29_Monica Aldama __ Valentin Chmerkovskiy,21.0,0.0569758997980199,8,11,19,0.0747330960854092,0.1317089958834291,1,False
29,3,Nelly,S29_Nelly __ Daniella Karagach,18.0,0.0628609831223911,11,8,19,0.0640569395017793,0.1269179226241704,1,False
29,3,Nev Schulman,S29_Nev Schulman __ Jenna Johnson,24.0,0.0543179856652099,2,13,15,0.0854092526690391,0.139727238334249,1,False
29,3,Skai Jackson,S29_Skai Jackson __ Alan Bersten,18.0,0.1192579530879689,12,1,13,0.0640569395017793,0.1833148925897482,1,False
29,3,Veron Davis,S29_Veron Davis __ Peta Murgatroyd,22.0,0.059272676180983,6,10,16,0.0782918149466192,0.1375644911276022,1,False
29,4,AJ McLean,S29_AJ McLean __ Cheryl Burke,24.0,0.065533519473023,3,10,13,0.0797342192691029,0.1452677387421259,1,False
29,4,Anne Heche,S29_Anne Heche __ Keo Motsepe,21.0,0.0507455408313893,10,13,23,0.0697674418604651,0.1205129826918544,1,False
29,4,Chrishell Stause,S29_Chrishell Stause __ Gleb Savchenko,22.0,0.1303600926949144,8,1,9,0.0730897009966777,0.2034497936915921,1,False
29,4,Jeannie Mai,S29_Jeannie Mai __ Brandon Armstrong,21.0,0.0786376956140154,11,5,16,0.0697674418604651,0.1484051374744805,1,False
29,4,Jesse Metcalfe,S29_Jesse Metcalfe __ Sharna Burgess,21.0,0.0548978376540985,12,12,24,0.0697674418604651,0.1246652795145636,1,False
29,4,Johnny Weir,S29_Johnny Weir __ Britt Stewart,24.0,0.0679177838153538,4,8,12,0.0797342192691029,0.1476520030844567,1,False
29,4,Justina Machado,S29_Justina Machado __ Sasha Farber,24.0,0.0680034366867034,5,7,12,0.0797342192691029,0.1477376559558064,1,False
29,4,Kaitlyn Bristowe,S29_Kaitlyn Bristowe __ Artem Chigvintsev,25.0,0.0580370849015275,2,11,13,0.0830564784053156,0.1410935633068431,1,False
29,4,Monica Aldama,S29_Monica Aldama __ Valentin Chmerkovskiy,24.0,0.0881030520475109,6,4,10,0.0797342192691029,0.1678372713166138,1,False
29,4,Nelly,S29_Nelly __ Daniella Karagach,21.0,0.0674017153306677,13,9,22,0.0697674418604651,0.1371691571911328,1,False
29,4,Nev Schulman,S29_Nev Schulman __ Jenna Johnson,24.0,0.0882839585906735,7,3,10,0.0797342192691029,0.1680181778597765,1,False
29,4,Skai Jackson,S29_Skai Jackson __ Alan Bersten,28.0,0.1055528243682977,1,2,3,0.0930232558139534,0.1985760801822512,1,False
29,4,Veron Davis,S29_Veron Davis __ Peta Murgatroyd,22.0,0.0765254579918244,9,6,15,0.0730897009966777,0.1496151589885021,1,False
29,5,AJ McLean,S29_AJ McLean __ Cheryl Burke,24.0,0.0756286169129228,5,9,14,0.0836236933797909,0.1592523102927137,1,False
29,5,Chrishell Stause,S29_Chrishell Stause __ Gleb Savchenko,19.0,0.0810313126542596,11,5,16,0.0662020905923344,0.1472334032465941,1,False
29,5,Jeannie Mai,S29_Jeannie Mai __ Brandon Armstrong,24.0,0.0810170899419202,6,6,12,0.0836236933797909,0.1646407833217111,1,False
29,5,Jesse Metcalfe,S29_Jesse Metcalfe __ Sharna Burgess,19.0,0.0768337041236988,12,8,20,0.0662020905923344,0.1430357947160332,1,False
29,5,Johnny Weir,S29_Johnny Weir __ Britt Stewart,29.0,0.0894517101016149,1,2,3,0.1010452961672473,0.1904970062688623,1,False
29,5,Justina Machado,S29_Justina Machado __ Sasha Farber,24.0,0.0780952361807207,7,7,14,0.0836236933797909,0.1617189295605116,1,False
29,5,Kaitlyn Bristowe,S29_Kaitlyn Bristowe __ Artem Chigvintsev,27.0,0.0751468953612033,2,10,12,0.0940766550522648,0.1692235504134681,1,False
29,5,Monica Aldama,S29_Monica Aldama __ Valentin Chmerkovskiy,26.0,0.0823494283980979,3,4,7,0.0905923344947735,0.1729417628928714,1,False
29,5,Nelly,S29_Nelly __ Daniella Karagach,24.0,0.0597714520009685,8,12,20,0.0836236933797909,0.1433951453807594,1,False
29,5,Nev Schulman,S29_Nev Schulman __ Jenna Johnson,26.0,0.0717647952482119,4,11,15,0.0905923344947735,0.1623571297429854,1,False
29,5,Skai Jackson,S29_Skai Jackson __ Alan Bersten,24.0,0.1442697989358776,9,1,10,0.0836236933797909,0.2278934923156685,1,False
29,5,Veron Davis,S29_Veron Davis __ Peta Murgatroyd,21.0,0.0846399601405032,10,3,13,0.073170731707317,0.1578106918478202,1,False
29,6,AJ McLean,S29_AJ McLean __ Cheryl Burke,27.0,0.0884583163625945,1,5,6,0.1007462686567164,0.1892045850193109,1,False
29,6,Chrishell Stause,S29_Chrishell Stause __ Gleb Savchenko,24.0,0.1128174467114965,7,2,9,0.0895522388059701,0.2023696855174666,1,False
29,6,Jeannie Mai,S29_Jeannie Mai __ Brandon Armstrong,25.0,0.1197685847339699,6,1,7,0.0932835820895522,0.2130521668235221,1,False
29,6,Johnny Weir,S29_Johnny Weir __ Britt Stewart,22.0,0.0875703386390844,9,6,15,0.0820895522388059,0.1696598908778903,1,False
29,6,Justina Machado,S29_Justina Machado __ Sasha Farber,27.0,0.0643411012981565,2,11,13,0.1007462686567164,0.1650873699548729,1,False
29,6,Kaitlyn Bristowe,S29_Kaitlyn Bristowe __ Artem Chigvintsev,27.0,0.0820189460744732,3,7,10,0.1007462686567164,0.1827652147311896,1,False
29,6,Monica Aldama,S29_Monica Aldama __ Valentin Chmerkovskiy,27.0,0.0778184979056981,4,8,12,0.1007462686567164,0.1785647665624145,1,False
29,6,Nelly,S29_Nelly __ Daniella Karagach,24.0,0.1075517322316433,8,4,12,0.0895522388059701,0.1971039710376134,1,False
29,6,Nev Schulman,S29_Nev Schulman __ Jenna Johnson,26.0,0.0776903664478648,5,9,14,0.0970149253731343,0.1747052918209991,1,False
29,6,Skai Jackson,S29_Skai Jackson __ Alan Bersten,18.0,0.1094320845639987,11,3,14,0.0671641791044776,0.1765962636684763,1,False
29,6,Veron Davis,S29_Veron Davis __ Peta Murgatroyd,21.0,0.0725325850310198,10,10,20,0.0783582089552238,0.1508907939862436,1,False
29,7,AJ McLean,S29_AJ McLean __ Cheryl Burke,26.0,0.0905240909246946,5,6,11,0.1,0.1905240909246946,1,False
29,7,Chrishell Stause,S29_Chrishell Stause __ Gleb Savchenko,26.0,0.1084508947405076,6,3,9,0.1,0.2084508947405076,1,False
29,7,Jeannie Mai,S29_Jeannie Mai __ Brandon Armstrong,25.0,0.0766502830116931,8,8,16,0.0961538461538461,0.1728041291655392,1,False
29,7,Johnny Weir,S29_Johnny Weir __ Britt Stewart,27.0,0.069541077764292,2,10,12,0.1038461538461538,0.1733872316104458,1,False
29,7,Justina Machado,S29_Justina Machado __ Sasha Farber,26.0,0.0854939404731836,7,7,14,0.1,0.1854939404731836,1,False
29,7,Kaitlyn Bristowe,S29_Kaitlyn Bristowe __ Artem Chigvintsev,24.0,0.0928001915044607,9,5,14,0.0923076923076923,0.185107883812153,1,False
29,7,Monica Aldama,S29_Monica Aldama __ Valentin Chmerkovskiy,22.0,0.1024493958180321,10,4,14,0.0846153846153846,0.1870647804334167,1,False
29,7,Nelly,S29_Nelly __ Daniella Karagach,27.0,0.1478304700262385,3,2,5,0.1038461538461538,0.2516766238723923,1,False
29,7,Nev Schulman,S29_Nev Schulman __ Jenna Johnson,30.0,0.0761854856122273,1,9,10,0.1153846153846153,0.1915701009968426,1,False
29,7,Skai Jackson,S29_Skai Jackson __ Alan Bersten,27.0,0.1500741701246701,4,1,5,0.1038461538461538,0.2539203239708239,1,False
29,8,AJ McLean,S29_AJ McLean __ Cheryl Burke,27.0,0.1137224083706116,5,5,10,0.1216218407600734,0.235344249130685,2,False
29,8,Chrishell Stause,S29_Chrishell Stause __ Gleb Savchenko,27.0,0.1050020440729314,6,6,12,0.1216218407600734,0.2266238848330048,2,False
29,8,Johnny Weir,S29_Johnny Weir __ Britt Stewart,30.0,0.096866180077926,1,7,8,0.1351353786223038,0.2320015587002298,2,False
29,8,Justina Machado,S29_Justina Machado __ Sasha Farber,28.9998,0.1396483360551958,3,4,7,0.1306299650990362,0.270278301154232,2,False
29,8,Kaitlyn Bristowe,S29_Kaitlyn Bristowe __ Artem Chigvintsev,28.0,0.1538730436043445,4,2,6,0.1261263533808169,0.2799993969851614,2,False
29,8,Nelly,S29_Nelly __ Daniella Karagach,24.0,0.1484955506834935,8,3,11,0.108108302897843,0.2566038535813365,2,False
29,8,Nev Schulman,S29_Nev Schulman __ Jenna Johnson,30.0,0.0878920155764785,2,8,10,0.1351353786223038,0.2230273941987823,2,False
29,8,Skai Jackson,S29_Skai Jackson __ Alan Bersten,26.9998,0.1545004215590184,7,1,8,0.1216209398575493,0.2761213614165677,2,False
29,9,AJ McLean,S29_AJ McLean __ Cheryl Burke,24.9998,0.1239358734747941,6,6,12,0.1295331794121426,0.2534690528869368,1,False
29,9,Johnny Weir,S29_Johnny Weir __ Britt Stewart,30.0,0.1337791296403979,1,4,5,0.1554410588230417,0.2892201884634396,1,False
29,9,Justina Machado,S29_Justina Machado __ Sasha Farber,25.9998,0.1240079702095489,5,5,10,0.1347145480395774,0.2587225182491263,1,False
29,9,Kaitlyn Bristowe,S29_Kaitlyn Bristowe __ Artem Chigvintsev,30.0,0.1438505297313712,2,3,5,0.1554410588230417,0.2992915885544129,1,False
29,9,Nelly,S29_Nelly __ Daniella Karagach,24.0,0.1795842299943379,7,2,9,0.1243528470584334,0.3039370770527713,1,False
29,9,Nev Schulman,S29_Nev Schulman __ Jenna Johnson,28.9998,0.0898465070506593,3,7,10,0.1502586539218815,0.2401051609725408,1,False
29,9,Skai Jackson,S29_Skai Jackson __ Alan Bersten,28.9998,0.2049957598988903,4,1,5,0.1502586539218815,0.3552544138207718,1,False
29,10,Johnny Weir,S29_Johnny Weir __ Britt Stewart,28.5,0.1318142127727323,4,5,9,0.1637931034482758,0.2956073162210081,1,False
29,10,Justina Machado,S29_Justina Machado __ Sasha Farber,29.0,0.1929133679891259,3,2,5,0.1666666666666666,0.3595800346557926,1,False
29,10,Kaitlyn Bristowe,S29_Kaitlyn Bristowe __ Artem Chigvintsev,30.0,0.1664557908475926,1,4,5,0.1724137931034483,0.3388695839510409,1,False
29,10,Nelly,S29_Nelly __ Daniella Karagach,28.0,0.2199106270380729,6,1,7,0.160919540229885,0.3808301672679579,1,False
29,10,Nev Schulman,S29_Nev Schulman __ Jenna Johnson,30.0,0.1101564613202215,2,6,8,0.1724137931034483,0.2825702544236698,1,False
29,10,Skai Jackson,S29_Skai Jackson __ Alan Bersten,28.5,0.1787495400322547,5,3,8,0.1637931034482758,0.3425426434805305,1,False
30,3,Amanda Kloots,S30_Amanda Kloots __ Alan Bersten,24.0,0.0704864331907366,1,8,9,0.0805369127516778,0.1510233459424144,1,False
30,3,Brian Austin Green,S30_Brian Austin Green __ Sharna Burgess,19.0,0.0712062118200823,12,7,19,0.0637583892617449,0.1349646010818272,1,False
30,3,Christine Chiu,S30_Christine Chiu __ Pasha Pashkov,21.0,0.0528188964884053,7,12,19,0.0704697986577181,0.1232886951461234,1,False
30,3,Cody Rigsby,S30_Cody Rigsby __ Cheryl Burke,18.0,0.0814873430479576,14,5,19,0.0604026845637583,0.1418900276117159,1,False
30,3,Iman Shumpert,S30_Iman Shumpert __ Daniella Karagach,19.0,0.0909916724213253,13,2,15,0.0637583892617449,0.1547500616830702,1,False
30,3,Jimmie Allen,S30_Jimmie Allen __ Emma Slater,20.0,0.0841822495457069,10,4,14,0.0671140939597315,0.1512963435054384,1,False
30,3,JoJo Siwa,S30_JoJo Siwa __ Jenna Johnson,24.0,0.0611647430225617,2,10,12,0.0805369127516778,0.1417016557742395,1,False
30,3,Kenya Moore,S30_Kenya Moore __ Brandon Armstrong,21.0,0.0797999105315774,8,6,14,0.0704697986577181,0.1502697091892955,1,False
30,3,Matt James,S30_Matt James __ Lindsay Arnold,20.0,0.087304776309681,11,3,14,0.0671140939597315,0.1544188702694125,1,False
30,3,Melanie C,S30_Melanie C __ Gleb Savchenko,22.0,0.0338092089820675,5,14,19,0.0738255033557047,0.1076347123377721,1,False
30,3,Melora Hardin,S30_Melora Hardin __ Artem Chigvintsev,23.0,0.0599651244923711,4,11,15,0.0771812080536912,0.1371463325460623,1,False
30,3,"Mike ""The Miz"" Mizanin","S30_Mike ""The Miz"" Mizanin __ Witney Carson",22.0,0.0481005221209113,6,13,19,0.0738255033557047,0.121926025476616,1,False
30,3,Olivia Jade,S30_Olivia Jade __ Valentin Chmerkovskiy,24.0,0.0618254229193302,3,9,12,0.0805369127516778,0.142362335671008,1,False
30,3,Suni Lee,S30_Suni Lee __ Sasha Farber,21.0,0.1168574851072852,9,1,10,0.0704697986577181,0.1873272837650033,1,False
30,4,Amanda Kloots,S30_Amanda Kloots __ Alan Bersten,34.0,0.0993335205992531,4,3,7,0.0815347721822542,0.1808682927815073,1,False
30,4,Brian Austin Green,S30_Brian Austin Green __ Sharna Burgess,26.0,0.0983187720074359,13,5,18,0.0623501199040767,0.1606688919115126,1,False
30,4,Cody Rigsby,S30_Cody Rigsby __ Cheryl Burke,29.0,0.1017846836190368,11,2,13,0.0695443645083932,0.17132904812743,1,False
30,4,Iman Shumpert,S30_Iman Shumpert __ Daniella Karagach,31.5,0.1098803205927896,9,1,10,0.0755395683453237,0.1854198889381133,1,False
30,4,Jimmie Allen,S30_Jimmie Allen __ Emma Slater,32.5,0.0831185249253455,7,7,14,0.0779376498800959,0.1610561748054414,1,False
30,4,JoJo Siwa,S30_JoJo Siwa __ Jenna Johnson,35.0,0.0450149474704897,2,11,13,0.0839328537170263,0.1289478011875161,1,False
30,4,Kenya Moore,S30_Kenya Moore __ Brandon Armstrong,29.5,0.0988383839760384,10,4,14,0.0707434052757793,0.1695817892518177,1,False
30,4,Matt James,S30_Matt James __ Lindsay Arnold,28.5,0.0942140933155173,12,6,18,0.0683453237410072,0.1625594170565245,1,False
30,4,Melanie C,S30_Melanie C __ Gleb Savchenko,33.0,0.06617327829093,6,9,15,0.079136690647482,0.145309968938412,1,False
30,4,Melora Hardin,S30_Melora Hardin __ Artem Chigvintsev,36.5,0.0314428096217511,1,13,14,0.0875299760191846,0.1189727856409357,1,False
30,4,"Mike ""The Miz"" Mizanin","S30_Mike ""The Miz"" Mizanin __ Witney Carson",32.5,0.0808866859952177,8,8,16,0.0779376498800959,0.1588243358753136,1,False
30,4,Olivia Jade,S30_Olivia Jade __ Valentin Chmerkovskiy,35.0,0.0362903826655004,3,12,15,0.0839328537170263,0.1202232363825267,1,False
30,4,Suni Lee,S30_Suni Lee __ Sasha Farber,34.0,0.0547035969206938,5,10,15,0.0815347721822542,0.136238369102948,1,False
30,5,Amanda Kloots,S30_Amanda Kloots __ Alan Bersten,39.0,0.0816578539806119,2,6,8,0.1012987012987013,0.1829565552793132,2,False
30,5,Cody Rigsby,S30_Cody Rigsby __ Cheryl Burke,32.0,0.182512263346205,9,1,10,0.0831168831168831,0.2656291464630881,2,False
30,5,Iman Shumpert,S30_Iman Shumpert __ Daniella Karagach,28.0,0.11270216821783,11,3,14,0.0727272727272727,0.1854294409451027,2,False
30,5,Jimmie Allen,S30_Jimmie Allen __ Emma Slater,34.0,0.1135328259231494,8,2,10,0.0883116883116883,0.2018445142348377,2,False
30,5,JoJo Siwa,S30_JoJo Siwa __ Jenna Johnson,40.0,0.0447172115730212,1,11,12,0.1038961038961039,0.1486133154691251,2,False
30,5,Kenya Moore,S30_Kenya Moore __ Brandon Armstrong,36.0,0.095120670074916,3,4,7,0.0935064935064935,0.1886271635814095,2,False
30,5,Melanie C,S30_Melanie C __ Gleb Savchenko,36.0,0.0584568520662564,4,10,14,0.0935064935064935,0.1519633455727499,2,False
30,5,Melora Hardin,S30_Melora Hardin __ Artem Chigvintsev,36.0,0.0727189099667419,5,9,14,0.0935064935064935,0.1662254034732354,2,False
30,5,"Mike ""The Miz"" Mizanin","S30_Mike ""The Miz"" Mizanin __ Witney Carson",32.0,0.0819470287316083,10,5,15,0.0831168831168831,0.1650639118484914,2,False
30,5,Olivia Jade,S30_Olivia Jade __ Valentin Chmerkovskiy,36.0,0.0776285764613978,6,8,14,0.0935064935064935,0.1711350699678913,2,False
30,5,Suni Lee,S30_Suni Lee __ Sasha Farber,36.0,0.0790056396582615,7,7,14,0.0935064935064935,0.172512133164755,2,False
30,6,Amanda Kloots,S30_Amanda Kloots __ Alan Bersten,38.0,0.0716875831698461,3,7,10,0.1043956043956044,0.1760831875654505,1,False
30,6,Cody Rigsby,S30_Cody Rigsby __ Cheryl Burke,36.0,0.1303169752630068,5,4,9,0.0989010989010989,0.2292180741641057,1,False
30,6,Iman Shumpert,S30_Iman Shumpert __ Daniella Karagach,40.0,0.1575351146968738,1,1,2,0.1098901098901098,0.2674252245869837,1,False
30,6,Jimmie Allen,S30_Jimmie Allen __ Emma Slater,38.0,0.1406701046794886,4,3,7,0.1043956043956044,0.245065709075093,1,False
30,6,JoJo Siwa,S30_JoJo Siwa __ Jenna Johnson,40.0,0.0482033025612841,2,10,12,0.1098901098901098,0.158093412451394,1,False
30,6,Kenya Moore,S30_Kenya Moore __ Brandon Armstrong,32.0,0.0645222798147644,10,8,18,0.0879120879120879,0.1524343677268523,1,False
30,6,Melora Hardin,S30_Melora Hardin __ Artem Chigvintsev,34.0,0.0627211638083836,8,9,17,0.0934065934065934,0.156127757214977,1,False
30,6,"Mike ""The Miz"" Mizanin","S30_Mike ""The Miz"" Mizanin __ Witney Carson",34.0,0.1525496524538425,9,2,11,0.0934065934065934,0.2459562458604359,1,False
30,6,Olivia Jade,S30_Olivia Jade __ Valentin Chmerkovskiy,36.0,0.0870754379649597,6,5,11,0.0989010989010989,0.1859765368660585,1,False
30,6,Suni Lee,S30_Suni Lee __ Sasha Farber,36.0,0.0847183855875498,7,6,13,0.0989010989010989,0.1836194844886486,1,False
30,7,Amanda Kloots,S30_Amanda Kloots __ Alan Bersten,34.0,0.0803728636914505,6,6,12,0.1039755351681957,0.1843483988596462,1,False
30,7,Cody Rigsby,S30_Cody Rigsby __ Cheryl Burke,36.0,0.1637112490162534,5,2,7,0.110091743119266,0.2738029921355194,1,False
30,7,Iman Shumpert,S30_Iman Shumpert __ Daniella Karagach,34.0,0.1539542461391652,7,3,10,0.1039755351681957,0.2579297813073609,1,False
30,7,Jimmie Allen,S30_Jimmie Allen __ Emma Slater,38.0,0.1861403737598367,3,1,4,0.1162079510703364,0.3023483248301731,1,False
30,7,JoJo Siwa,S30_JoJo Siwa __ Jenna Johnson,39.0,0.0711336940054195,2,8,10,0.1192660550458715,0.190399749051291,1,False
30,7,Melora Hardin,S30_Melora Hardin __ Artem Chigvintsev,38.0,0.0547270793836635,4,9,13,0.1162079510703364,0.1709350304539998,1,False
30,7,"Mike ""The Miz"" Mizanin","S30_Mike ""The Miz"" Mizanin __ Witney Carson",32.0,0.1317154497170437,9,4,13,0.0978593272171253,0.229574776934169,1,False
30,7,Olivia Jade,S30_Olivia Jade __ Valentin Chmerkovskiy,42.0,0.0739873304053083,1,7,8,0.128440366972477,0.2024276973777853,1,False
30,7,Suni Lee,S30_Suni Lee __ Sasha Farber,34.0,0.0842577138818588,8,5,13,0.1039755351681957,0.1882332490500545,1,False
30,8,Amanda Kloots,S30_Amanda Kloots __ Alan Bersten,42.0,0.0822226731966451,1,8,9,0.1363636363636363,0.2185863095602814,1,False
30,8,Cody Rigsby,S30_Cody Rigsby __ Cheryl Burke,38.0,0.2104854240856764,5,1,6,0.1233766233766233,0.3338620474622997,1,False
30,8,Iman Shumpert,S30_Iman Shumpert __ Daniella Karagach,35.0,0.1712561353627652,7,2,9,0.1136363636363636,0.2848924989991288,1,False
30,8,Jimmie Allen,S30_Jimmie Allen __ Emma Slater,32.0,0.1427894659725283,8,3,11,0.1038961038961039,0.2466855698686322,1,False
30,8,JoJo Siwa,S30_JoJo Siwa __ Jenna Johnson,41.0,0.102002722254238,4,5,9,0.1331168831168831,0.2351196053711211,1,False
30,8,Melora Hardin,S30_Melora Hardin __ Artem Chigvintsev,42.0,0.0825081883994953,2,7,9,0.1363636363636363,0.2188718247631316,1,False
30,8,Olivia Jade,S30_Olivia Jade __ Valentin Chmerkovskiy,36.0,0.0960450695938019,6,6,12,0.1168831168831168,0.2129281864769187,1,False
30,8,Suni Lee,S30_Suni Lee __ Sasha Farber,42.0,0.1126903211348494,3,4,7,0.1363636363636363,0.2490539574984857,1,False
30,9,Amanda Kloots,S30_Amanda Kloots __ Alan Bersten,39.5,0.116206880316654,2,5,7,0.1747787610619469,0.2909856413786009,2,False
30,9,Cody Rigsby,S30_Cody Rigsby __ Cheryl Burke,35.5,0.2539914616096757,6,1,7,0.1570796460176991,0.4110711076273747,2,False
30,9,Iman Shumpert,S30_Iman Shumpert __ Daniella Karagach,37.5,0.2186114671662814,3,2,5,0.165929203539823,0.3845406707061044,2,False
30,9,JoJo Siwa,S30_JoJo Siwa __ Jenna Johnson,40.0,0.1555401120844021,1,3,4,0.1769911504424778,0.33253126252688,2,False
30,9,Melora Hardin,S30_Melora Hardin __ Artem Chigvintsev,36.0,0.1089201681243268,5,6,11,0.1592920353982301,0.2682122035225568,2,False
30,9,Suni Lee,S30_Suni Lee __ Sasha Farber,37.5,0.1467299106986599,4,4,8,0.165929203539823,0.3126591142384829,2,False
31,2,Charli D'Amelio,S31_Charli D'Amelio __ Mark Ballas,32.0,0.0504235067808425,1,14,15,0.0776699029126213,0.1280934096934638,1,False
31,2,Cheryl Ladd,S31_Cheryl Ladd __ Louis van Amstel,21.0,0.0664932039567861,15,7,22,0.0509708737864077,0.1174640777431938,1,False
31,2,Daniel Durant,S31_Daniel Durant __ Britt Stewart,29.0,0.0259531475661015,5,15,20,0.0703883495145631,0.0963414970806646,1,False
31,2,Gabby Windey,S31_Gabby Windey __ Valentin Chmerkovskiy,32.0,0.0953299870072237,2,2,4,0.0776699029126213,0.172999889919845,1,False
31,2,Heidi D'Amelio,S31_Heidi D'Amelio __ Artem Chigvintsev,28.0,0.0575442316794176,6,10,16,0.0679611650485436,0.1255053967279613,1,False
31,2,Jessie James Decker,S31_Jessie James Decker __ Alan Bersten,25.0,0.0633118837906999,12,8,20,0.0606796116504854,0.1239914954411853,1,False
31,2,Jordin Sparks,S31_Jordin Sparks __ Brandon Armstrong,27.0,0.0555745019264114,9,11,20,0.0655339805825242,0.1211084825089356,1,False
31,2,Joseph Baena,S31_Joseph Baena __ Daniella Karagach,24.0,0.1217888459504326,13,1,14,0.058252427184466,0.1800412731348986,1,False
31,2,Sam Champion,S31_Sam Champion __ Cheryl Burke,26.0,0.0592118732577594,11,9,20,0.0631067961165048,0.1223186693742642,1,False
31,2,Selma Blair,S31_Selma Blair __ Sasha Farber,28.0,0.0735763057160073,7,5,12,0.0679611650485436,0.1415374707645509,1,False
31,2,Shangela,S31_Shangela __ Gleb Savchenko,28.0,0.0784716220792043,8,3,11,0.0679611650485436,0.146432787127748,1,False
31,2,Teresa Giudice,S31_Teresa Giudice __ Pasha Pashkov,23.0,0.0540914028824362,14,12,26,0.0558252427184466,0.1099166456008828,1,False
31,2,Trevor Donovan,S31_Trevor Donovan __ Emma Slater,30.0,0.071899172406956,4,6,10,0.0728155339805825,0.1447147063875385,1,False
31,2,Vinny Guadagnino,S31_Vinny Guadagnino __ Koko Iwasaki,27.0,0.0738022037846676,10,4,14,0.0655339805825242,0.1393361843671918,1,False
31,2,Wayne Brady,S31_Wayne Brady __ Witney Carson,32.0,0.0525281112150531,3,13,16,0.0776699029126213,0.1301980141276744,1,False
31,3,Charli D'Amelio,S31_Charli D'Amelio __ Mark Ballas,33.0,0.0541000421862314,1,12,13,0.0818858560794044,0.1359858982656358,1,False
31,3,Cheryl Ladd,S31_Cheryl Ladd __ Louis van Amstel,24.0,0.0497163154651012,13,13,26,0.0595533498759305,0.1092696653410317,1,False
31,3,Daniel Durant,S31_Daniel Durant __ Britt Stewart,31.0,0.0650811072040334,5,9,14,0.0769230769230769,0.1420041841271103,1,False
31,3,Gabby Windey,S31_Gabby Windey __ Valentin Chmerkovskiy,33.0,0.0572800414316376,2,11,13,0.0818858560794044,0.139165897511042,1,False
31,3,Heidi D'Amelio,S31_Heidi D'Amelio __ Artem Chigvintsev,32.0,0.0672891194400577,4,7,11,0.0794044665012407,0.1466935859412984,1,False
31,3,Jessie James Decker,S31_Jessie James Decker __ Alan Bersten,26.0,0.0695997029762851,11,6,17,0.064516129032258,0.1341158320085431,1,False
31,3,Jordin Sparks,S31_Jordin Sparks __ Brandon Armstrong,29.0,0.0573653807662224,7,10,17,0.0719602977667493,0.1293256785329717,1,False
31,3,Joseph Baena,S31_Joseph Baena __ Daniella Karagach,29.0,0.0995290008948235,8,3,11,0.0719602977667493,0.1714892986615728,1,False
31,3,Sam Champion,S31_Sam Champion __ Cheryl Burke,25.0,0.0733117361517531,12,5,17,0.0620347394540942,0.1353464756058474,1,False
31,3,Selma Blair,S31_Selma Blair __ Sasha Farber,28.0,0.0494804027720294,9,14,23,0.0694789081885856,0.118959310960615,1,False
31,3,Shangela,S31_Shangela __ Gleb Savchenko,30.0,0.0669248238717312,6,8,14,0.0744416873449131,0.1413665112166443,1,False
31,3,Trevor Donovan,S31_Trevor Donovan __ Emma Slater,27.0,0.1108478866694752,10,1,11,0.0669975186104218,0.177845405279897,1,False
31,3,Vinny Guadagnino,S31_Vinny Guadagnino __ Koko Iwasaki,23.0,0.1044755283184186,14,2,16,0.0570719602977667,0.1615474886161853,1,False
31,3,Wayne Brady,S31_Wayne Brady __ Witney Carson,33.0,0.0749989118521994,3,4,7,0.0818858560794044,0.1568847679316038,1,False
31,4,Charli D'Amelio,S31_Charli D'Amelio __ Mark Ballas,36.0,0.0739796914368125,1,9,10,0.0878048780487804,0.161784569485593,1,False
31,4,Daniel Durant,S31_Daniel Durant __ Britt Stewart,29.0,0.07819469219833,9,8,17,0.0707317073170731,0.1489263995154031,1,False
31,4,Gabby Windey,S31_Gabby Windey __ Valentin Chmerkovskiy,36.0,0.0414304775255757,2,13,15,0.0878048780487804,0.1292353555743561,1,False
31,4,Heidi D'Amelio,S31_Heidi D'Amelio __ Artem Chigvintsev,34.0,0.0516831405078226,4,12,16,0.0829268292682926,0.1346099697761152,1,False
31,4,Jessie James Decker,S31_Jessie James Decker __ Alan Bersten,31.0,0.0898236701462704,8,4,12,0.0756097560975609,0.1654334262438314,1,False
31,4,Jordin Sparks,S31_Jordin Sparks __ Brandon Armstrong,34.0,0.0538220279693936,5,11,16,0.0829268292682926,0.1367488572376863,1,False
31,4,Joseph Baena,S31_Joseph Baena __ Daniella Karagach,28.0,0.1007323062664184,11,3,14,0.0682926829268292,0.1690249891932476,1,False
31,4,Sam Champion,S31_Sam Champion __ Cheryl Burke,25.0,0.0823396600084453,13,6,19,0.0609756097560975,0.1433152697645428,1,False
31,4,Selma Blair,S31_Selma Blair __ Sasha Farber,32.0,0.0542304322467964,6,10,16,0.0780487804878048,0.1322792127346012,1,False
31,4,Shangela,S31_Shangela __ Gleb Savchenko,32.0,0.0787502920078384,7,7,14,0.0780487804878048,0.1567990724956433,1,False
31,4,Trevor Donovan,S31_Trevor Donovan __ Emma Slater,28.0,0.1103293185935645,12,1,13,0.0682926829268292,0.1786220015203937,1,False
31,4,Vinny Guadagnino,S31_Vinny Guadagnino __ Koko Iwasaki,29.0,0.1023345112535554,10,2,12,0.0707317073170731,0.1730662185706285,1,False
31,4,Wayne Brady,S31_Wayne Brady __ Witney Carson,36.0,0.0823497798391763,3,5,8,0.0878048780487804,0.1701546578879567,1,False
31,5,Charli D'Amelio,S31_Charli D'Amelio __ Mark Ballas,42.0,0.0589814488213774,1,11,12,0.0936454849498327,0.1526269337712101,1,False
31,5,Daniel Durant,S31_Daniel Durant __ Britt Stewart,33.5,0.0800900876127575,11,5,16,0.0746934225195094,0.154783510132267,1,False
31,5,Gabby Windey,S31_Gabby Windey __ Valentin Chmerkovskiy,41.0,0.0630400769708457,2,9,11,0.0914158305462653,0.154455907517111,1,False
31,5,Heidi D'Amelio,S31_Heidi D'Amelio __ Artem Chigvintsev,39.0,0.0742287841538588,5,8,13,0.0869565217391304,0.1611853058929892,1,False
31,5,Jessie James Decker,S31_Jessie James Decker __ Alan Bersten,36.0,0.1361982295635098,7,1,8,0.0802675585284281,0.2164657880919379,1,False
31,5,Jordin Sparks,S31_Jordin Sparks __ Brandon Armstrong,35.5,0.1091219195605352,9,3,12,0.0791527313266443,0.1882746508871795,1,False
31,5,Joseph Baena,S31_Joseph Baena __ Daniella Karagach,35.0,0.0775187018381276,10,7,17,0.0780379041248606,0.1555566059629882,1,False
31,5,Selma Blair,S31_Selma Blair __ Sasha Farber,40.0,0.0462944165375185,4,12,16,0.0891861761426978,0.1354805926802164,1,False
31,5,Shangela,S31_Shangela __ Gleb Savchenko,38.5,0.0791044166835277,6,6,12,0.0858416945373467,0.1649461112208744,1,False
31,5,Trevor Donovan,S31_Trevor Donovan __ Emma Slater,36.0,0.1046794647847642,8,4,12,0.0802675585284281,0.1849470233131923,1,False
31,5,Vinny Guadagnino,S31_Vinny Guadagnino __ Koko Iwasaki,31.0,0.1094344865786901,12,2,14,0.0691192865105908,0.1785537730892809,1,False
31,5,Wayne Brady,S31_Wayne Brady __ Witney Carson,41.0,0.0613079668944866,3,10,13,0.0914158305462653,0.1527237974407519,1,False
31,6,Charli D'Amelio,S31_Charli D'Amelio __ Mark Ballas,40.0,0.0252835270107807,1,10,11,0.1159420289855072,0.1412255559962879,2,False
31,6,Daniel Durant,S31_Daniel Durant __ Britt Stewart,34.0,0.1260433570740906,5,3,8,0.0985507246376811,0.2245940817117717,2,False
31,6,Gabby Windey,S31_Gabby Windey __ Valentin Chmerkovskiy,37.0,0.0487403953859878,2,8,10,0.1072463768115942,0.155986772197582,2,False
31,6,Heidi D'Amelio,S31_Heidi D'Amelio __ Artem Chigvintsev,36.0,0.1040511984555751,3,5,8,0.1043478260869565,0.2083990245425316,2,False
31,6,Jessie James Decker,S31_Jessie James Decker __ Alan Bersten,32.0,0.099498649363163,9,7,16,0.0927536231884058,0.1922522725515688,2,False
31,6,Jordin Sparks,S31_Jordin Sparks __ Brandon Armstrong,34.0,0.1263009060550079,6,2,8,0.0985507246376811,0.224851630692689,2,False
31,6,Shangela,S31_Shangela __ Gleb Savchenko,36.0,0.1009232493117195,4,6,10,0.1043478260869565,0.205271075398676,2,False
31,6,Trevor Donovan,S31_Trevor Donovan __ Emma Slater,34.0,0.1128645761339049,7,4,11,0.0985507246376811,0.211415300771586,2,False
31,6,Vinny Guadagnino,S31_Vinny Guadagnino __ Koko Iwasaki,28.0,0.2109576607856348,10,1,11,0.081159420289855,0.2921170810754898,2,False
31,6,Wayne Brady,S31_Wayne Brady __ Witney Carson,34.0,0.0453364804241353,8,9,17,0.0985507246376811,0.1438872050618164,2,False
31,7,Charli D'Amelio,S31_Charli D'Amelio __ Mark Ballas,39.0,0.040234173428887,1,9,10,0.1198156682027649,0.1600498416316519,1,False
31,7,Daniel Durant,S31_Daniel Durant __ Britt Stewart,36.5,0.1282364507168807,4,4,8,0.1121351766513056,0.2403716273681863,1,False
31,7,Gabby Windey,S31_Gabby Windey __ Valentin Chmerkovskiy,35.5,0.068276112771711,6,7,13,0.1090629800307219,0.1773390928024329,1,False
31,7,Heidi D'Amelio,S31_Heidi D'Amelio __ Artem Chigvintsev,35.0,0.0776474528868494,7,6,13,0.1075268817204301,0.1851743346072795,1,False
31,7,Jordin Sparks,S31_Jordin Sparks __ Brandon Armstrong,34.5,0.1128207521906398,8,5,13,0.1059907834101382,0.218811535600778,1,False
31,7,Shangela,S31_Shangela __ Gleb Savchenko,36.5,0.1295267851724359,5,3,8,0.1121351766513056,0.2416619618237415,1,False
31,7,Trevor Donovan,S31_Trevor Donovan __ Emma Slater,39.0,0.1683615207002291,2,2,4,0.1198156682027649,0.2881771889029941,1,False
31,7,Vinny Guadagnino,S31_Vinny Guadagnino __ Koko Iwasaki,31.5,0.211081463881996,9,1,10,0.0967741935483871,0.3078556574303831,1,False
31,7,Wayne Brady,S31_Wayne Brady __ Witney Carson,38.0,0.0638152882503709,3,8,11,0.1167434715821812,0.1805587598325521,1,False
31,8,Charli D'Amelio,S31_Charli D'Amelio __ Mark Ballas,45.0,0.0883610827504924,1,7,8,0.143312101910828,0.2316731846613204,1,False
31,8,Daniel Durant,S31_Daniel Durant __ Britt Stewart,39.0,0.1502030948663194,5,3,8,0.1242038216560509,0.2744069165223703,1,False
31,8,Gabby Windey,S31_Gabby Windey __ Valentin Chmerkovskiy,40.0,0.0983391307360909,4,6,10,0.1273885350318471,0.225727665767938,1,False
31,8,Heidi D'Amelio,S31_Heidi D'Amelio __ Artem Chigvintsev,35.0,0.1100231671745195,7,5,12,0.1114649681528662,0.2214881353273857,1,False
31,8,Shangela,S31_Shangela __ Gleb Savchenko,42.0,0.113726279539256,3,4,7,0.1337579617834395,0.2474842413226954,1,False
31,8,Trevor Donovan,S31_Trevor Donovan __ Emma Slater,39.0,0.1849474175722115,6,1,7,0.1242038216560509,0.3091512392282625,1,False
31,8,Vinny Guadagnino,S31_Vinny Guadagnino __ Koko Iwasaki,29.0,0.1744059124431818,8,2,10,0.0923566878980891,0.266762600341271,1,False
31,8,Wayne Brady,S31_Wayne Brady __ Witney Carson,45.0,0.0799939149179283,2,8,10,0.143312101910828,0.2233060168287563,1,False
31,9,Charli D'Amelio,S31_Charli D'Amelio __ Mark Ballas,40.0,0.1059975244998272,1,6,7,0.1818181818181818,0.287815706318009,2,False
31,9,Daniel Durant,S31_Daniel Durant __ Britt Stewart,34.5,0.1980792495685651,5,3,8,0.1568181818181818,0.3548974313867469,2,False
31,9,Gabby Windey,S31_Gabby Windey __ Valentin Chmerkovskiy,40.0,0.1348013927702415,2,5,7,0.1818181818181818,0.3166195745884233,2,False
31,9,Shangela,S31_Shangela __ Gleb Savchenko,36.5,0.2108371425429868,3,1,4,0.1659090909090909,0.3767462334520777,2,False
31,9,Trevor Donovan,S31_Trevor Donovan __ Emma Slater,32.5,0.1980808795555082,6,2,8,0.1477272727272727,0.3458081522827809,2,False
31,9,Wayne Brady,S31_Wayne Brady __ Witney Carson,36.5,0.1522038110628711,4,4,8,0.1659090909090909,0.318112901971962,2,False
32,2,Adrian Peterson,S32_Adrian Peterson __ Britt Stewart,15.0,0.0573243943006012,10,11,21,0.0630252100840336,0.1203496043846348,1,False
32,2,Alyson Hannigan,S32_Alyson Hannigan __ Sasha Farber,19.0,0.1058043995613022,6,1,7,0.0798319327731092,0.1856363323344114,1,False
32,2,Ariana Madix,S32_Ariana Madix __ Pasha Pashkov,20.0,0.0874318870599509,5,6,11,0.0840336134453781,0.171465500505329,1,False
32,2,Barry Williams,S32_Barry Williams __ Peta Murgatroyd,15.0,0.0974119605227664,11,4,15,0.0630252100840336,0.1604371706068,1,False
32,2,Charity Lawson,S32_Charity Lawson __ Artem Chigvintsev,21.0,0.0469009337076115,3,12,15,0.088235294117647,0.1351362278252585,1,False
32,2,Harry Jowsey,S32_Harry Jowsey __ Rylee Arnold,15.0,0.0961080741385638,12,5,17,0.0630252100840336,0.1591332842225974,1,False
32,2,Jamie Lynn Spears,S32_Jamie Lynn Spears __ Alan Bersten,16.0,0.0418293318802067,9,13,22,0.0672268907563025,0.1090562226365092,1,False
32,2,Jason Mraz,S32_Jason Mraz __ Daniella Karagach,24.0,0.0662542100740683,1,9,10,0.1008403361344537,0.1670945462085221,1,False
32,2,Lele Pons,S32_Lele Pons __ Brandon Armstrong,21.0,0.0579830035946382,4,10,14,0.088235294117647,0.1462182977122852,1,False
32,2,Mauricio Umansky,S32_Mauricio Umansky __ Emma Slater,12.0,0.0679154966312452,13,7,20,0.0504201680672268,0.118335664698472,1,False
32,2,Mira Sorvino,S32_Mira Sorvino __ Gleb Savchenko,18.0,0.1030710942261725,7,3,10,0.0756302521008403,0.1787013463270128,1,False
32,2,Tyson Beckford,S32_Tyson Beckford __ Jenna Johnson,18.0,0.1048954719303107,8,2,10,0.0756302521008403,0.180525724031151,1,False
32,2,Xochitl Gomez,S32_Xochitl Gomez __ Valentin Chmerkovskiy,24.0,0.0670697423725618,2,8,10,0.1008403361344537,0.1679100785070156,1,False
32,3,Adrian Peterson,S32_Adrian Peterson __ Britt Stewart,22.0,0.0932496855036572,11,4,15,0.0681114551083591,0.1613611406120163,1,False
32,3,Alyson Hannigan,S32_Alyson Hannigan __ Sasha Farber,24.0,0.0679222984541591,8,9,17,0.0743034055727554,0.1422257040269145,1,False
32,3,Ariana Madix,S32_Ariana Madix __ Pasha Pashkov,34.0,0.0475963420995555,1,11,12,0.1052631578947368,0.1528594999942923,1,False
32,3,Barry Williams,S32_Barry Williams __ Peta Murgatroyd,25.0,0.0937078083847033,7,3,10,0.0773993808049535,0.1711071891896568,1,False
32,3,Charity Lawson,S32_Charity Lawson __ Artem Chigvintsev,32.0,0.081062901619889,3,5,8,0.0990712074303405,0.1801341090502295,1,False
32,3,Harry Jowsey,S32_Harry Jowsey __ Rylee Arnold,24.0,0.1574235037966273,9,1,10,0.0743034055727554,0.2317269093693827,1,False
32,3,Jason Mraz,S32_Jason Mraz __ Daniella Karagach,34.0,0.0683982924092364,2,8,10,0.1052631578947368,0.1736614503039732,1,False
32,3,Lele Pons,S32_Lele Pons __ Brandon Armstrong,27.0,0.063695639360178,5,10,15,0.0835913312693498,0.1472869706295278,1,False
32,3,Mauricio Umansky,S32_Mauricio Umansky __ Emma Slater,23.0,0.1284320219834162,10,2,12,0.0712074303405572,0.1996394523239734,1,False
32,3,Mira Sorvino,S32_Mira Sorvino __ Gleb Savchenko,26.0,0.0753859201037948,6,7,13,0.0804953560371517,0.1558812761409465,1,False
32,3,Tyson Beckford,S32_Tyson Beckford __ Jenna Johnson,20.0,0.0807267293743739,12,6,18,0.0619195046439628,0.1426462340183367,1,False
32,3,Xochitl Gomez,S32_Xochitl Gomez __ Valentin Chmerkovskiy,32.0,0.0423988569104088,4,12,16,0.0990712074303405,0.1414700643407493,1,False
32,4,Adrian Peterson,S32_Adrian Peterson __ Britt Stewart,21.0,0.0684005506536407,6,10,16,0.0875,0.1559005506536407,1,False
32,4,Alyson Hannigan,S32_Alyson Hannigan __ Sasha Farber,18.0,0.0916591322444762,10,3,13,0.075,0.1666591322444762,1,False
32,4,Ariana Madix,S32_Ariana Madix __ Pasha Pashkov,25.0,0.0853045632865285,2,7,9,0.1041666666666666,0.1894712299531951,1,False
32,4,Barry Williams,S32_Barry Williams __ Peta Murgatroyd,18.0,0.0895414098714317,11,6,17,0.075,0.1645414098714317,1,False
32,4,Charity Lawson,S32_Charity Lawson __ Artem Chigvintsev,24.0,0.082901305011855,3,8,11,0.1,0.182901305011855,1,False
32,4,Harry Jowsey,S32_Harry Jowsey __ Rylee Arnold,21.0,0.0909240799743535,7,5,12,0.0875,0.1784240799743535,1,False
32,4,Jason Mraz,S32_Jason Mraz __ Daniella Karagach,24.0,0.0794410500801603,4,9,13,0.1,0.1794410500801603,1,False
32,4,Lele Pons,S32_Lele Pons __ Brandon Armstrong,22.0,0.0609618876954553,5,11,16,0.0916666666666666,0.1526285543621219,1,False
32,4,Mauricio Umansky,S32_Mauricio Umansky __ Emma Slater,19.0,0.1315187640698157,9,1,10,0.0791666666666666,0.2106854307364823,1,False
32,4,Mira Sorvino,S32_Mira Sorvino __ Gleb Savchenko,21.0,0.127721922396264,8,2,10,0.0875,0.215221922396264,1,False
32,4,Xochitl Gomez,S32_Xochitl Gomez __ Valentin Chmerkovskiy,27.0,0.0916253347160184,1,4,5,0.1125,0.2041253347160184,1,False
32,5,Alyson Hannigan,S32_Alyson Hannigan __ Sasha Farber,21.0,0.1384286778094047,9,2,11,0.0875,0.2259286778094047,1,False
32,5,Ariana Madix,S32_Ariana Madix __ Pasha Pashkov,24.0,0.0877678686913848,4,6,10,0.1,0.1877678686913848,1,False
32,5,Barry Williams,S32_Barry Williams __ Peta Murgatroyd,24.0,0.1400650403645839,5,1,6,0.1,0.2400650403645839,1,False
32,5,Charity Lawson,S32_Charity Lawson __ Artem Chigvintsev,28.0,0.0646666067470068,1,9,10,0.1166666666666666,0.1813332734136734,1,False
32,5,Harry Jowsey,S32_Harry Jowsey __ Rylee Arnold,18.0,0.1176028519543473,10,5,15,0.075,0.1926028519543473,1,False
32,5,Jason Mraz,S32_Jason Mraz __ Daniella Karagach,27.0,0.0715037570013652,3,8,11,0.1125,0.1840037570013652,1,False
32,5,Lele Pons,S32_Lele Pons __ Brandon Armstrong,24.0,0.1194546015479154,6,3,9,0.1,0.2194546015479154,1,False
32,5,Mauricio Umansky,S32_Mauricio Umansky __ Emma Slater,24.0,0.1193157497385355,7,4,11,0.1,0.2193157497385355,1,False
32,5,Mira Sorvino,S32_Mira Sorvino __ Gleb Savchenko,22.0,0.0835075612916325,8,7,15,0.0916666666666666,0.1751742279582991,1,False
32,5,Xochitl Gomez,S32_Xochitl Gomez __ Valentin Chmerkovskiy,28.0,0.0576872848538234,2,10,12,0.1166666666666666,0.17435395152049,1,False
32,6,Alyson Hannigan,S32_Alyson Hannigan __ Sasha Farber,31.0,0.1261949357197651,8,4,12,0.0962732919254658,0.2224682276452309,1,False
32,6,Ariana Madix,S32_Ariana Madix __ Pasha Pashkov,41.0,0.088429515296737,2,7,9,0.1273291925465838,0.2157587078433208,1,False
32,6,Barry Williams,S32_Barry Williams __ Peta Murgatroyd,32.0,0.1356809094341981,7,1,8,0.0993788819875776,0.2350597914217757,1,False
32,6,Charity Lawson,S32_Charity Lawson __ Artem Chigvintsev,38.0,0.0870156467820083,4,8,12,0.1180124223602484,0.2050280691422567,1,False
32,6,Harry Jowsey,S32_Harry Jowsey __ Rylee Arnold,29.0,0.1323169410419035,9,2,11,0.0900621118012422,0.2223790528431457,1,False
32,6,Jason Mraz,S32_Jason Mraz __ Daniella Karagach,39.0,0.1300422892546695,3,3,6,0.1211180124223602,0.2511603016770297,1,False
32,6,Lele Pons,S32_Lele Pons __ Brandon Armstrong,37.0,0.1133057669713449,5,5,10,0.1149068322981366,0.2282125992694815,1,False
32,6,Mauricio Umansky,S32_Mauricio Umansky __ Emma Slater,33.0,0.1115008686909186,6,6,12,0.1024844720496894,0.213985340740608,1,False
32,6,Xochitl Gomez,S32_Xochitl Gomez __ Valentin Chmerkovskiy,42.0,0.0755131268084548,1,9,10,0.1304347826086956,0.2059479094171504,1,False
32,7,Alyson Hannigan,S32_Alyson Hannigan __ Sasha Farber,35.0,0.1519726184289407,6,3,9,0.1241134751773049,0.2760860936062456,1,False
32,7,Ariana Madix,S32_Ariana Madix __ Pasha Pashkov,37.0,0.1003714078022137,1,6,7,0.1312056737588652,0.2315770815610789,1,False
32,7,Barry Williams,S32_Barry Williams __ Peta Murgatroyd,32.5,0.1723238622516486,7,2,9,0.1152482269503546,0.2875720892020032,1,False
32,7,Charity Lawson,S32_Charity Lawson __ Artem Chigvintsev,36.0,0.1054230986765304,4,4,8,0.1276595744680851,0.2330826731446155,1,False
32,7,Harry Jowsey,S32_Harry Jowsey __ Rylee Arnold,32.0,0.1785778695990239,8,1,9,0.1134751773049645,0.2920530469039884,1,False
32,7,Jason Mraz,S32_Jason Mraz __ Daniella Karagach,36.0,0.1025416550123059,5,5,10,0.1276595744680851,0.230201229480391,1,False
32,7,Lele Pons,S32_Lele Pons __ Brandon Armstrong,36.5,0.0963312616718833,3,7,10,0.1294326241134751,0.2257638857853584,1,False
32,7,Xochitl Gomez,S32_Xochitl Gomez __ Valentin Chmerkovskiy,37.0,0.092458226557453,2,8,10,0.1312056737588652,0.2236639003163182,1,False
32,8,Alyson Hannigan,S32_Alyson Hannigan __ Sasha Farber,36.0,0.1841125260990644,4,2,6,0.1422924901185771,0.3264050162176415,1,False
32,8,Ariana Madix,S32_Ariana Madix __ Pasha Pashkov,42.0,0.0836204278950686,1,6,7,0.1660079051383399,0.2496283330334085,1,False
32,8,Barry Williams,S32_Barry Williams __ Peta Murgatroyd,35.0,0.1422373200334104,5,5,10,0.1383399209486166,0.280577240982027,1,False
32,8,Charity Lawson,S32_Charity Lawson __ Artem Chigvintsev,39.0,0.1451678064867084,3,4,7,0.1541501976284585,0.2993180041151669,1,False
32,8,Harry Jowsey,S32_Harry Jowsey __ Rylee Arnold,28.0,0.2451876261947495,7,1,8,0.1106719367588932,0.3558595629536427,1,False
32,8,Jason Mraz,S32_Jason Mraz __ Daniella Karagach,33.0,0.1490054307298701,6,3,9,0.1304347826086956,0.2794402133385657,1,False
32,8,Xochitl Gomez,S32_Xochitl Gomez __ Valentin Chmerkovskiy,40.0,0.0506688625611282,2,7,9,0.1581027667984189,0.2087716293595471,1,False
32,9,Alyson Hannigan,S32_Alyson Hannigan __ Sasha Farber,32.0,0.2324233254410373,5,1,6,0.1447963800904977,0.377219705531535,1,False
32,9,Ariana Madix,S32_Ariana Madix __ Pasha Pashkov,37.0,0.0897458523515711,4,5,9,0.167420814479638,0.2571666668312091,1,False
32,9,Charity Lawson,S32_Charity Lawson __ Artem Chigvintsev,38.0,0.175439150070894,3,4,7,0.171945701357466,0.34738485142836,1,False
32,9,Harry Jowsey,S32_Harry Jowsey __ Rylee Arnold,30.0,0.2118394154884244,6,3,9,0.1357466063348416,0.347586021823266,1,False
32,9,Jason Mraz,S32_Jason Mraz __ Daniella Karagach,43.0,0.2188618505819702,1,2,3,0.1945701357466063,0.4134319863285765,1,False
32,9,Xochitl Gomez,S32_Xochitl Gomez __ Valentin Chmerkovskiy,41.0,0.0716904060661028,2,6,8,0.1855203619909502,0.257210768057053,1,False
32,10,Alyson Hannigan,S32_Alyson Hannigan __ Sasha Farber,25.5,0.2834385919447575,5,1,6,0.1789473684210526,0.4623859603658101,1,False
32,10,Ariana Madix,S32_Ariana Madix __ Pasha Pashkov,29.0,0.1591088260599062,3,4,7,0.2035087719298245,0.3626175979897307,1,False
32,10,Charity Lawson,S32_Charity Lawson __ Artem Chigvintsev,29.5,0.1824910105088723,2,3,5,0.2070175438596491,0.3895085543685214,1,False
32,10,Jason Mraz,S32_Jason Mraz __ Daniella Karagach,28.5,0.2567689564857376,4,2,6,0.2,0.4567689564857376,1,False
32,10,Xochitl Gomez,S32_Xochitl Gomez __ Valentin Chmerkovskiy,30.0,0.1181926150007263,1,5,6,0.2105263157894736,0.3287189307902,1,False
33,8,Chandler Kinney,S33_Chandler Kinney __ Brandon Armstrong,29.0,0.1408256272593286,1,4,5,0.2071428571428571,0.3479684844021857,1,False
33,8,Danny Amendola,S33_Danny Amendola __ Witney Carson,27.0,0.2048621820470253,4,3,7,0.1928571428571428,0.3977193249041681,1,False
33,8,Ilona Maher,S33_Ilona Maher __ Alan Bersten,28.5,0.2915288495286571,3,1,4,0.2035714285714285,0.4951002781000856,1,False
33,8,Joey Graziadei,S33_Joey Graziadei __ Jenna Johnson,29.0,0.1356223275976988,2,5,7,0.2071428571428571,0.3427651847405559,1,False
33,8,Stephen Nedoroscik,S33_Stephen Nedoroscik __ Rylee Arnold,26.5,0.2271610135672903,5,2,7,0.1892857142857142,0.4164467278530046,1,False
34,3,Alix Earle,S34_Alix Earle __ Val Chmerkovskiy (Joey Graziadei week 9),23.0,0.0538227219101348,3,12,15,0.0894941634241245,0.1433168853342593,2,False
34,3,Andy Richter,S34_Andy Richter __ Emma Slater __ Kaitlyn Bristowe (week 9),18.0,0.1260149244416809,11,1,12,0.0700389105058365,0.1960538349475174,2,False
34,3,Danielle Fishel,S34_Danielle Fishel __ Pasha Pashkov,21.0,0.0667388525833272,8,8,16,0.0817120622568093,0.1484509148401365,2,False
34,3,Dylan Efron,S34_Dylan Efron __ Daniella Karagach (Rumer Willis week 9),23.0,0.0996362931607875,4,3,7,0.0894941634241245,0.189130456584912,2,False
34,3,Elaine Hendrix,S34_Elaine Hendrix __ Alan Bersten (Rashad Jennings week 9),21.0,0.0573543106624634,9,11,20,0.0817120622568093,0.1390663729192727,2,False
34,3,Hilaria Baldwin,S34_Hilaria Baldwin __ Gleb Savchenko,22.0,0.1230054533309934,5,2,7,0.0856031128404669,0.2086085661714603,2,False
34,3,Jen Affleck,S34_Jen Affleck __ Jan Ravnik,19.0,0.0905081205643293,10,5,15,0.0739299610894941,0.1644380816538234,2,False
34,3,Jordan Chiles,S34_Jordan Chiles __ Ezra Sosa (Apolo Anton Ohno week 9),24.0,0.0749320613037997,1,7,8,0.0933852140077821,0.1683172753115818,2,False
34,3,Lauren Jauregui,S34_Lauren Jauregui __ Brandon Armstrong,18.0,0.0661243754663254,12,9,21,0.0700389105058365,0.1361632859721619,2,False
34,3,Robert Irwin,S34_Robert Irwin __ Witney Carson (Xoshitl Gomez week 9),22.0,0.0799549906854858,6,6,12,0.0856031128404669,0.1655581035259527,2,False
34,3,Scott Hoying,S34_Scott Hoying __ Rylee Arnold,22.0,0.0963281729660615,7,4,11,0.0856031128404669,0.1819312858065284,2,False
34,3,Whitney Leavitt,S34_Whitney Leavitt __ Mark Ballas,24.0,0.0655797229246106,2,10,12,0.0933852140077821,0.1589649369323927,2,False
34,4,Alix Earle,S34_Alix Earle __ Val Chmerkovskiy (Joey Graziadei week 9),24.0,0.0781479332548008,2,10,12,0.0967741935483871,0.1749221268031879,1,False
34,4,Andy Richter,S34_Andy Richter __ Emma Slater __ Kaitlyn Bristowe (week 9),18.0,0.1103022841423211,11,2,13,0.0725806451612903,0.1828829293036114,1,False
34,4,Danielle Fishel,S34_Danielle Fishel __ Pasha Pashkov,21.0,0.0939504155503901,9,5,14,0.0846774193548387,0.1786278349052288,1,False
34,4,Dylan Efron,S34_Dylan Efron __ Daniella Karagach (Rumer Willis week 9),23.0,0.0810164776011244,5,9,14,0.0927419354838709,0.1737584130849953,1,False
34,4,Elaine Hendrix,S34_Elaine Hendrix __ Alan Bersten (Rashad Jennings week 9),24.0,0.0857298660918262,3,7,10,0.0967741935483871,0.1825040596402133,1,False
34,4,Hilaria Baldwin,S34_Hilaria Baldwin __ Gleb Savchenko,23.0,0.0620968157518112,6,11,17,0.0927419354838709,0.1548387512356821,1,False
34,4,Jen Affleck,S34_Jen Affleck __ Jan Ravnik,23.0,0.1014993511332512,7,4,11,0.0927419354838709,0.1942412866171221,1,False
34,4,Jordan Chiles,S34_Jordan Chiles __ Ezra Sosa (Apolo Anton Ohno week 9),24.0,0.0826409548720104,4,8,12,0.0967741935483871,0.1794151484203975,1,False
34,4,Robert Irwin,S34_Robert Irwin __ Witney Carson (Xoshitl Gomez week 9),22.0,0.1027531858387208,8,3,11,0.0887096774193548,0.1914628632580756,1,False
34,4,Scott Hoying,S34_Scott Hoying __ Rylee Arnold,21.0,0.0890813974706121,10,6,16,0.0846774193548387,0.1737588168254508,1,False
34,4,Whitney Leavitt,S34_Whitney Leavitt __ Mark Ballas,25.0,0.1127813182931312,1,1,2,0.1008064516129032,0.2135877699060344,1,False
34,5,Alix Earle,S34_Alix Earle __ Val Chmerkovskiy (Joey Graziadei week 9),35.0,0.0744417927315775,2,8,10,0.1118210862619808,0.1862628789935583,1,False
34,5,Andy Richter,S34_Andy Richter __ Emma Slater __ Kaitlyn Bristowe (week 9),24.0,0.1894831940544636,10,1,11,0.0766773162939297,0.2661605103483933,1,False
34,5,Danielle Fishel,S34_Danielle Fishel __ Pasha Pashkov,29.0,0.1247928574819646,8,3,11,0.0926517571884984,0.217444614670463,1,False
34,5,Dylan Efron,S34_Dylan Efron __ Daniella Karagach (Rumer Willis week 9),36.0,0.0870233085472554,1,5,6,0.1150159744408945,0.2020392829881499,1,False
34,5,Elaine Hendrix,S34_Elaine Hendrix __ Alan Bersten (Rashad Jennings week 9),30.0,0.0516340934982409,6,10,16,0.0958466453674121,0.147480738865653,1,False
34,5,Jen Affleck,S34_Jen Affleck __ Jan Ravnik,29.0,0.0727504245121932,9,9,18,0.0926517571884984,0.1654021817006916,1,False
34,5,Jordan Chiles,S34_Jordan Chiles __ Ezra Sosa (Apolo Anton Ohno week 9),32.0,0.074643959217297,5,7,12,0.1022364217252396,0.1768803809425366,1,False
34,5,Robert Irwin,S34_Robert Irwin __ Witney Carson (Xoshitl Gomez week 9),35.0,0.0777291053989493,3,6,9,0.1118210862619808,0.1895501916609301,1,False
34,5,Scott Hoying,S34_Scott Hoying __ Rylee Arnold,30.0,0.1391383716265481,7,2,9,0.0958466453674121,0.2349850169939602,1,False
34,5,Whitney Leavitt,S34_Whitney Leavitt __ Mark Ballas,33.0,0.10836289293151,4,4,8,0.1054313099041533,0.2137942028356633,1,False
34,7,Alix Earle,S34_Alix Earle __ Val Chmerkovskiy (Joey Graziadei week 9),43.0,0.0782968600587205,1,7,8,0.1295180722891566,0.2078149323478771,1,False
34,7,Andy Richter,S34_Andy Richter __ Emma Slater __ Kaitlyn Bristowe (week 9),29.0,0.2159430640676057,9,1,10,0.0873493975903614,0.3032924616579671,1,False
34,7,Danielle Fishel,S34_Danielle Fishel __ Pasha Pashkov,35.0,0.1271797289577586,6,3,9,0.1054216867469879,0.2326014157047465,1,False
34,7,Dylan Efron,S34_Dylan Efron __ Daniella Karagach (Rumer Willis week 9),38.0,0.1336383445528342,4,2,6,0.1144578313253012,0.2480961758781353,1,False
34,7,Elaine Hendrix,S34_Elaine Hendrix __ Alan Bersten (Rashad Jennings week 9),32.0,0.1044735853193742,8,5,13,0.0963855421686747,0.2008591274880489,1,False
34,7,Jen Affleck,S34_Jen Affleck __ Jan Ravnik,34.0,0.0813052563708129,7,6,13,0.1024096385542168,0.1837148949250297,1,False
34,7,Jordan Chiles,S34_Jordan Chiles __ Ezra Sosa (Apolo Anton Ohno week 9),38.0,0.0733444173745419,5,8,13,0.1144578313253012,0.1878022486998431,1,False
34,7,Robert Irwin,S34_Robert Irwin __ Witney Carson (Xoshitl Gomez week 9),41.0,0.1251700872727182,3,4,7,0.1234939759036144,0.2486640631763326,1,False
34,7,Whitney Leavitt,S34_Whitney Leavitt __ Mark Ballas,42.0,0.0606486560256335,2,9,11,0.1265060240963855,0.187154680122019,1,False
34,8,Alix Earle,S34_Alix Earle __ Val Chmerkovskiy (Joey Graziadei week 9),38.5,0.0877904370888857,3,6,9,0.1276948590381426,0.2154852961270283,1,False
34,8,Andy Richter,S34_Andy Richter __ Emma Slater __ Kaitlyn Bristowe (week 9),34.0,0.1928321616869858,8,1,9,0.1127694859038142,0.3056016475908,1,False
34,8,Danielle Fishel,S34_Danielle Fishel __ Pasha Pashkov,37.0,0.1433075351915458,7,4,11,0.1227197346600331,0.266027269851579,1,False
34,8,Dylan Efron,S34_Dylan Efron __ Daniella Karagach (Rumer Willis week 9),38.0,0.1426223061834865,4,5,9,0.1260364842454394,0.268658790428926,1,False
34,8,Elaine Hendrix,S34_Elaine Hendrix __ Alan Bersten (Rashad Jennings week 9),37.5,0.1467255584904567,6,2,8,0.1243781094527363,0.271103667943193,1,False
34,8,Jordan Chiles,S34_Jordan Chiles __ Ezra Sosa (Apolo Anton Ohno week 9),39.0,0.0751792369495254,2,7,9,0.1293532338308457,0.2045324707803711,1,False
34,8,Robert Irwin,S34_Robert Irwin __ Witney Carson (Xoshitl Gomez week 9),38.0,0.145822433747624,5,3,8,0.1260364842454394,0.2718589179930635,1,False
34,8,Whitney Leavitt,S34_Whitney Leavitt __ Mark Ballas,39.5,0.0657203306614896,1,8,9,0.1310116086235489,0.1967319392850385,1,False
34,9,Alix Earle,S34_Alix Earle __ Val Chmerkovskiy (Joey Graziadei week 9),40.0,0.1014321159268898,4,6,10,0.1481481481481481,0.2495802640750379,1,False
34,9,Andy Richter,S34_Andy Richter __ Emma Slater __ Kaitlyn Bristowe (week 9),29.0,0.1560775340622488,7,4,11,0.1074074074074074,0.2634849414696562,1,False
34,9,Dylan Efron,S34_Dylan Efron __ Daniella Karagach (Rumer Willis week 9),42.0,0.1748491661009255,1,1,2,0.1555555555555555,0.330404721656481,1,False
34,9,Elaine Hendrix,S34_Elaine Hendrix __ Alan Bersten (Rashad Jennings week 9),36.0,0.164496953341347,6,3,9,0.1333333333333333,0.2978302866746803,1,False
34,9,Jordan Chiles,S34_Jordan Chiles __ Ezra Sosa (Apolo Anton Ohno week 9),39.0,0.1446608083721462,5,5,10,0.1444444444444444,0.2891052528165906,1,False
34,9,Robert Irwin,S34_Robert Irwin __ Witney Carson (Xoshitl Gomez week 9),42.0,0.1694474288936207,2,2,4,0.1555555555555555,0.3250029844491762,1,False
34,9,Whitney Leavitt,S34_Whitney Leavitt __ Mark Ballas,42.0,0.0890359933028216,3,7,10,0.1555555555555555,0.2445915488583771,1,False
34,10,Alix Earle,S34_Alix Earle __ Val Chmerkovskiy (Joey Graziadei week 9),29.0,0.1129061929087057,2,5,7,0.1686046511627907,0.2815108440714964,1,False
34,10,Dylan Efron,S34_Dylan Efron __ Daniella Karagach (Rumer Willis week 9),27.5,0.1948087910542126,6,2,8,0.1598837209302325,0.3546925119844452,1,False
34,10,Elaine Hendrix,S34_Elaine Hendrix __ Alan Bersten (Rashad Jennings week 9),28.5,0.2481596273727692,4,1,5,0.1656976744186046,0.4138573017913738,1,False
34,10,Jordan Chiles,S34_Jordan Chiles __ Ezra Sosa (Apolo Anton Ohno week 9),28.5,0.1447998838824139,5,4,9,0.1656976744186046,0.3104975583010185,1,False
34,10,Robert Irwin,S34_Robert Irwin __ Witney Carson (Xoshitl Gomez week 9),29.5,0.1886797810976845,1,3,4,0.1715116279069767,0.3601914090046612,1,False
34,10,Whitney Leavitt,S34_Whitney Leavitt __ Mark Ballas,29.0,0.1106457236842139,3,6,9,0.1686046511627907,0.2792503748470046,1,False
